touches	repo	path
71	pretext-field	src/layout.ts
45	pretext-field	src/layout.test.ts
39	tractor-dce-gyo	index.html
32	pretext-field	pages/corpus.ts
29	moto	VOLHOLLA/index.html
28	moto	VOLHOLLA/song-page.js
27	moto	mandalla.html
27	island-ecology	BEES ON A TRAIN/twine-bridge.html
26	moto	index.html
26	moto	VOLHOLLA/album-page.js
25	moto	op2.html
24	core-age	courage-genome.html
22	pretext-field	pages/benchmark.ts
20	moto	mandalla-deck.html
16	tractor-dce-gyo	wag-viewer-prime-integration-20251112-055341 copy/wag-courage.html
16	moto	mandalla-deck-ns.html
15	moto	mandalla-ns.html
14	pretext-field	scripts/corpus-font-matrix.ts
14	pretext-field	scripts/corpus-check.ts
14	pretext-field	pages/probe.ts
13	pretext-field	src/line-break.ts
13	pretext-field	pages/demos/golden-egg.ts
12	pretext-field	scripts/browser-automation.ts
12	pretext-field	pages/logo-columns.ts
12	latent-sculptor	src/components/latent-sculptor/sidebar.tsx
11	sense-ritual	aaa.html
11	ripples	index.html
11	pretext-field	src/analysis.ts
11	latent-sculptor	src/components/latent-sculptor/latent-sculptor-page.tsx
10	pretext-field	scripts/corpus-sweep.ts
10	pretext-field	pages/gatsby.ts
10	core-age	sequence_genome.js
10	abc-flix	index.html
9	pretext-field	scripts/probe-check.ts
9	pretext-field	scripts/gatsby-sweep.ts
9	pretext-field	pages/demos/masonry/index.ts
9	pretext-field	pages/demos/index.html
9	pretext-field	pages/demos/dynamic-layout.ts
9	ethics-infrastructure	index.html
8	pretext-field	pages/logo-columns.html
8	pretext-field	pages/dynamic-layout.ts
8	pretext-field	pages/demos/editorial-engine.ts
7	tractor-dce-gyo	wag-viewer-prime-integration-20251112-055341 copy/wag-grace-editor.html
7	tractor-dce-gyo	swiss-frank-grace-studio.html
7	pretext-field	scripts/gatsby-check.ts
7	pretext-field	scripts/benchmark-check.ts
7	pretext-field	pages/demos/golden-egg.html
7	pretext-field	pages/bubbles.ts
7	latent-sculptor	src/components/latent-sculptor/pipeline-visualizer.tsx
7	latent-sculptor	src/components/latent-sculptor/parameter-node.tsx
7	latent-sculptor	src/ai/flows/image-generation-flow.ts
7	acm	index.html
7	1000-small-futures	index.html
6	tractor-dce-gyo	wag-master.html
6	sense-ritual	garden.html
6	sense-ritual	STONE/swipe-quartz-frag-04.html
6	pretext-field	scripts/start.ts
6	pretext-field	scripts/corpus-representative.ts
6	pretext-field	pages/demos/bubbles.html
6	moto	VOLHOLLA/album-page.css
6	momsaic	sanko-00.html
6	latent-sculptor	next.config.ts
6	core-age	index.html
6	core-age	courage-trail-olog.html
6	abc-flix	icaro-pro.html
6	abc-flix	harness.html
5	tractor-dce-gyo	wag-were.html
5	tractor-dce-gyo	wag-viewer-prime-integration-20251112-055341 copy/beta-prime-engine.js
5	tractor-dce-gyo	wag-viewer-prime-integration-20251112-055341 copy/assembly-line.html
5	tractor-dce-gyo	mento-369.html
5	tractor-dce-gyo	Brickfilm_Studio_Kit/REALITY MEDIA_MOMENTO/momento.html
5	smith-deck	index.html
5	sense-ritual	index.html
5	prompt-smith	index.html
5	pretext-field	src/measurement.ts
5	pretext-field	src/measure-harfbuzz.ts
5	pretext-field	scripts/pre-wrap-check.ts
5	pretext-field	pages/sync.ts
5	pretext-field	pages/demos/editorial-engine.html
5	pretext-field	pages/demo.ts
5	moto	VOLHOLLA/song-page.css
5	meets	index.html
5	k2.html	index.html
5	jdb-ripple-remix	index.html
5	hyperclay-editor	son-mod-20.html
5	fourth-shield	index.html
5	core-age	pattern-glossary.html
5	acm	protocols/ey-03-deck.html
5	abc-flix	icaro-ripple.html
5	abc-flix	icaro-pro-bus.html
4	wh-ripple	orange-grid-viewer.html
4	wh-ripple	live-demos.html
4	wag-gallery	wag-gold-gallery.html
4	tractor-dce-gyo	wag-viewer-prime-integration-20251112-055341 copy/swiss-docs.html
4	tractor-dce-gyo	onyx-thumb.html
4	tractor-dce-gyo	mento-368.html
4	tractor-dce-gyo	Brickfilm_Studio_Kit/REALITY MEDIA_MOMENTO/momento_capture_app.js
4	synesthetic-flux-console	superflux.html
4	ripples	orca-shield-23.html
4	ripples	orca-shield-18.html
4	ripples	orca-moss-16.html
4	ripples	orca-docs.html
4	pretext-field	src/test-data.ts
4	pretext-field	pages/line-utils.ts
4	pretext-field	pages/demos/index-cave.html
4	pretext-field	pages/demos/bubbles.ts
4	pretext-field	pages/demo.html
4	pretext-field	pages/columns.ts
4	pretext-field	pages/benchmark.html
4	pretext-field	index.html
4	novus-groove	new-bone.html
4	novus-groove	imc-00.html
4	moto	nab-fol.html
4	moto	VOLHOLLA/song-solar-18.html
4	moto	VOLHOLLA/song-solar-08.html
4	moto	VOLHOLLA/song-noservice-17.html
4	moto	VOLHOLLA/song-noservice-16.html
4	moto	VOLHOLLA/song-noservice-15.html
4	moto	VOLHOLLA/song-noservice-14.html
4	moto	VOLHOLLA/song-noservice-13.html
4	moto	VOLHOLLA/song-noservice-12.html
4	moto	VOLHOLLA/song-noservice-11.html
4	moto	VOLHOLLA/song-noservice-10.html
4	moto	VOLHOLLA/song-noservice-09.html
4	moto	VOLHOLLA/song-noservice-08.html
4	moto	VOLHOLLA/song-noservice-07.html
4	moto	VOLHOLLA/song-noservice-06.html
4	moto	VOLHOLLA/song-noservice-05.html
4	moto	VOLHOLLA/song-noservice-04.html
4	moto	VOLHOLLA/song-noservice-03.html
4	moto	VOLHOLLA/song-noservice-02.html
4	moto	VOLHOLLA/song-noservice-01.html
4	moto	VOLHOLLA/song-clinical-06.html
4	moto	VOLHOLLA/song-clinical-05.html
4	moto	VOLHOLLA/song-clinical-04.html
4	moto	VOLHOLLA/song-clinical-03.html
4	moto	VOLHOLLA/song-clinical-02.html
4	moto	VOLHOLLA/song-clinical-01.html
4	momsaic	bflix-cell.html
4	latent-sculptor	src/app/layout.tsx
4	latent-sculptor	src/ai/dev.ts
4	imc	index.html
4	holo-project	index.html
4	holo-project	holo-project.html
4	gob	worldtext-completions-mobile.html
4	gob	index.html
4	gaze	worldtext-completions-mobile.html
4	gaze	index.html
4	func-sub	func-index.html
4	fourth-shield	crisis/index.html
4	ethics-infrastructure	igo.html
4	atg-3	index.html
4	abc-flix	c-bus.html
4	1000-small-futures	CARTRIDGE_BROWSER.html
3	wave	index.html
3	tractor-dce-gyo	worldinator.html
3	tractor-dce-gyo	wag-work.html
3	tractor-dce-gyo	wag-viewer-prime-integration-20251112-055341 copy/swiss-designator.html
3	tractor-dce-gyo	wag-viewer-prime-integration-20251112-055341 copy/examples/js/loaders/LDrawLoader.js
3	tractor-dce-gyo	wag-symbiogene.html
3	tractor-dce-gyo	wag-frank.html
3	tractor-dce-gyo	trubador-suite.html
3	tractor-dce-gyo	onyx-tail.html
3	tractor-dce-gyo	onyx-abs.html
3	tractor-dce-gyo	minifigurator-02.html
3	tractor-dce-gyo	homer.html
3	tractor-dce-gyo	brick-grid-family.html
3	the-republic	treatment.html
3	the-republic	screenplay-assembly.html
3	the-republic	onyx-rep.html
3	the-republic	compare.html
3	text-ure	text-ure-nexus.html
3	text-ure	index.html
3	synesthetic-flux-console	index.html
3	sympathetic-magic	view-02.html
3	sympathetic-magic	index.html
3	smith-deck	index-min.html
3	sense-ritual	time-alley.html
3	sense-ritual	swipe.html
3	sense-ritual	cut.html
3	role-deck	courage-trail-olog.html
3	role-deck	HUB.html
3	ripples	orca-shield-25.html
3	ripples	orca-shield-22.html
3	ripples	orca-shield-21.html
3	ripples	orca-shield-17.html
3	ripples	orca-08.html
3	prompt-smith	index-min.html
3	pretext-field	src/harfbuzz-types.ts
3	pretext-field	scripts/corpus-status.ts
3	pretext-field	pages/diagnostic-utils.ts
3	pretext-field	pages/demos/justification-comparison.ts
3	pretext-field	pages/demos/justification-comparison.html
3	pretext-field	pages/demos/dynamic-layout.html
3	pretext-field	pages/chronicle.ts
3	pretext-field	pages/chronicle.html
3	pretext-field	pages/blob-lab.ts
3	operation-describe	worldtext-reader.html
3	moto	mem.html
3	moto	man-mix.html
3	moto	mall-time.html
3	moto	VOLHOLLA/song-volholla-16.html
3	moto	VOLHOLLA/song-volholla-15.html
3	moto	VOLHOLLA/song-volholla-14.html
3	moto	VOLHOLLA/song-volholla-13.html
3	moto	VOLHOLLA/song-volholla-12.html
3	moto	VOLHOLLA/song-volholla-11.html
3	moto	VOLHOLLA/song-volholla-10.html
3	moto	VOLHOLLA/song-volholla-09.html
3	moto	VOLHOLLA/song-volholla-08.html
3	moto	VOLHOLLA/song-volholla-07.html
3	moto	VOLHOLLA/song-volholla-06.html
3	moto	VOLHOLLA/song-volholla-05.html
3	moto	VOLHOLLA/song-volholla-04.html
3	moto	VOLHOLLA/song-volholla-03.html
3	moto	VOLHOLLA/song-volholla-02.html
3	moto	VOLHOLLA/song-volholla-01.html
3	moto	VOLHOLLA/song-solar-19.html
3	moto	VOLHOLLA/song-solar-17.html
3	moto	VOLHOLLA/song-solar-16.html
3	moto	VOLHOLLA/song-solar-15.html
3	moto	VOLHOLLA/song-solar-14.html
3	moto	VOLHOLLA/song-solar-13.html
3	moto	VOLHOLLA/song-solar-12.html
3	moto	VOLHOLLA/song-solar-11.html
3	moto	VOLHOLLA/song-solar-10.html
3	moto	VOLHOLLA/song-solar-09.html
3	moto	VOLHOLLA/song-solar-07.html
3	moto	VOLHOLLA/song-solar-06.html
3	moto	VOLHOLLA/song-solar-05.html
3	moto	VOLHOLLA/song-solar-04.html
3	moto	VOLHOLLA/song-solar-03.html
3	moto	VOLHOLLA/song-solar-02.html
3	moto	VOLHOLLA/song-solar-01.html
3	moto	VOLHOLLA/song-river-19.html
3	moto	VOLHOLLA/song-river-18.html
3	moto	VOLHOLLA/song-river-17.html
3	moto	VOLHOLLA/song-river-16.html
3	moto	VOLHOLLA/song-river-15.html
3	moto	VOLHOLLA/song-river-14.html
3	moto	VOLHOLLA/song-river-13.html
3	moto	VOLHOLLA/song-river-12.html
3	moto	VOLHOLLA/song-river-11.html
3	moto	VOLHOLLA/song-river-10.html
3	moto	VOLHOLLA/song-river-09.html
3	moto	VOLHOLLA/song-river-08.html
3	moto	VOLHOLLA/song-river-07.html
3	moto	VOLHOLLA/song-river-06.html
3	moto	VOLHOLLA/song-river-05.html
3	moto	VOLHOLLA/song-river-04.html
3	moto	VOLHOLLA/song-river-03.html
3	moto	VOLHOLLA/song-river-02.html
3	moto	VOLHOLLA/song-river-01.html
3	moto	VOLHOLLA/song-moto-11.html
3	moto	VOLHOLLA/song-moto-10.html
3	moto	VOLHOLLA/song-moto-09.html
3	moto	VOLHOLLA/song-moto-08.html
3	moto	VOLHOLLA/song-moto-07.html
3	moto	VOLHOLLA/song-moto-06.html
3	moto	VOLHOLLA/song-moto-05.html
3	moto	VOLHOLLA/song-moto-04.html
3	moto	VOLHOLLA/song-moto-03.html
3	moto	VOLHOLLA/song-moto-02.html
3	moto	VOLHOLLA/song-moto-01.html
3	moto	VOLHOLLA/song-mitte-19.html
3	moto	VOLHOLLA/song-mitte-18.html
3	moto	VOLHOLLA/song-mitte-17.html
3	moto	VOLHOLLA/song-mitte-16.html
3	moto	VOLHOLLA/song-mitte-15.html
3	moto	VOLHOLLA/song-mitte-14.html
3	moto	VOLHOLLA/song-mitte-13.html
3	moto	VOLHOLLA/song-mitte-12.html
3	moto	VOLHOLLA/song-mitte-11.html
3	moto	VOLHOLLA/song-mitte-10.html
3	moto	VOLHOLLA/song-mitte-09.html
3	moto	VOLHOLLA/song-mitte-08.html
3	moto	VOLHOLLA/song-mitte-07.html
3	moto	VOLHOLLA/song-mitte-06.html
3	moto	VOLHOLLA/song-mitte-05.html
3	moto	VOLHOLLA/song-mitte-04.html
3	moto	VOLHOLLA/song-mitte-03.html
3	moto	VOLHOLLA/song-mitte-02.html
3	moto	VOLHOLLA/song-mitte-01.html
3	moto	VOLHOLLA/song-mall-54.html
3	moto	VOLHOLLA/song-mall-53.html
3	moto	VOLHOLLA/song-mall-52.html
3	moto	VOLHOLLA/song-mall-51.html
3	moto	VOLHOLLA/song-mall-50.html
3	moto	VOLHOLLA/song-mall-49.html
3	moto	VOLHOLLA/song-mall-48.html
3	moto	VOLHOLLA/song-mall-47.html
3	moto	VOLHOLLA/song-mall-46.html
3	moto	VOLHOLLA/song-mall-45.html
3	moto	VOLHOLLA/song-mall-44.html
3	moto	VOLHOLLA/song-mall-43.html
3	moto	VOLHOLLA/song-mall-42.html
3	moto	VOLHOLLA/song-mall-41.html
3	moto	VOLHOLLA/song-mall-40.html
3	moto	VOLHOLLA/song-mall-39.html
3	moto	VOLHOLLA/song-mall-38.html
3	moto	VOLHOLLA/song-mall-37.html
3	moto	VOLHOLLA/song-mall-36.html
3	moto	VOLHOLLA/song-mall-35.html
3	moto	VOLHOLLA/song-mall-34.html
3	moto	VOLHOLLA/song-mall-33.html
3	moto	VOLHOLLA/song-mall-32.html
3	moto	VOLHOLLA/song-mall-31.html
3	moto	VOLHOLLA/song-mall-30.html
3	moto	VOLHOLLA/song-mall-29.html
3	moto	VOLHOLLA/song-mall-28.html
3	moto	VOLHOLLA/song-mall-27.html
3	moto	VOLHOLLA/song-mall-26.html
3	moto	VOLHOLLA/song-mall-25.html
3	moto	VOLHOLLA/song-mall-24.html
3	moto	VOLHOLLA/song-mall-23.html
3	moto	VOLHOLLA/song-mall-22.html
3	moto	VOLHOLLA/song-mall-21.html
3	moto	VOLHOLLA/song-mall-20.html
3	moto	VOLHOLLA/song-mall-19.html
3	moto	VOLHOLLA/song-mall-18.html
3	moto	VOLHOLLA/song-mall-17.html
3	moto	VOLHOLLA/song-mall-16.html
3	moto	VOLHOLLA/song-mall-15.html
3	moto	VOLHOLLA/song-mall-14.html
3	moto	VOLHOLLA/song-mall-13.html
3	moto	VOLHOLLA/song-mall-12.html
3	moto	VOLHOLLA/song-mall-11.html
3	moto	VOLHOLLA/song-mall-10.html
3	moto	VOLHOLLA/song-mall-09.html
3	moto	VOLHOLLA/song-mall-08.html
3	moto	VOLHOLLA/song-mall-07.html
3	moto	VOLHOLLA/song-mall-06.html
3	moto	VOLHOLLA/song-mall-05.html
3	moto	VOLHOLLA/song-mall-04.html
3	moto	VOLHOLLA/song-mall-03.html
3	moto	VOLHOLLA/song-mall-02.html
3	moto	VOLHOLLA/song-mall-01.html
3	moto	VOLHOLLA/song-loom-15.html
3	moto	VOLHOLLA/song-loom-14.html
3	moto	VOLHOLLA/song-loom-13.html
3	moto	VOLHOLLA/song-loom-12.html
3	moto	VOLHOLLA/song-loom-11.html
3	moto	VOLHOLLA/song-loom-10.html
3	moto	VOLHOLLA/song-loom-09.html
3	moto	VOLHOLLA/song-loom-08.html
3	moto	VOLHOLLA/song-loom-07.html
3	moto	VOLHOLLA/song-loom-06.html
3	moto	VOLHOLLA/song-loom-05.html
3	moto	VOLHOLLA/song-loom-04.html
3	moto	VOLHOLLA/song-loom-03.html
3	moto	VOLHOLLA/song-loom-02.html
3	moto	VOLHOLLA/song-loom-01.html
3	moto	VOLHOLLA/song-jukebox-11.html
3	moto	VOLHOLLA/song-jukebox-10.html
3	moto	VOLHOLLA/song-jukebox-09.html
3	moto	VOLHOLLA/song-jukebox-08.html
3	moto	VOLHOLLA/song-jukebox-07.html
3	moto	VOLHOLLA/song-jukebox-06.html
3	moto	VOLHOLLA/song-jukebox-05.html
3	moto	VOLHOLLA/song-jukebox-04.html
3	moto	VOLHOLLA/song-jukebox-03.html
3	moto	VOLHOLLA/song-jukebox-02.html
3	moto	VOLHOLLA/song-jukebox-01.html
3	moto	VOLHOLLA/song-elephant-10.html
3	moto	VOLHOLLA/song-elephant-09.html
3	moto	VOLHOLLA/song-elephant-08.html
3	moto	VOLHOLLA/song-elephant-07.html
3	moto	VOLHOLLA/song-elephant-06.html
3	moto	VOLHOLLA/song-elephant-05.html
3	moto	VOLHOLLA/song-elephant-04.html
3	moto	VOLHOLLA/song-elephant-03.html
3	moto	VOLHOLLA/song-elephant-02.html
3	moto	VOLHOLLA/song-elephant-01.html
3	moto	VOLHOLLA/song-cypher-16.html
3	moto	VOLHOLLA/song-cypher-14.html
3	moto	VOLHOLLA/song-cypher-13.html
3	moto	VOLHOLLA/song-cypher-12.html
3	moto	VOLHOLLA/song-cypher-11.html
3	moto	VOLHOLLA/song-cypher-09.html
3	moto	VOLHOLLA/song-cypher-08.html
3	moto	VOLHOLLA/song-cyber-27.html
3	moto	VOLHOLLA/song-cyber-26.html
3	moto	VOLHOLLA/song-cyber-25.html
3	moto	VOLHOLLA/song-cyber-24.html
3	moto	VOLHOLLA/song-cyber-23.html
3	moto	VOLHOLLA/song-cyber-22.html
3	moto	VOLHOLLA/song-cyber-21.html
3	moto	VOLHOLLA/song-cyber-20.html
3	moto	VOLHOLLA/song-cyber-19.html
3	moto	VOLHOLLA/song-cyber-18.html
3	moto	VOLHOLLA/song-cyber-17.html
3	moto	VOLHOLLA/song-cyber-16.html
3	moto	VOLHOLLA/song-cyber-15.html
3	moto	VOLHOLLA/song-cyber-14.html
3	moto	VOLHOLLA/song-cyber-13.html
3	moto	VOLHOLLA/song-cyber-12.html
3	moto	VOLHOLLA/song-cyber-11.html
3	moto	VOLHOLLA/song-cyber-10.html
3	moto	VOLHOLLA/song-cyber-09.html
3	moto	VOLHOLLA/song-cyber-08.html
3	moto	VOLHOLLA/song-cyber-07.html
3	moto	VOLHOLLA/song-cyber-06.html
3	moto	VOLHOLLA/song-cyber-05.html
3	moto	VOLHOLLA/song-cyber-04.html
3	moto	VOLHOLLA/song-cyber-03.html
3	moto	VOLHOLLA/song-cyber-02.html
3	moto	VOLHOLLA/song-cyber-01.html
3	moto	VOLHOLLA/song-crossroads-22.html
3	moto	VOLHOLLA/song-crossroads-21.html
3	moto	VOLHOLLA/song-crossroads-20.html
3	moto	VOLHOLLA/song-crossroads-19.html
3	moto	VOLHOLLA/song-crossroads-18.html
3	moto	VOLHOLLA/song-crossroads-17.html
3	moto	VOLHOLLA/song-crossroads-16.html
3	moto	VOLHOLLA/song-crossroads-15.html
3	moto	VOLHOLLA/song-crossroads-14.html
3	moto	VOLHOLLA/song-crossroads-13.html
3	moto	VOLHOLLA/song-crossroads-12.html
3	moto	VOLHOLLA/song-crossroads-11.html
3	moto	VOLHOLLA/song-crossroads-10.html
3	moto	VOLHOLLA/song-crossroads-09.html
3	moto	VOLHOLLA/song-crossroads-08.html
3	moto	VOLHOLLA/song-crossroads-07.html
3	moto	VOLHOLLA/song-crossroads-06.html
3	moto	VOLHOLLA/song-crossroads-05.html
3	moto	VOLHOLLA/song-crossroads-04.html
3	moto	VOLHOLLA/song-crossroads-03.html
3	moto	VOLHOLLA/song-crossroads-02.html
3	moto	VOLHOLLA/song-crossroads-01.html
3	moto	VOLHOLLA/song-concreto-11.html
3	moto	VOLHOLLA/song-concreto-10.html
3	moto	VOLHOLLA/song-concreto-05.html
3	meets	slideshow.html
3	liquid-bridge	index.html
3	latent-sculptor	src/components/latent-sculptor/types.ts
3	latent-sculptor	src/components/latent-sculptor/node-canvas.tsx
3	latent-sculptor	src/components/latent-sculptor/header.tsx
3	latent-sculptor	src/ai/client-side-generation.ts
3	jdb-ripple-remix	ripple-engine.html
3	island-ecology	BEES ON A TRAIN/skill-analyzer.html
3	island-ecology	ARCADE/twine-bridge.html
3	island-ecology	ARCADE/data.js
3	iran-sugarscape-abm	index.html
3	holo-project	holo-talk.html
3	golden-river	golden-remote.html
3	func-sub	func-orb-training.html
3	forkit	index.html
3	feedfall	index.html
3	dust-empire	index.html
3	bifurcator	index.html
3	atg-3	SHUFFLE/forager/rocky-forager.html
3	acm	design-history.html
3	abc-flix	SWARMS/index.html
3	1000-small-futures	thousand-tetrad.html
2	witt	index.html
2	witt	index-old.html
2	witt	index-baskerville.html
2	wh-ripple	index.html
2	wh-ripple	analyze-themes.py
2	wave	sw-01.html
2	wa	ldraw-separate-objects.js
2	wa	index.html
2	vibe-crates	index.html
2	venn-32	index.html
2	tractor-dce-gyo	wag00.html
2	tractor-dce-gyo	wag-viewer-prime-integration-20251112-055341 copy/wag-gold-editor.html
2	tractor-dce-gyo	wag-viewer-prime-integration-20251112-055341 copy/wag-brave.html
2	tractor-dce-gyo	wag-viewer-prime-integration-20251112-055341 copy/index.html
2	tractor-dce-gyo	vehiculator.html
2	tractor-dce-gyo	taxonomizer.html
2	tractor-dce-gyo	sitemap-manifold-03.html
2	tractor-dce-gyo	sceneerator.html
2	tractor-dce-gyo	movieator.html
2	tractor-dce-gyo	minifigurator.html
2	tractor-dce-gyo	mento-373.html
2	tractor-dce-gyo	locationator.html
2	tractor-dce-gyo	lgi-brickbender.html
2	tractor-dce-gyo	hyper-grid-00.html
2	tractor-dce-gyo	grecian-urn.html
2	tractor-dce-gyo	courage-were-studio.html
2	tractor-dce-gyo	brickbender-philosophy.html
2	tractor-dce-gyo	brick-grid-fam-01.html
2	tractor-dce-gyo	brick-branch.html
2	tractor-dce-gyo	brick-architect.html
2	tractor-dce-gyo	beta-prime-engine.js
2	tractor-dce-gyo	PLATOS-CAVE-tutorial.html
2	tractor-dce-gyo	LEGOS-tutorial-prime.html
2	tractor-dce-gyo	20q-tutorial.html
2	tmm	index.html
2	the-republic	megamap.html
2	the-republic	ledger.html
2	the-republic	index.html
2	the-fork	RAILWAY GAME/railway-full-integration.html
2	text-ure	text-ure-02.html
2	text-ure	text-ure-01.html
2	text-ure	text-ure-00.html
2	text-ure	media-flow.html
2	tetrad-gamepad	index.html
2	synesthetic-flux-console	weft.html
2	synesthetic-flux-console	field.html
2	synesthetic-flux-console	botanica-03.html
2	sympathetic-magic	generate-poor-images.py
2	sympathetic-magic	generate-images-browser.html
2	sympathetic-magic	generate-digital-avatar.html
2	spuddy-west	the-good.html
2	smith-deck	smith-puppet.html
2	smith-deck	smith-puppet-02.html
2	smith-deck	smith-puppet-01.html
2	smith-deck	smith-deco-puppet-00.html
2	smith-deck	smith-968.html
2	smith-deck	smith-137.html
2	smith-deck	deco-mood-03.html
2	smith-deck	deco-mood-02.html
2	smith-deck	deco-mood-00.html
2	silence-has-rules	index.html
2	shroud-project	index.html
2	shoot-is-program	index.html
2	sense-ritual	ritual-garden-index.html
2	sense-ritual	prompt-lab.html
2	sense-ritual	matrix-editor.html
2	sense-ritual	m-crusher-06.html
2	sense-ritual	group.html
2	sense-ritual	a6.html
2	sense-ritual	a3.html
2	sense-ritual	THREE_GAMES.html
2	sense-ritual	MEDIA/tv-swiper.html
2	role-deck	pattern-glossary.html
2	ripples	orca-shield-24.html
2	ripples	orca-shield-20.html
2	ripples	orca-shield-19.html
2	ripples	orca-edgar-vision.html
2	ripples	orca-core.html
2	ripples	latent-interface.html
2	ripples	forge.html
2	ripples	essay-3-imaginary-ecologies-framework.html
2	ripples	essay-2-generative-nonhuman-ecologies.html
2	ripples	essay-1-worldtext-specification.html
2	ripples	ai_studio_code - 2026-02-03T041508.036.html
2	ripples	ai_studio_code - 2026-02-03T035512.122.html
2	ripples	ai_studio_code - 2026-02-03T034601.113.html
2	ripples	9.html
2	ripples	66.html
2	ripples	6.html
2	ripples	13.html
2	ripples	12.html
2	reading-with-machines	index.html
2	prompt-smith	smith-puppet.html
2	prompt-smith	smith-puppet-02.html
2	prompt-smith	smith-puppet-01.html
2	prompt-smith	smith-deco-puppet-00.html
2	prompt-smith	smith-968.html
2	prompt-smith	smith-137.html
2	prompt-smith	deco-mood-03.html
2	prompt-smith	deco-mood-02.html
2	prompt-smith	deco-mood-00.html
2	privacy-value-labels	index.html
2	privacy-value-labels	ci-00.html
2	pretext-field	src/harfbuzzjs.d.ts
2	pretext-field	src/bidi.ts
2	pretext-field	shared/gene-main/editor.html
2	pretext-field	serve.ts
2	pretext-field	scripts/status-dashboard.ts
2	pretext-field	scripts/report-server.ts
2	pretext-field	pages/sync.html
2	pretext-field	pages/report-utils.ts
2	pretext-field	pages/justification-comparison.html
2	pretext-field	pages/interleaving.ts
2	pretext-field	pages/interleaving.html
2	pretext-field	pages/emoji-test.html
2	pretext-field	pages/editorial.ts
2	pretext-field	pages/editorial.html
2	pretext-field	pages/dynamic-layout.html
2	pretext-field	pages/demos/wireframe-torus.ts
2	pretext-field	pages/demos/wireframe-torus.html
2	pretext-field	pages/demos/variable-typographic-ascii.html
2	pretext-field	pages/demos/scroll-top-only.ts
2	pretext-field	pages/demos/scroll-top-only.html
2	pretext-field	pages/demos/scroll-threshold.ts
2	pretext-field	pages/demos/scroll-threshold.html
2	pretext-field	pages/demos/scroll-text-height.ts
2	pretext-field	pages/demos/scroll-text-height.html
2	pretext-field	pages/demos/scroll-reposition.ts
2	pretext-field	pages/demos/scroll-reposition.html
2	pretext-field	pages/demos/scroll-recycle.ts
2	pretext-field	pages/demos/scroll-recycle.html
2	pretext-field	pages/demos/scroll-hud.ts
2	pretext-field	pages/demos/scroll-hud.html
2	pretext-field	pages/demos/scroll-height-only.ts
2	pretext-field	pages/demos/scroll-height-only.html
2	pretext-field	pages/demos/scroll-churn.ts
2	pretext-field	pages/demos/scroll-churn.html
2	pretext-field	pages/demos/masonry/index.html
2	pretext-field	pages/demos/input-box.ts
2	pretext-field	pages/demos/input-box.html
2	pretext-field	pages/demos/golden-shield.ts
2	pretext-field	pages/demos/golden-fleece-surface.ts
2	pretext-field	pages/demos/giant-scroll.html
2	pretext-field	pages/demos/giant-scroll-hud.ts
2	pretext-field	pages/demos/giant-scroll-hud.html
2	pretext-field	pages/demos/dom-churn.ts
2	pretext-field	pages/demos/dom-churn.html
2	pretext-field	pages/demos/calligram-engine.ts
2	pretext-field	pages/demos/calligram-engine.html
2	pretext-field	pages/demos/accordion.ts
2	pretext-field	pages/demos/accordion.html
2	pretext-field	pages/contour.ts
2	pretext-field	pages/contour.html
2	pretext-field	pages/columns.html
2	pretext-field	pages/bubbles.html
2	pretext-field	pages/blob-lab.html
2	pretext-field	gene-main/test-iframes.html
2	pretext-field	gene-main/editor.html
2	pretext-field	chromium-bug/emoji-measuretext-repro.html
2	pretext-field	MAP-BUCKET/onyx-abs-26.html
2	pretext-cave	vite.config.ts
2	popular-bowl	index.html
2	os-dope-faa	sitr-02.html
2	os-dope-faa	olfl-mission-validator-00-BET.html
2	os-dope-faa	olfl-lite.html
2	os-dope-faa	index.html
2	novus-groove	asc-697.html
2	novus-groove	asc-075.html
2	myth-engine	tow/index.html
2	myth-engine	style.css
2	myth-engine	index.html
2	myth-engine	app.js
2	myth-as-os	index.html
2	moto	radio-04.html
2	moto	radio-03.html
2	moto	radio-02.html
2	moto	radio-01.html
2	moto	all-time.html
2	moto	VOLHOLLA/volholla.html
2	moto	VOLHOLLA/stochastic-elephant.html
2	moto	VOLHOLLA/song-usblegacy-09.html
2	moto	VOLHOLLA/song-usblegacy-08.html
2	moto	VOLHOLLA/song-usblegacy-07.html
2	moto	VOLHOLLA/song-usblegacy-06.html
2	moto	VOLHOLLA/song-usblegacy-05.html
2	moto	VOLHOLLA/song-usblegacy-04.html
2	moto	VOLHOLLA/song-usblegacy-03.html
2	moto	VOLHOLLA/song-usblegacy-02.html
2	moto	VOLHOLLA/song-usblegacy-01.html
2	moto	VOLHOLLA/song-silence-12.html
2	moto	VOLHOLLA/song-silence-11.html
2	moto	VOLHOLLA/song-silence-10.html
2	moto	VOLHOLLA/song-silence-09.html
2	moto	VOLHOLLA/song-silence-08.html
2	moto	VOLHOLLA/song-silence-07.html
2	moto	VOLHOLLA/song-silence-06.html
2	moto	VOLHOLLA/song-silence-05.html
2	moto	VOLHOLLA/song-silence-04.html
2	moto	VOLHOLLA/song-silence-03.html
2	moto	VOLHOLLA/song-silence-02.html
2	moto	VOLHOLLA/song-silence-01.html
2	moto	VOLHOLLA/song-noservice-18.html
2	moto	VOLHOLLA/song-maquina-49.html
2	moto	VOLHOLLA/song-maquina-48.html
2	moto	VOLHOLLA/song-maquina-47.html
2	moto	VOLHOLLA/song-maquina-46.html
2	moto	VOLHOLLA/song-maquina-45.html
2	moto	VOLHOLLA/song-maquina-44.html
2	moto	VOLHOLLA/song-maquina-43.html
2	moto	VOLHOLLA/song-maquina-42.html
2	moto	VOLHOLLA/song-maquina-41.html
2	moto	VOLHOLLA/song-maquina-40.html
2	moto	VOLHOLLA/song-maquina-39.html
2	moto	VOLHOLLA/song-maquina-38.html
2	moto	VOLHOLLA/song-maquina-37.html
2	moto	VOLHOLLA/song-maquina-36.html
2	moto	VOLHOLLA/song-maquina-35.html
2	moto	VOLHOLLA/song-maquina-34.html
2	moto	VOLHOLLA/song-maquina-33.html
2	moto	VOLHOLLA/song-maquina-32.html
2	moto	VOLHOLLA/song-maquina-31.html
2	moto	VOLHOLLA/song-maquina-30.html
2	moto	VOLHOLLA/song-maquina-29.html
2	moto	VOLHOLLA/song-maquina-28.html
2	moto	VOLHOLLA/song-maquina-27.html
2	moto	VOLHOLLA/song-maquina-26.html
2	moto	VOLHOLLA/song-maquina-25.html
2	moto	VOLHOLLA/song-maquina-24.html
2	moto	VOLHOLLA/song-maquina-23.html
2	moto	VOLHOLLA/song-maquina-22.html
2	moto	VOLHOLLA/song-maquina-21.html
2	moto	VOLHOLLA/song-maquina-20.html
2	moto	VOLHOLLA/song-maquina-19.html
2	moto	VOLHOLLA/song-maquina-18.html
2	moto	VOLHOLLA/song-maquina-17.html
2	moto	VOLHOLLA/song-maquina-16.html
2	moto	VOLHOLLA/song-maquina-15.html
2	moto	VOLHOLLA/song-maquina-14.html
2	moto	VOLHOLLA/song-maquina-13.html
2	moto	VOLHOLLA/song-maquina-12.html
2	moto	VOLHOLLA/song-maquina-11.html
2	moto	VOLHOLLA/song-maquina-10.html
2	moto	VOLHOLLA/song-maquina-09.html
2	moto	VOLHOLLA/song-maquina-08.html
2	moto	VOLHOLLA/song-maquina-07.html
2	moto	VOLHOLLA/song-maquina-06.html
2	moto	VOLHOLLA/song-maquina-05.html
2	moto	VOLHOLLA/song-maquina-04.html
2	moto	VOLHOLLA/song-maquina-03.html
2	moto	VOLHOLLA/song-maquina-02.html
2	moto	VOLHOLLA/song-maquina-01.html
2	moto	VOLHOLLA/song-cypher-20.html
2	moto	VOLHOLLA/song-cypher-19.html
2	moto	VOLHOLLA/song-cypher-18.html
2	moto	VOLHOLLA/song-cypher-17.html
2	moto	VOLHOLLA/song-cypher-15.html
2	moto	VOLHOLLA/song-cypher-10.html
2	moto	VOLHOLLA/song-cypher-07.html
2	moto	VOLHOLLA/song-cypher-06.html
2	moto	VOLHOLLA/song-cypher-05.html
2	moto	VOLHOLLA/song-cypher-04.html
2	moto	VOLHOLLA/song-cypher-03.html
2	moto	VOLHOLLA/song-cypher-02.html
2	moto	VOLHOLLA/song-cypher-01.html
2	moto	VOLHOLLA/song-concreto-13.html
2	moto	VOLHOLLA/song-concreto-12.html
2	moto	VOLHOLLA/song-concreto-09.html
2	moto	VOLHOLLA/song-concreto-08.html
2	moto	VOLHOLLA/song-concreto-07.html
2	moto	VOLHOLLA/song-concreto-06.html
2	moto	VOLHOLLA/song-concreto-04.html
2	moto	VOLHOLLA/song-concreto-03.html
2	moto	VOLHOLLA/song-concreto-02.html
2	moto	VOLHOLLA/song-concreto-01.html
2	moto	VOLHOLLA/song-cathedral-15.html
2	moto	VOLHOLLA/song-cathedral-14.html
2	moto	VOLHOLLA/song-cathedral-13.html
2	moto	VOLHOLLA/song-cathedral-12.html
2	moto	VOLHOLLA/song-cathedral-11.html
2	moto	VOLHOLLA/song-cathedral-10.html
2	moto	VOLHOLLA/song-cathedral-09.html
2	moto	VOLHOLLA/song-cathedral-08.html
2	moto	VOLHOLLA/song-cathedral-07.html
2	moto	VOLHOLLA/song-cathedral-06.html
2	moto	VOLHOLLA/song-cathedral-05.html
2	moto	VOLHOLLA/song-cathedral-04.html
2	moto	VOLHOLLA/song-cathedral-03.html
2	moto	VOLHOLLA/song-cathedral-02.html
2	moto	VOLHOLLA/song-cathedral-01.html
2	moto	VOLHOLLA/moto.html
2	moto	VOLHOLLA/mall-patchworld-ingest.html
2	moto	VOLHOLLA/geometric-ghosts-of-mitte.html
2	moto	VOLHOLLA/clinical-heat.html
2	moto	VOLHOLLA/breath-thiefs-loom.html
2	momsaic	bflix-cellu.html
2	mfss	index.html
2	media-shaper-2400	index.html
2	looking-machine	GAZE/styles.css
2	looking-machine	GAZE/minimal-embeds.html
2	looking-machine	GAZE/index.html
2	looking-machine	GAZE/film-view.html
2	looking-machine	GAZE/app.js
2	latent-sculptor	src/components/latent-sculptor/welcome-dialog.tsx
2	latent-sculptor	src/components/latent-sculptor/node-config.ts
2	latent-sculptor	src/components/latent-sculptor/guidance-tool.tsx
2	latent-sculptor	src/app/page.tsx
2	latent-sculptor	src/app/globals.css
2	latent-sculptor	src/ai/genkit.ts
2	latent-sculptor	src/ai/flows/parameter-guidance.ts
2	k2.html	mandala.html
2	k2.html	kope-04.html
2	k2.html	archive-radio.html
2	jdb-ripple-remix	rcc-eco.html
2	jdb-ripple-remix	indexgpt.html
2	jdb-ripple-remix	gpt.js
2	jdb-ripple-remix	gpt.css
2	island-ecology	index.html
2	island-ecology	STAINED CONTEXT/stained-window-04.html
2	island-ecology	STAINED CONTEXT/stained-window-03.html
2	island-ecology	STAINED CONTEXT/stained-tarsal.html
2	island-ecology	STAINED CONTEXT/stained-sternum.html
2	island-ecology	STAINED CONTEXT/stained-skill.html
2	island-ecology	STAINED CONTEXT/stained-rib.html
2	island-ecology	STAINED CONTEXT/stained-radius.html
2	island-ecology	STAINED CONTEXT/stained-plus.html
2	island-ecology	STAINED CONTEXT/stained-lat.html
2	island-ecology	STAINED CONTEXT/stained-glass.html
2	island-ecology	STAINED CONTEXT/stained-glass-field.html
2	island-ecology	STAINED CONTEXT/stained-glass-02.html
2	island-ecology	STAINED CONTEXT/stained-clavicle.html
2	island-ecology	STAINED CONTEXT/stained-carpal.html
2	island-ecology	STAINED CONTEXT/stained-bone.html
2	island-ecology	STAINED CONTEXT/stained-bicep.html
2	island-ecology	STAINED CONTEXT/stained-atlas.html
2	island-ecology	STAINED CONTEXT/index.html
2	island-ecology	BEES ON A TRAIN/world-analyzer.html
2	island-ecology	BEES ON A TRAIN/wagyo-hive.html
2	island-ecology	BEES ON A TRAIN/train-hive-field.html
2	island-ecology	BEES ON A TRAIN/semiotic-orrery.html
2	island-ecology	BEES ON A TRAIN/navigator.html
2	island-ecology	BEES ON A TRAIN/index.html
2	island-ecology	BEES ON A TRAIN/hive-train.html
2	island-ecology	BEES ON A TRAIN/hive-sim.html
2	island-ecology	BEES ON A TRAIN/hive-repl.html
2	island-ecology	BEES ON A TRAIN/hive-prism.html
2	island-ecology	BEES ON A TRAIN/hive-library.html
2	island-ecology	BEES ON A TRAIN/hive-land.html
2	island-ecology	BEES ON A TRAIN/hive-jockey.html
2	island-ecology	BEES ON A TRAIN/hive-field.html
2	island-ecology	BEES ON A TRAIN/hive-dream.html
2	island-ecology	BEES ON A TRAIN/hive-control-tower.html
2	island-ecology	BEES ON A TRAIN/hive-apiary.html
2	island-ecology	BEES ON A TRAIN/context-field.html
2	island-ecology	ARCADE/extract_convolutes.py
2	hyperclay-editor	son-orch-00.html
2	hyperclay-editor	son-mod-05.html
2	human-as-media	miro.html
2	human-as-media	index.html
2	human-as-media	engine.html
2	human-as-media	arch.html
2	head-neuroglow	index.html
2	haunted-tools	index.html
2	growing-entanglements	plot-paper.html
2	growing-entanglements	abm-paper.html
2	grid-os-	index.html
2	golden-river	index.html
2	golden-river	groll-00.html
2	golden-lens	e-docs.html
2	gob	worldtext-zen-reader.html
2	gaze	worldtext-zen-reader.html
2	func-sub	index.html
2	func-sub	functown-index.html
2	fourth-shield	forge/index.html
2	forkit	z1.html
2	forkit	gh1.html
2	forkit	g7.html
2	forkit	fork-lever.html
2	forkit	fork-dna-trail.html
2	forkit	fork-cascade-viz.html
2	forkit	ethnome.html
2	forkit	dh0.html
2	forkit	ch2.html
2	forkit	c1.html
2	forkit	bet.html
2	forkit	HOLO-VIEWER.html
2	fish-town	trout-town-memory.html
2	feedfall	video-refactor.html
2	feedfall	ai_studio_code - 2025-10-04T180641.132.html
2	ethics-infrastructure	paper.html
2	eos	index.html
2	eos	CODEX/file-browser.html
2	dust-empire	style.css
2	dust-empire	process_videos.py
2	dust-empire	file_manager.py
2	dust-empire	clips.js
2	core-age	wag-workshop.html
2	core-age	gar-tao.html
2	core-age	gar-06.html
2	core-age	gar-05.html
2	core-age	gar-04.html
2	core-age	gar-01.html
2	codex-reader	reader-codex-08.html
2	codex-reader	index.html
2	cb	onboard.html
2	cb	index.html
2	atg-3	project-genome.html
2	atg-3	courage-trail-olog.html
2	atg-3	atg-2-hi.html
2	arkadu	viewer.html
2	arkadu	network-graph.html
2	arkadu	index-master.html
2	acm	protocols/tm-06-rot.html
2	acm	protocols/tm-05-collapse.html
2	acm	protocols/slop-08-washer.html
2	acm	protocols/slop-07-trash.html
2	acm	protocols/ey-04-heuristic.html
2	acm	protocols/ey-02-speed.html
2	acm	protocols/ey-01-defense.html
2	acm	anti-crisis.html
2	achilles-orchestra	index.html
2	abundant-nes	vol_media_decks_everything_is_a_stack_v_20_hud_density_mega_mode (9).html
2	abundant-nes	vol_media_decks_everything_is_a_stack_v_20_hud_density_mega_mode (8).html
2	abundant-nes	vol_media_decks_everything_is_a_stack_v_20_hud_density_mega_mode (7).html
2	abundant-nes	vol_media_decks_everything_is_a_stack_v_20_hud_density_mega_mode (10).html
2	abc-flix	lidar-flux.html
2	abc-flix	flux-space.html
2	abc-flix	TUBE/index.html
2	abc-flix	TAX-FUTURE/index.html
2	abc-flix	SWARMS_01/preview (27).html
2	abc-flix	SWARMS_01/icaro_pro_v_2_single_file.html
2	abc-flix	SWARMS_01/icaro_latent_choreography_kernel.html
2	abc-flix	SWARMS_01/icaro-flow-v2.html
2	abc-flix	SWARMS_01/icaro-flow-v2 (1).html
2	abc-flix	SWARMS_01/icaro-flow-console.html
2	abc-flix	SWARMS/preview (27).html
2	abc-flix	SWARMS/icaro-flow-v2 (1).html
1	world-heat	scripts/verify_bibliography.py
1	world-heat	scripts/generate_bib.py
1	world-heat	poml-ide.html
1	world-heat	index.html
1	world-heat	helt.html
1	world-heat	epir.html
1	world-heat	diff_viewer.html
1	world-heat	diff_ide.html
1	world-heat	bil.html
1	witt	wittgenstein-portfolio.html
1	witt	witt-prop.html
1	witt	w-arch.html
1	witt	rup.html
1	witt	rg-mn-23.html
1	witt	pictutres-port.html
1	witt	new-por.html
1	witt	log.html
1	witt	lf34.html
1	witt	lab.html
1	witt	in.html
1	witt	fsl.html
1	witt	for.html
1	witt	flux-port.html
1	witt	flab.html
1	witt	fe3.html
1	witt	fe-2good.html
1	witt	f-good2.html
1	witt	f-good.html
1	witt	crit-aud.html
1	witt	con.html
1	witt	anti.html
1	with-in	index.html
1	windows-and-mirrors	style.css
1	windows-and-mirrors	index.html
1	windows-and-mirrors	closure.html
1	windows-and-mirrors	closure-foraging-deck.zip/style.css
1	windows-and-mirrors	closure-foraging-deck.zip/index.html
1	windows-and-mirrors	closure-foraging-deck.zip/app.js
1	windows-and-mirrors	app.js
1	windows-and-mirrors	ai_studio_code - 2025-09-09T163543.782.html
1	who-owns-the-feed	index.html
1	who-owns-the-feed	i5.html
1	who-owns-the-feed	i4.html
1	who-owns-the-feed	i3.html
1	who-owns-the-feed	i2.html
1	who-owns-the-feed	i1.html
1	who-owns-the-feed	i00.html
1	who-owns-the-feed	i0.html
1	who-owns-the-feed	ds-04.html
1	who-owns-the-feed	ds-03.html
1	who-owns-the-feed	ds-02.html
1	who-owns-the-feed	ds-01.html
1	who-owns-the-feed	ds-00.html
1	wh-ripple	year-in-review.html
1	wh-ripple	wh1.html
1	wh-ripple	wh0.html
1	wh-ripple	thematic-rings-viewer.html
1	wh-ripple	ripple-viewer-clean.html
1	wh-ripple	ripple-rings-viewer.html
1	wh-ripple	orange-ripple-viewer.html
1	wh-ripple	orange-grid-universal.css
1	wh-ripple	mythos_presentation.html
1	wh-ripple	live-demos-old-backup.html
1	wh-ripple	live-demos-backup.html
1	wh-ripple	kimi-k2-lego-FIXED.html
1	wh-ripple	git_hub_repo_index_bauhaus_table_hartswf_0.html
1	wh-ripple	git_hub_repo_index_bauhaus_table_hartswf_0 (2).html
1	wh-ripple	git_hub_repo_index_bauhaus_table_hartswf_0 (1).html
1	wh-ripple	generate-github-index.py
1	wh-ripple	generate-genome-patches.py
1	wh-ripple	generate-detailed-sitemap.py
1	wh-ripple	about-watson.html
1	wave	zz.html
1	wave	zy.html
1	wave	wvs.html
1	wave	wvs-kids.html
1	wave	wse.html
1	wave	wse-kids.html
1	wave	wave-stack.html
1	wave	wave-stack-explorer.html
1	wave	wave-kids.html
1	wave	wave-explorer.html
1	wave	wave-explorer-v2.html
1	wave	wave-category.html
1	wave	wave-cat.html
1	wave	wav.html
1	wave	wav-kids.html
1	wave	tprior.html
1	wave	syz.html
1	wave	sw-kids.html
1	wave	sonic.html
1	wave	scripts/fetch-video-ids.js
1	wave	scripts/fetch-ids-invidious.js
1	wave	ptopo.html
1	wave	protocol-brown.html
1	wave	pat.html
1	wave	past.html
1	wave	nex.html
1	wave	magos.html
1	wave	kjnss.html
1	wave	kjns.html
1	wave	kjn.html
1	wave	inceptor.html
1	wave	inceptor-v53.html
1	wave	inceptor-mobius.html
1	wave	fugue.html
1	wave	fugue-01.html
1	wave	crate-yellow.html
1	wave	crate-red.html
1	wave	crate-purple.html
1	wave	crate-orange.html
1	wave	crate-lavender.html
1	wave	crate-king.html
1	wave	crate-index.html
1	wave	crate-blue.html
1	wave	clina.html
1	wag-gallery	wag-castle-arch.html
1	wag-gallery	index.html
1	wag-gallery	generate_castle_v9_backup.py
1	wag-gallery	generate_castle.py
1	wa	wag-viewer.html
1	wa	wag-viewer-prime.html
1	wa	wag-viewer-beta.html
1	wa	topo-showcase.html
1	wa	prime-portal.html
1	wa	parts-viewer.html
1	wa	parts-viewer-prime.html
1	wa	parts-viewer-beta.html
1	wa	ldraw/index copy.html
1	wa	ldraw-topo-art-generator.js
1	wa	ldraw-standard-individual.js
1	wa	ldraw-scene-composer.js
1	wa	ldraw-safe-init.js
1	wa	ldraw-omr-extension.js
1	wa	ldraw-multi-model-loader.js
1	wa	ldraw-metadata-extension.js
1	wa	ldraw-individual-renderer.js
1	wa	ldraw-header-compliance.js
1	wa	ldraw-custom-commands.js
1	wa	ldraw-chunked-loader.js
1	wa	ldraw-ai-extension.js
1	wa	kindex.html
1	wa	index-prime.html
1	wa	index-beta.html
1	wa	generate-topo-files.js
1	wa	generate-sculptures.js
1	wa	generate-scenes.js
1	wa	generate-scene-files.js
1	wa	generate-part-wrappers.js
1	wa	generate-mountains.js
1	wa	generate-city.js
1	wa	generate-all-topo-art.html
1	wa	flatten-part.js
1	wa	flatten-library.js
1	wa	factory-style.css
1	wa	factory-style-beta.css
1	wa	factory-engine.js
1	wa	factory-engine-beta.js
1	wa	examples/js/loaders/LDrawLoader.js
1	wa	dat-viewer.html
1	wa	brick-film-prime.html
1	wa	brick-film-factory.html
1	wa	brick-film-factory-beta.html
1	wa	beta-prime-engine.js
1	wa	WORDS-ASSEMBLE.html
1	wa	WORDS-ASSEMBLE-beta.html
1	wa	PROJECT-HOME.html
1	volholla	mountains-00.html
1	volholla	mountain-range-01.html
1	volholla	index.html
1	volholla	CULTURAL SYSTEMS/cs-02.html
1	volholla	CULTURAL SYSTEMS/cs-01.html
1	volholla	CONSTRUCTORS/mythic-journey-00.html
1	volholla	CONSTRUCTORS/ONTO HERM/onto-hermitwego-00.html
1	volholla	CONSTRUCTORS/ONTO HERM/onto-hermitwe-00.html
1	volholla	CONSTRUCTORS/ONTO HERM/onto-hermit-mt01.html
1	volholla	CONSTRUCTORS/ONTO HERM/onto-hermit-00.html
1	volholla	CONSTRUCTORS/ONTO HERM/onto-herm-00.html
1	volholla	CONSTRUCTORS/ENACTOR/enactorwere-00.html
1	volholla	CONSTRUCTORS/ENACTOR/enactort-bc01.html
1	volholla	CONSTRUCTORS/ENACTOR/enactort-00.html
1	volholla	CONSTRUCTORS/ENACTOR/enactor-00.html
1	volholla	CONSTRUCTORS/CONWAY/conwayweye-00.html
1	volholla	CONSTRUCTORS/CONWAY/conwaywe-00.html
1	volholla	CONSTRUCTORS/CONWAY/conwayut-00.html
1	volholla	CONSTRUCTORS/CONWAY/conwayfr-00.html
1	volholla	CONSTRUCTORS/CONWAY/conway-00.html
1	volholla	CONSTRUCTORS/CODE THE WORLD/ctwut-00.html
1	volholla	CONSTRUCTORS/CODE THE WORLD/ctwhy-00.html
1	volholla	CONSTRUCTORS/CODE THE WORLD/ctweel-00.html
1	volholla	CONSTRUCTORS/CODE THE WORLD/ctwee-00.html
1	volholla	CONSTRUCTORS/CODE THE WORLD/ctw-00.html
1	vol-air	vols.html
1	vol-air	vols-04.html
1	vol-air	vols-03.html
1	vol-air	vols-02.html
1	vol-air	volholla_single_file_b_b_website_index.html
1	vol-air	volholla_single_file_b_b_website_index (1).html
1	vol-air	vol.html
1	vol-air	index.html
1	vol-air	exported-assets (9)/script_1.py
1	vol-air	exported-assets (9)/script.py
1	vol-air	exported-assets (9)/chart_script_1.py
1	vol-air	exported-assets (9)/chart_script.py
1	vol-air	exported-assets (8)/script_3.py
1	vol-air	exported-assets (8)/script_2.py
1	vol-air	exported-assets (8)/script_1.py
1	vol-air	exported-assets (8)/script.py
1	vol-air	exported-assets (8)/chart_script.py
1	vol-air	exported-assets (10)/style.css
1	vol-air	exported-assets (10)/index.html
1	vol-air	exported-assets (10)/app.js
1	vol-air	analysis.html
1	vibe-crates	vc.html
1	vibe-crates	vb_revised.js
1	vibe-crates	suture.html
1	vibe-crates	ship-05.html
1	vibe-crates	ship-03.html
1	vibe-crates	ship-02.html
1	vibe-crates	ship-01.html
1	vibe-crates	red-crate.html
1	vibe-crates	radio.html
1	vibe-crates	pod.html
1	vibe-crates	k57.html
1	vibe-crates	k56.html
1	vibe-crates	k55.html
1	vibe-crates	ha.html
1	vibe-crates	gb.html
1	vibe-crates	c4.html
1	vibe-crates	ab.html
1	venn-32	volumetric_venn_cubes_mobile_draggable_dock.html
1	venn-32	volumetric_venn_cubes_mobile_draggable_dock (9).html
1	venn-32	volumetric_venn_cubes_mobile_draggable_dock (8).html
1	venn-32	volumetric_venn_cubes_mobile_draggable_dock (7).html
1	venn-32	volumetric_venn_cubes_mobile_draggable_dock (6).html
1	venn-32	volumetric_venn_cubes_mobile_draggable_dock (5).html
1	venn-32	volumetric_venn_cubes_mobile_draggable_dock (4).html
1	venn-32	volumetric_venn_cubes_mobile_draggable_dock (3).html
1	venn-32	volumetric_venn_cubes_mobile_draggable_dock (2).html
1	venn-32	volumetric_venn_cubes_mobile_draggable_dock (13).html
1	venn-32	volumetric_venn_cubes_mobile_draggable_dock (12).html
1	venn-32	volumetric_venn_cubes_mobile_draggable_dock (11).html
1	venn-32	volumetric_venn_cubes_mobile_draggable_dock (10).html
1	venn-32	volumetric_venn_cubes_mobile_draggable_dock (1).html
1	venn-32	volumetric_media_nexus_unthinkable_applied.html
1	venn-32	volumetric_media_nexus_unthinkable_applied (4).html
1	venn-32	volumetric_media_nexus_unthinkable_applied (3).html
1	venn-32	volumetric_media_nexus_unthinkable_applied (2).html
1	venn-32	volumetric_media_nexus_unthinkable_applied (1).html
1	venn-32	volumetric_cube_stacks_overlap_nexus_gully_edition.html
1	venn-32	volumetric_cube_stacks_overlap_nexus_gully_edition (1).html
1	venn-32	vol_media_decks_v_5_canvas_only_data_stacks.html
1	venn-32	vol_media_decks_v_5_canvas_only_data_stacks (3).html
1	venn-32	vol_media_decks_v_5_canvas_only_data_stacks (2).html
1	venn-32	vol_media_decks_v_5_canvas_only_data_stacks (1).html
1	venn-32	vol_media_decks_v7.html
1	venn-32	vol_media_decks_v6.html
1	venn-32	stack_index_minimal_preview_single_file_html.html
1	venn-32	stack_index_minimal_preview_single_file_html (6).html
1	venn-32	stack_index_minimal_preview_single_file_html (5).html
1	venn-32	stack_index_minimal_preview_single_file_html (4).html
1	venn-32	stack_index_minimal_preview_single_file_html (3).html
1	venn-32	stack_index_minimal_preview_single_file_html (2).html
1	venn-32	stack_index_minimal_preview_single_file_html (1).html
1	venn-32	rhm_ultralite_v8.html
1	venn-32	rhm_three_v9.html
1	venn-32	rhm_postits.html
1	venn-32	rhm_postits (1).html
1	venn-32	rhm_faces_reader_v2.html
1	venn-32	rhm_faces_reader.html
1	venn-32	rhm_faces_reader (1).html
1	venn-32	rhm_dom_v7h_read_guaranteed.html
1	venn-32	rhm_dom_v7g_auto_fit.html
1	venn-32	rhm_dom_v7f_fix_stacks_colors_overlay.html
1	venn-32	rhm_dom_v7e_mobile_cards.html
1	venn-32	rhm_dom_v7d_mobile_pro.html
1	venn-32	rhm_dom_v7c_mobile.html
1	venn-32	rhm_dom_v7b.html
1	venn-32	rhm_deck_overlap.html
1	venn-32	rhm_cards_on_face_v5.html
1	venn-32	rhm_cards_on_face_v4a.html
1	venn-32	rhm_cards_on_face_v4.html
1	venn-32	rhm_cards_on_face_v3.html
1	venn-32	rhm_cards_on_face.html
1	venn-32	rhm_32_layer_instrument.html
1	unthinkable-media	unthinkable_media_engine_single_file_html_atlantis_edition_BET.html
1	unthinkable-media	temporal_sculptor_gear_editor_web_m_export.html
1	unthinkable-media	temporal_sculptor_gear_editor_web_m_export (6).html
1	unthinkable-media	temporal_sculptor_gear_editor_web_m_export (5).html
1	unthinkable-media	temporal_sculptor_gear_editor_web_m_export (4).html
1	unthinkable-media	temporal_sculptor_gear_editor_web_m_export (3).html
1	unthinkable-media	temporal_sculptor_gear_editor_web_m_export (2).html
1	unthinkable-media	temporal_sculptor_gear_editor_web_m_export (1).html
1	unthinkable-media	prime_inception_medium_poml_runner_single_file_html.html
1	unthinkable-media	prime_inception_medium_poml_runner_single_file_html (5).html
1	unthinkable-media	prime_inception_medium_poml_runner_single_file_html (4).html
1	unthinkable-media	prime_inception_medium_poml_runner_single_file_html (2).html
1	unthinkable-media	prime_inception_medium_poml_runner_single_file_html (1).html
1	unthinkable-media	prime_inception_medium_poml_runner_single_file_BET.html
1	unthinkable-media	morphic_mergefield_mobile_canvas_prototype_html_css_js_single_file_BET.html
1	unthinkable-media	morphic_mergefield_mobile_canvas_prototype_html_css_js_single_file_1_BET.html
1	unthinkable-media	morphic_mergefield_mobile_canvas_prototype_html_css_js_single_file (2).html
1	unthinkable-media	main_gear_film_engine_v_2-BET.html
1	unthinkable-media	main_gear_film_engine_pro_arc_mix_controls.html
1	unthinkable-media	index_minimal.html
1	unthinkable-media	index.html
1	unthinkable-media	hyperclay_mobile_mixer_single_file_html_works_with_real_video-blob-BET.html
1	unthinkable-media	hyperclay_mobile_mixer_single_file_html_works_with_real_video-BET.html
1	unthinkable-media	hyperclay_mobile_mixer_single_file_html_works_with_real_video (4).html
1	unthinkable-media	hyperclay_mobile_mixer_single_file_html_works_with_real_video (3).html
1	unthinkable-media	hyperclay_mobile_mixer_single_file_html_works_with_real_video (2).html
1	unthinkable-media	hyperclay_fusion_wheel_option_2_prototype_mobile_single_file_BBET.html
1	unthinkable-media	hyperclay_fusion_wheel_option_2_prototype_mobile_single_file (1).html
1	unthinkable-media	hyperclay_fusion_wheel_option_2_linear_export_hi_q_sonic_haptic-BETTER.html
1	unthinkable-media	hyperclay_fusion_wheel_option_2_all_out_poc_ok.html
1	unthinkable-media	hyperclay_fusion_wheel_option_2_all_out_poc.html
1	unthinkable-media	hyperclay_fusion_wheel_option_2_all_out_poc (6).html
1	unthinkable-media	hyperclay_fusion_wheel_option_2_all_out_poc (5).html
1	unthinkable-media	hyperclay_fusion_wheel_option_2_all_out_poc (4).html
1	unthinkable-media	hyperclay_fusion_wheel_option_2_all_out_poc (3).html
1	unthinkable-media	hyperclay_fusion_wheel_option_2_all_out_poc (2).html
1	unthinkable-media	hyperclay_fusion_wheel_option_2_all_out_poc (1).html
1	unthinkable-media	hyperclay_fusion_wheel_3_d_mvp_single_file_GREAT.html
1	unthinkable-media	hyperclay_fusion_wheel_3_d_mvp_single_file-coulda-been.html
1	unthinkable-media	hyperclay_fusion_wheel_3_d_mvp_single_file-1-BET.html
1	unthinkable-media	hyperclay_fusion_wheel_3_d_mvp_prototype.html
1	unthinkable-media	hyperclay_fusion_wheel_3_d_mobile_editor_single_file_html_css_js.html
1	unthinkable-media	hyperclay_fusion_wheel_3_d_mobile_editor_single_file_html_css_js (1).html
1	unthinkable-media	gear_narrative_engine_script_wheels_fountain_fdx_import_bet.html
1	unthinkable-media	gear_narrative_engine_script_wheels_fountain_fdx_import.html
1	unthinkable-media	gear_narrative_engine_full_send_single_file-BET.html
1	unthinkable-media	gear_narrative_engine_arc_sequencer_normal_output_16_9-BET.html
1	unthinkable-media	gear_narrative_engine_arc_sequencer_mechanical_nle.html
1	unthinkable-media	gear_editing_canvas.html
1	unthinkable-media	gear_editing_canvas (4).html
1	unthinkable-media	gear_editing_canvas (3).html
1	unthinkable-media	gear_editing_canvas (2).html
1	unthinkable-media	gear_editing_canvas (1).html
1	unthinkable-media	cinome_sculpting_chamber_mobile_no_deps.html
1	unthinkable-media	cinome_sculpting_chamber_centered_infinity_mobile_no_deps.html
1	unthinkable-media	cinematic_data_wall_tetrad_edition_mobile_no_deps.html
1	unthinkable-media	cinematic_data_wall_helix_weave_mobile_no_deps.html
1	unthinkable-media	cinematic_data_wall_editor_mobile_v_0.html
1	unthinkable-media	cinematic_data_wall_editor_mobile_single_file_no_deps.html
1	unthinkable-media	cinematic_data_wall_editor_mobile_single_file_no_deps (1).html
1	txz-ancient	txz-shield.html
1	txz-ancient	txa-shield.html
1	txz-ancient	tru.html
1	txz-ancient	shield-tuner.html
1	txz-ancient	shield-ripples/final-production-kit/album_10_tracks_full.bundle.js
1	txz-ancient	index.html
1	txz-ancient	index-real.html
1	txz-ancient	hub.html
1	trui	worlds/tempo.html
1	trui	worlds/scale.html
1	trui	worlds/recursion.html
1	trui	worlds/phase.html
1	trui	worlds/mirror.html
1	trui	worlds/light.html
1	trui	worlds/anomaly.html
1	trui	styles.css
1	trui	launcher.js
1	trui	intro-saul-bass.html
1	trui	index.html
1	training-ground	orientation_training_manual_experimental_media_artifact_html_canvas.html
1	training-ground	index.html
1	training-ground	Index.html
1	trails-and-crates	trails.html
1	trails-and-crates	index.html
1	trails-and-crates	a4.html
1	trails-and-crates	a3.html
1	trails-and-crates	a2.html
1	trails-and-crates	a1.html
1	tractor-field-notes	pca/victor-toolkit.js
1	tractor-field-notes	pca/title-sequence-template.js
1	tractor-field-notes	pca/tempo-os.html
1	tractor-field-notes	pca/tempo-os-victor-demo.html
1	tractor-field-notes	pca/surreal.html
1	tractor-field-notes	pca/surreal-os-victor-index.html
1	tractor-field-notes	pca/surreal-os-victor-index-old.html
1	tractor-field-notes	pca/style.css
1	tractor-field-notes	pca/scale-os-victor-demo.html
1	tractor-field-notes	pca/pca-01.html
1	tractor-field-notes	pca/morph-os-victor-demo.html
1	tractor-field-notes	pca/mirror-os.html
1	tractor-field-notes	pca/mirror-os-victor-demo.html
1	tractor-field-notes	pca/light-os-victor-demo.html
1	tractor-field-notes	pca/index.html
1	tractor-field-notes	pca/archive-os-victor-demo.html
1	tractor-field-notes	pca/app.js
1	tractor-field-notes	pca/anomaly-os-victor-demo.html
1	tractor-field-notes	index.html
1	tractor-field-notes	bluefoot/index.html
1	tractor-field-notes	bluefoot/exported-assets (7)/script_1.py
1	tractor-field-notes	bluefoot/exported-assets (7)/script.py
1	tractor-field-notes	bluefoot/exported-assets (7)/chart_script_2.py
1	tractor-field-notes	bluefoot/exported-assets (7)/chart_script_1.py
1	tractor-field-notes	bluefoot/exported-assets (7)/chart_script.py
1	tractor-field-notes	bluefoot/exported-assets (7) 2/script_1.py
1	tractor-field-notes	bluefoot/exported-assets (7) 2/script.py
1	tractor-field-notes	bluefoot/exported-assets (7) 2/chart_script_2.py
1	tractor-field-notes	bluefoot/exported-assets (7) 2/chart_script_1.py
1	tractor-field-notes	bluefoot/exported-assets (7) 2/chart_script.py
1	tractor-field-notes	bluefoot/ai_studio_code - 2025-09-26T095445.597.html
1	tractor-field-notes	bluefoot/ai_studio_code - 2025-09-26T094726.487.html
1	tractor-field-notes	bluefoot/ai_studio_code - 2025-09-26T094607.661.html
1	tractor-field-notes	VOLHOLLA_AIR/vols.html
1	tractor-field-notes	VOLHOLLA_AIR/vols-04.html
1	tractor-field-notes	VOLHOLLA_AIR/vols-03.html
1	tractor-field-notes	VOLHOLLA_AIR/vols-02.html
1	tractor-field-notes	VOLHOLLA_AIR/volholla_single_file_b_b_website_index.html
1	tractor-field-notes	VOLHOLLA_AIR/volholla_single_file_b_b_website_index (1).html
1	tractor-field-notes	VOLHOLLA_AIR/vol.html
1	tractor-field-notes	VOLHOLLA_AIR/index.html
1	tractor-field-notes	VOLHOLLA_AIR/exported-assets (9)/script_1.py
1	tractor-field-notes	VOLHOLLA_AIR/exported-assets (9)/script.py
1	tractor-field-notes	VOLHOLLA_AIR/exported-assets (9)/chart_script_1.py
1	tractor-field-notes	VOLHOLLA_AIR/exported-assets (9)/chart_script.py
1	tractor-field-notes	VOLHOLLA_AIR/exported-assets (8)/script_3.py
1	tractor-field-notes	VOLHOLLA_AIR/exported-assets (8)/script_2.py
1	tractor-field-notes	VOLHOLLA_AIR/exported-assets (8)/script_1.py
1	tractor-field-notes	VOLHOLLA_AIR/exported-assets (8)/script.py
1	tractor-field-notes	VOLHOLLA_AIR/exported-assets (8)/chart_script.py
1	tractor-field-notes	VOLHOLLA_AIR/exported-assets (10)/style.css
1	tractor-field-notes	VOLHOLLA_AIR/exported-assets (10)/index.html
1	tractor-field-notes	VOLHOLLA_AIR/exported-assets (10)/app.js
1	tractor-field-notes	VOLHOLLA_AIR/analysis.html
1	tractor-field-notes	TRACTOR FOLKLOGICUS/tract-09.html
1	tractor-field-notes	TRACTOR FOLKLOGICUS/tract-08.html
1	tractor-field-notes	TRACTOR FOLKLOGICUS/tract-07b.html
1	tractor-field-notes	TRACTOR FOLKLOGICUS/tract-07.html
1	tractor-field-notes	TRACTOR FOLKLOGICUS/tract-07-flux.html
1	tractor-field-notes	TRACTOR FOLKLOGICUS/tract-07-clean.html
1	tractor-field-notes	TRACTOR FOLKLOGICUS/tract-06.html
1	tractor-field-notes	TRACTOR FOLKLOGICUS/tract-05-formalized.html
1	tractor-field-notes	TRACTOR FOLKLOGICUS/tract-04.html
1	tractor-field-notes	TRACTOR FOLKLOGICUS/tract-03.html
1	tractor-field-notes	TRACTOR FOLKLOGICUS/tract-02.html
1	tractor-field-notes	TRACTOR FOLKLOGICUS/tract-01.html
1	tractor-field-notes	TRACTOR FOLKLOGICUS/index.html
1	tractor-field-notes	THE FORK/RAILWAY GAME/thousand-tetrad-00.html
1	tractor-field-notes	SHROUDED HISTORY/viz.html
1	tractor-field-notes	SHROUDED HISTORY/visualize2.html
1	tractor-field-notes	SHROUDED HISTORY/visualize.html
1	tractor-field-notes	SHROUDED HISTORY/index.html
1	tractor-field-notes	SHROUDED HISTORY/extract_instances.py
1	tractor-field-notes	SHROUDED HISTORY/compare.html
1	tractor-field-notes	SHROUDED HISTORY/Pixel-Level Mural Reconstruction Prompts.html
1	tractor-field-notes	SHROUDED HISTORY/Legal Analysis of Federal Art Ownership.html
1	tractor-field-notes	SHROUDED HISTORY/Geertzian Analysis of O'Hanlon Mural.html
1	tractor-field-notes	SHROUDED HISTORY/Describing and Generating Art.html
1	tractor-field-notes	PROMPT COMPOSER/PC_PRIME/prompt-chain-lab.html
1	tractor-field-notes	POTTERS_WHEEL/unthinkable_media_engine_single_file_html_atlantis_edition_BET.html
1	tractor-field-notes	POTTERS_WHEEL/temporal_sculptor_gear_editor_web_m_export.html
1	tractor-field-notes	POTTERS_WHEEL/temporal_sculptor_gear_editor_web_m_export (6).html
1	tractor-field-notes	POTTERS_WHEEL/temporal_sculptor_gear_editor_web_m_export (5).html
1	tractor-field-notes	POTTERS_WHEEL/temporal_sculptor_gear_editor_web_m_export (4).html
1	tractor-field-notes	POTTERS_WHEEL/temporal_sculptor_gear_editor_web_m_export (3).html
1	tractor-field-notes	POTTERS_WHEEL/temporal_sculptor_gear_editor_web_m_export (2).html
1	tractor-field-notes	POTTERS_WHEEL/temporal_sculptor_gear_editor_web_m_export (1).html
1	tractor-field-notes	POTTERS_WHEEL/prime_inception_medium_poml_runner_single_file_html.html
1	tractor-field-notes	POTTERS_WHEEL/prime_inception_medium_poml_runner_single_file_html (5).html
1	tractor-field-notes	POTTERS_WHEEL/prime_inception_medium_poml_runner_single_file_html (4).html
1	tractor-field-notes	POTTERS_WHEEL/prime_inception_medium_poml_runner_single_file_html (2).html
1	tractor-field-notes	POTTERS_WHEEL/prime_inception_medium_poml_runner_single_file_html (1).html
1	tractor-field-notes	POTTERS_WHEEL/prime_inception_medium_poml_runner_single_file_BET.html
1	tractor-field-notes	POTTERS_WHEEL/morphic_mergefield_mobile_canvas_prototype_html_css_js_single_file_BET.html
1	tractor-field-notes	POTTERS_WHEEL/morphic_mergefield_mobile_canvas_prototype_html_css_js_single_file_1_BET.html
1	tractor-field-notes	POTTERS_WHEEL/morphic_mergefield_mobile_canvas_prototype_html_css_js_single_file (2).html
1	tractor-field-notes	POTTERS_WHEEL/main_gear_film_engine_v_2-BET.html
1	tractor-field-notes	POTTERS_WHEEL/main_gear_film_engine_pro_arc_mix_controls.html
1	tractor-field-notes	POTTERS_WHEEL/index_minimal.html
1	tractor-field-notes	POTTERS_WHEEL/index.html
1	tractor-field-notes	POTTERS_WHEEL/hyperclay_mobile_mixer_single_file_html_works_with_real_video-blob-BET.html
1	tractor-field-notes	POTTERS_WHEEL/hyperclay_mobile_mixer_single_file_html_works_with_real_video-BET.html
1	tractor-field-notes	POTTERS_WHEEL/hyperclay_mobile_mixer_single_file_html_works_with_real_video (4).html
1	tractor-field-notes	POTTERS_WHEEL/hyperclay_mobile_mixer_single_file_html_works_with_real_video (3).html
1	tractor-field-notes	POTTERS_WHEEL/hyperclay_mobile_mixer_single_file_html_works_with_real_video (2).html
1	tractor-field-notes	POTTERS_WHEEL/hyperclay_fusion_wheel_option_2_prototype_mobile_single_file_BBET.html
1	tractor-field-notes	POTTERS_WHEEL/hyperclay_fusion_wheel_option_2_prototype_mobile_single_file (1).html
1	tractor-field-notes	POTTERS_WHEEL/hyperclay_fusion_wheel_option_2_linear_export_hi_q_sonic_haptic-BETTER.html
1	tractor-field-notes	POTTERS_WHEEL/hyperclay_fusion_wheel_option_2_all_out_poc_ok.html
1	tractor-field-notes	POTTERS_WHEEL/hyperclay_fusion_wheel_option_2_all_out_poc.html
1	tractor-field-notes	POTTERS_WHEEL/hyperclay_fusion_wheel_option_2_all_out_poc (6).html
1	tractor-field-notes	POTTERS_WHEEL/hyperclay_fusion_wheel_option_2_all_out_poc (5).html
1	tractor-field-notes	POTTERS_WHEEL/hyperclay_fusion_wheel_option_2_all_out_poc (4).html
1	tractor-field-notes	POTTERS_WHEEL/hyperclay_fusion_wheel_option_2_all_out_poc (3).html
1	tractor-field-notes	POTTERS_WHEEL/hyperclay_fusion_wheel_option_2_all_out_poc (2).html
1	tractor-field-notes	POTTERS_WHEEL/hyperclay_fusion_wheel_option_2_all_out_poc (1).html
1	tractor-field-notes	POTTERS_WHEEL/hyperclay_fusion_wheel_3_d_mvp_single_file_GREAT.html
1	tractor-field-notes	POTTERS_WHEEL/hyperclay_fusion_wheel_3_d_mvp_single_file-coulda-been.html
1	tractor-field-notes	POTTERS_WHEEL/hyperclay_fusion_wheel_3_d_mvp_single_file-1-BET.html
1	tractor-field-notes	POTTERS_WHEEL/hyperclay_fusion_wheel_3_d_mvp_prototype.html
1	tractor-field-notes	POTTERS_WHEEL/hyperclay_fusion_wheel_3_d_mobile_editor_single_file_html_css_js.html
1	tractor-field-notes	POTTERS_WHEEL/hyperclay_fusion_wheel_3_d_mobile_editor_single_file_html_css_js (1).html
1	tractor-field-notes	POTTERS_WHEEL/gear_narrative_engine_script_wheels_fountain_fdx_import_bet.html
1	tractor-field-notes	POTTERS_WHEEL/gear_narrative_engine_script_wheels_fountain_fdx_import.html
1	tractor-field-notes	POTTERS_WHEEL/gear_narrative_engine_full_send_single_file-BET.html
1	tractor-field-notes	POTTERS_WHEEL/gear_narrative_engine_arc_sequencer_normal_output_16_9-BET.html
1	tractor-field-notes	POTTERS_WHEEL/gear_narrative_engine_arc_sequencer_mechanical_nle.html
1	tractor-field-notes	POTTERS_WHEEL/gear_editing_canvas.html
1	tractor-field-notes	POTTERS_WHEEL/gear_editing_canvas (4).html
1	tractor-field-notes	POTTERS_WHEEL/gear_editing_canvas (3).html
1	tractor-field-notes	POTTERS_WHEEL/gear_editing_canvas (2).html
1	tractor-field-notes	POTTERS_WHEEL/gear_editing_canvas (1).html
1	tractor-field-notes	POTTERS_WHEEL/cinome_sculpting_chamber_mobile_no_deps.html
1	tractor-field-notes	POTTERS_WHEEL/cinome_sculpting_chamber_centered_infinity_mobile_no_deps.html
1	tractor-field-notes	POTTERS_WHEEL/cinematic_data_wall_tetrad_edition_mobile_no_deps.html
1	tractor-field-notes	POTTERS_WHEEL/cinematic_data_wall_helix_weave_mobile_no_deps.html
1	tractor-field-notes	POTTERS_WHEEL/cinematic_data_wall_editor_mobile_v_0.html
1	tractor-field-notes	POTTERS_WHEEL/cinematic_data_wall_editor_mobile_single_file_no_deps.html
1	tractor-field-notes	POTTERS_WHEEL/cinematic_data_wall_editor_mobile_single_file_no_deps (1).html
1	tractor-field-notes	Hephaestus Narrative OS/vss-01.html
1	tractor-field-notes	Hephaestus Narrative OS/sf01.html
1	tractor-field-notes	Hephaestus Narrative OS/pbc-01.html
1	tractor-field-notes	Hephaestus Narrative OS/osf-01.html
1	tractor-field-notes	Hephaestus Narrative OS/or-ba.html
1	tractor-field-notes	Hephaestus Narrative OS/index.html
1	tractor-field-notes	Hephaestus Narrative OS/hnz-43.html
1	tractor-field-notes	Hephaestus Narrative OS/hnz-42.html
1	tractor-field-notes	Hephaestus Narrative OS/hnz-41.html
1	tractor-field-notes	Hephaestus Narrative OS/hnz-40.html
1	tractor-field-notes	Hephaestus Narrative OS/hnz-39.html
1	tractor-field-notes	Hephaestus Narrative OS/hnz-38.html
1	tractor-field-notes	Hephaestus Narrative OS/hn-os-25.html
1	tractor-field-notes	Hephaestus Narrative OS/hn-os-21.html
1	tractor-field-notes	Hephaestus Narrative OS/hn-odd.html
1	tractor-field-notes	Hephaestus Narrative OS/hf-48.html
1	tractor-field-notes	Hephaestus Narrative OS/hf-46.html
1	tractor-field-notes	Hephaestus Narrative OS/hf-45.html
1	tractor-field-notes	Hephaestus Narrative OS/hf-44.html
1	tractor-field-notes	Hephaestus Narrative OS/hf-01.html
1	tractor-field-notes	FUSE/owe7.html
1	tractor-field-notes	FUSE/owe6.html
1	tractor-field-notes	FUSE/owe5.html
1	tractor-field-notes	FUSE/owe4.html
1	tractor-field-notes	FUSE/owe3.html
1	tractor-field-notes	FUSE/owe2.html
1	tractor-field-notes	FUSE/owe-1.html
1	tractor-field-notes	FUSE/m4.html
1	tractor-field-notes	FUSE/m2.html
1	tractor-field-notes	FUSE/m1.html
1	tractor-field-notes	FUSE/iyex.html
1	tractor-field-notes	FUSE/iyeti.html
1	tractor-field-notes	FUSE/ipflex.html
1	tractor-field-notes	FUSE/ip-flex-free.html
1	tractor-field-notes	FUSE/ip-flex-free-10.html
1	tractor-field-notes	FUSE/ip-flex-free-09.html
1	tractor-field-notes	FUSE/ip-flex-free-08.html
1	tractor-field-notes	FUSE/ip-flex-free-07.html
1	tractor-field-notes	FUSE/ip-flex-free-06.html
1	tractor-field-notes	FUSE/ip-flex-free-05.html
1	tractor-field-notes	FUSE/ip-flex-free-04.html
1	tractor-field-notes	FUSE/ip-flex-free-03.html
1	tractor-field-notes	FUSE/ip-flex-free-02.html
1	tractor-field-notes	FUSE/ip-flex-02.html
1	tractor-field-notes	FUSE/index.html
1	tractor-field-notes	FUSE/ilex.html
1	tractor-field-notes	FUSE/ibex.html
1	tractor-field-notes	FUSE/gs4.html
1	tractor-field-notes	FUSE/gs3.html
1	tractor-field-notes	FUSE/gs2.html
1	tractor-field-notes	FUSE/gs2-plus.html
1	tractor-field-notes	FUSE/gs2-core.html
1	tractor-field-notes	FUSE/gs2-base.html
1	tractor-field-notes	FUSE/gs1.html
1	tractor-field-notes	FUSE/gs-dev.html
1	tractor-field-notes	FUSE/gm9.html
1	tractor-field-notes	FUSE/gm8.html
1	tractor-field-notes	FUSE/gm7.html
1	tractor-field-notes	FUSE/gm6.html
1	tractor-field-notes	FUSE/gm5.html
1	tractor-field-notes	FUSE/gm4.html
1	tractor-field-notes	FUSE/gm3.html
1	tractor-field-notes	FUSE/gm2.html
1	tractor-field-notes	FUSE/gm10.html
1	tractor-field-notes	FUSE/gm1.html
1	tractor-field-notes	FUSE/gm-ooo.html
1	tractor-field-notes	FUSE/gg2.html
1	tractor-field-notes	FUSE/gg1.html
1	tractor-field-notes	FUSE/gf5.html
1	tractor-field-notes	FUSE/gf4.html
1	tractor-field-notes	FUSE/gf3.html
1	tractor-field-notes	FUSE/gf2.html
1	tractor-field-notes	FUSE/gf1.html
1	tractor-field-notes	FUSE/g9.html
1	tractor-field-notes	FUSE/g8.html
1	tractor-field-notes	FUSE/g7.html
1	tractor-field-notes	FUSE/g6.html
1	tractor-field-notes	FUSE/g5.html
1	tractor-field-notes	FUSE/g4.html
1	tractor-field-notes	FUSE/g3.html
1	tractor-field-notes	FUSE/g2.html
1	tractor-field-notes	FUSE/g13.html
1	tractor-field-notes	FUSE/g12.html
1	tractor-field-notes	FUSE/g11.html
1	tractor-field-notes	FUSE/g10.html
1	tractor-field-notes	FUSE/g1.html
1	tractor-field-notes	FUSE/fu9.html
1	tractor-field-notes	FUSE/fu8.html
1	tractor-field-notes	FUSE/fu7.html
1	tractor-field-notes	FUSE/fu6.html
1	tractor-field-notes	FUSE/fu5.html
1	tractor-field-notes	FUSE/fu4.html
1	tractor-field-notes	FUSE/fu3.html
1	tractor-field-notes	FUSE/fu2.html
1	tractor-field-notes	FUSE/fu11.html
1	tractor-field-notes	FUSE/fu10.html
1	tractor-field-notes	FUSE/fu1.html
1	tractor-field-notes	FUSE/f7.html
1	tractor-field-notes	FUSE/f6.html
1	tractor-field-notes	FUSE/f5.html
1	tractor-field-notes	FUSE/f4.html
1	tractor-field-notes	FUSE/f3.html
1	tractor-field-notes	FUSE/f2.html
1	tractor-field-notes	FUSE/f1.html
1	tractor-field-notes	FUSE/extract_html_titles.py
1	tractor-field-notes	FUSE/ecd9.html
1	tractor-field-notes	FUSE/ecd8.html
1	tractor-field-notes	FUSE/ecd7.html
1	tractor-field-notes	FUSE/ecd6.html
1	tractor-field-notes	FUSE/ecd5.html
1	tractor-field-notes	FUSE/ecd4.html
1	tractor-field-notes	FUSE/ecd3.html
1	tractor-field-notes	FUSE/ecd23.html
1	tractor-field-notes	FUSE/ecd22.html
1	tractor-field-notes	FUSE/ecd21.html
1	tractor-field-notes	FUSE/ecd20.html
1	tractor-field-notes	FUSE/ecd2.html
1	tractor-field-notes	FUSE/ecd19.html
1	tractor-field-notes	FUSE/ecd18.html
1	tractor-field-notes	FUSE/ecd17.html
1	tractor-field-notes	FUSE/ecd16.html
1	tractor-field-notes	FUSE/ecd15.html
1	tractor-field-notes	FUSE/ecd14.html
1	tractor-field-notes	FUSE/ecd13.html
1	tractor-field-notes	FUSE/ecd12.html
1	tractor-field-notes	FUSE/ecd11.html
1	tractor-field-notes	FUSE/ecd10.html
1	tractor-field-notes	FUSE/ecd1.html
1	tractor-field-notes	FUSE/ecd-u5.html
1	tractor-field-notes	FUSE/ecd-u4.html
1	tractor-field-notes	FUSE/ecd-u3.html
1	tractor-field-notes	FUSE/ecd-u2.html
1	tractor-field-notes	FUSE/ecd-u1.html
1	tractor-field-notes	FUSE/ecd-fu-odd.html
1	tractor-field-notes	ETHICS INFRASTRUCTURE/paper.html
1	tractor-field-notes	ETHICS INFRASTRUCTURE/index.html
1	tractor-field-notes	ETHICS INFRASTRUCTURE/hub-of-hubs.html
1	tractor-field-notes	ETHICS INFRASTRUCTURE/ethics_infra_hub (7).html
1	tractor-field-notes	ETHICS INFRASTRUCTURE/ethics_infra_hub (6).html
1	tractor-field-notes	ETHICS INFRASTRUCTURE/ethics_infra_hub (5).html
1	tractor-field-notes	ETHICS INFRASTRUCTURE/ethics_infra_hub (4).html
1	tractor-field-notes	ETHICS INFRASTRUCTURE/ethics_infra_hub (3).html
1	tractor-field-notes	ETHICS INFRASTRUCTURE/ethics_infra_hub (2).html
1	tractor-field-notes	ETHICS INFRASTRUCTURE/ethics_infra_hub (1).html
1	tractor-field-notes	ETHICS INFRASTRUCTURE/bindex.html
1	tractor-field-notes	EOS/operating-system/index.html
1	tractor-field-notes	EOS/operating-system/games/tide-turner/parent/index.html
1	tractor-field-notes	EOS/operating-system/games/tide-turner/child_ttl1/index.html
1	tractor-field-notes	EOS/operating-system/games/sky-lantern-relay/parent/index.html
1	tractor-field-notes	EOS/operating-system/games/sky-lantern-relay/child_ttl1/index.html
1	tractor-field-notes	EOS/operating-system/games/lumen-loom/parent/index.html
1	tractor-field-notes	EOS/operating-system/games/lumen-loom/child_ttl1/index.html
1	tractor-field-notes	EOS/operating-system/games/echo-meadow/parent/index.html
1	tractor-field-notes	EOS/operating-system/games/echo-meadow/child_ttl1/index.html
1	tractor-field-notes	EOS/operating-system/games/bloom-orbit/parent/index.html
1	tractor-field-notes	EOS/operating-system/games/bloom-orbit/child_ttl1/index.html
1	tractor-field-notes	EOS/operating-system/games/aurora-chimes/parent/index.html
1	tractor-field-notes	EOS/operating-system/games/aurora-chimes/child_ttl1/index.html
1	tractor-field-notes	DYAD/tournament.html
1	tractor-field-notes	DYAD/scan-assets.js
1	tractor-field-notes	DYAD/reader.html
1	tractor-field-notes	DYAD/parse-chapters-final-verdicts.js
1	tractor-field-notes	DYAD/onyx-thumb.html
1	tractor-field-notes	DYAD/mapping.html
1	tractor-field-notes	DYAD/index.html
1	tractor-field-notes	DYAD/generate_narratives_index.py
1	tractor-field-notes	DYAD/generate-bracket.js
1	tractor-field-notes	DYAD/extract-ontology.js
1	tractor-field-notes	DYAD/create-chapter-folders.js
1	tractor-field-notes	DYAD/bracket_diagnostic.py
1	tractor-field-notes	DYAD/bracket.html
1	tractor-field-notes	DYAD/analyze-themes.js
1	tractor-field-notes	CAN/hyperclay.html
1	tractor-field-notes	CAN/hyperclay-trex.html
1	tractor-field-notes	CAN/hyperclay-trex-refined.html
1	tractor-field-notes	CAN/hyperclay-trex-minimal.html
1	tractor-field-notes	CAN/hyperclay-trex-color.html
1	tractor-field-notes	CAN/hyperclay-studio.html
1	tractor-field-notes	CAN/hyperclay-sonifier.html
1	tractor-field-notes	CAN/hyperclay-rex.html
1	tractor-field-notes	CAN/hyperclay-quad.html
1	tractor-field-notes	CAN/hyperclay-index.html
1	tractor-field-notes	CAN/hyperclay-edit.html
1	tractor-field-notes	CAN/hyperclay-drex.html
1	tractor-field-notes	CAN/hyperclay-deck.html
1	tractor-field-notes	CAN/hyperclay-crispr.html
1	tractor-field-notes	CAN/hyperclay-cinema.html
1	tractor-field-notes	CAN/hyperclay-blend.html
1	tractor-field-notes	2400_25/tools/export_structured.py
1	tractor-field-notes	2400_25/tdl-03.html
1	tractor-field-notes	2400_25/tdl-02.html
1	tractor-field-notes	2400_25/tdl-01.html
1	tractor-field-notes	2400_25/real-cal.html
1	tractor-field-notes	2400_25/os-dope-00.html
1	tractor-field-notes	2400_25/os-dope-00 copy.html
1	tractor-field-notes	2400_25/mission-00.html
1	tractor-field-notes	2400_25/lmc_2400_course_operating_system_os_interactive_prototype.jsx
1	tractor-field-notes	2400_25/lmc2400_enculturation_timeline.html
1	tractor-field-notes	2400_25/index.html
1	tractor-field-notes	2400_25/f25-structured.html
1	tractor-field-notes	2400_25/f25-01.html
1	tractor-field-notes	2400_25/f25-00.html
1	tractor-field-notes	2400_25/codex-export.html
1	tractor-field-notes	2400_25/calendar-ticker.html
1	tractor-field-notes	2400_25/bateson-03-good.html
1	tractor-field-notes	2400_25/bateson-02.html
1	tractor-field-notes	2400_25/bateson-01-BET.html
1	tractor-field-notes	2400_25/arcas-04-lineage-game-clicky.html
1	tractor-field-notes	2400_25/arcas-03-symbolic-biosphere.html
1	tractor-field-notes	2400_25/arcas-02-victor-os-syntigration-timeline_GOOD.html
1	tractor-field-notes	2400_25/arcas-01-agent-sim.html
1	tractor-field-notes	2400_25/arcas-00.html
1	tractor-field-notes	2400_25/app-template.html
1	tractor-dce-gyo	worlds-that-speak.html
1	tractor-dce-gyo	worldinator-02.html
1	tractor-dce-gyo	words-become-worlds.html
1	tractor-dce-gyo	wag-viewer-prime-integration-20251112-055341 copy/wag-viewer-prime.html
1	tractor-dce-gyo	wag-viewer-prime-integration-20251112-055341 copy/wag-silver-editor copy.html
1	tractor-dce-gyo	wag-viewer-prime-integration-20251112-055341 copy/wag-primitive-chrome-copy.html
1	tractor-dce-gyo	wag-viewer-prime-integration-20251112-055341 copy/wag-gold-scenes.html
1	tractor-dce-gyo	wag-viewer-prime-integration-20251112-055341 copy/wag-gold-editor copy.html
1	tractor-dce-gyo	wag-viewer-prime-integration-20251112-055341 copy/wag-bronze-editor copy.html
1	tractor-dce-gyo	wag-viewer-prime-integration-20251112-055341 copy/swiss-quickstart.html
1	tractor-dce-gyo	wag-viewer-prime-integration-20251112-055341 copy/swiss-frank-scene.html
1	tractor-dce-gyo	wag-viewer-prime-integration-20251112-055341 copy/parts-browser.html
1	tractor-dce-gyo	wag-viewer-prime-integration-20251112-055341 copy/ldraw/index copy.html
1	tractor-dce-gyo	wag-symbiote.html
1	tractor-dce-gyo	wag-silver-editor.html
1	tractor-dce-gyo	wag-prot.html
1	tractor-dce-gyo	wag-primitive-editor.html
1	tractor-dce-gyo	wag-pres.html
1	tractor-dce-gyo	wag-inspector.html
1	tractor-dce-gyo	wag-infinity.html
1	tractor-dce-gyo	wag-hub.html
1	tractor-dce-gyo	wag-frankwag-fromer.html
1	tractor-dce-gyo	wag-fork-mpd-editor.html
1	tractor-dce-gyo	wag-fork-integrated.html
1	tractor-dce-gyo	wag-cool-were.html
1	tractor-dce-gyo	wag-cool-master.html
1	tractor-dce-gyo	wag-cool-courage.html
1	tractor-dce-gyo	wag-cleanroom.html
1	tractor-dce-gyo	wag-bronze-editor.html
1	tractor-dce-gyo	void-management-hub.html
1	tractor-dce-gyo	tutorial-homer.html
1	tractor-dce-gyo	timber-studio.html
1	tractor-dce-gyo	timber-docs.html
1	tractor-dce-gyo	thousand-tetrad.html
1	tractor-dce-gyo	thousand-onyx.html
1	tractor-dce-gyo	test-code.html
1	tractor-dce-gyo	taxonetic.html
1	tractor-dce-gyo	studio-tutorial.html
1	tractor-dce-gyo	studio-tutorial-02.html
1	tractor-dce-gyo	stud-bag.html
1	tractor-dce-gyo	slideshow.html
1	tractor-dce-gyo	sitemap.html
1	tractor-dce-gyo	sitemap-studios.html
1	tractor-dce-gyo	sitemap-modulex.html
1	tractor-dce-gyo	sitemap-manifold.html
1	tractor-dce-gyo	sitemap-manifold-index.html
1	tractor-dce-gyo	sitemap-manifold-06.html
1	tractor-dce-gyo	sitemap-manifold-05.html
1	tractor-dce-gyo	sitemap-manifold-04.html
1	tractor-dce-gyo	sitemap-manifold-02.html
1	tractor-dce-gyo	sitemap-live.html
1	tractor-dce-gyo	sitemap-lego.html
1	tractor-dce-gyo	sitemap-infrastructure.html
1	tractor-dce-gyo	sitemap-full.html
1	tractor-dce-gyo	sitemap-evolution.html
1	tractor-dce-gyo	sitemap-evolution-lite.html
1	tractor-dce-gyo	sitemap-analyzer.html
1	tractor-dce-gyo	shield-of-achilles.html
1	tractor-dce-gyo	seed-index.html
1	tractor-dce-gyo	sceneerator-03.html
1	tractor-dce-gyo	sceneerator-02.html
1	tractor-dce-gyo	scenario-families.html
1	tractor-dce-gyo	research-index.html
1	tractor-dce-gyo	project-genome-tractor.html
1	tractor-dce-gyo	project-genome-dce-gyo.html
1	tractor-dce-gyo	platos-cave.html
1	tractor-dce-gyo	pattern-glossary.html
1	tractor-dce-gyo	parts-materializer.html
1	tractor-dce-gyo	parse-chapters-final-verdicts.js
1	tractor-dce-gyo	parse-chapter-script.js
1	tractor-dce-gyo	parse-chapter-dialogue.js
1	tractor-dce-gyo	onyx-wing.html
1	tractor-dce-gyo	onyx-studio.html
1	tractor-dce-gyo	onyx-studio-tutorial.html
1	tractor-dce-gyo	onyx-studio-slides.html
1	tractor-dce-gyo	onyx-shell.html
1	tractor-dce-gyo	onyx-neck.html
1	tractor-dce-gyo	onyx-nail.html
1	tractor-dce-gyo	onyx-monolith.html
1	tractor-dce-gyo	onyx-head.html
1	tractor-dce-gyo	onyx-core-index.html
1	tractor-dce-gyo	onyx-claw.html
1	tractor-dce-gyo	onyx-bibliography.html
1	tractor-dce-gyo	onyx-arena.html
1	tractor-dce-gyo	mpd-ves-gen.html
1	tractor-dce-gyo	mpd-validator.html
1	tractor-dce-gyo	mpd-line-ves.html
1	tractor-dce-gyo	movieator-02.html
1	tractor-dce-gyo	mobile-weaver-studio.html
1	tractor-dce-gyo	mobile-blue-loom.html
1	tractor-dce-gyo	mobile-assembler.html
1	tractor-dce-gyo	mento-glb-desert.html
1	tractor-dce-gyo	mento-camera-mpd-guide.html
1	tractor-dce-gyo	mento-372.html
1	tractor-dce-gyo	mento-371.html
1	tractor-dce-gyo	mac-01.html
1	tractor-dce-gyo	line-grid-viewer.html
1	tractor-dce-gyo	lgi-pro.html
1	tractor-dce-gyo	ldraw/index copy.html
1	tractor-dce-gyo	ldraw-visualizer.html
1	tractor-dce-gyo	kimi-chat.html
1	tractor-dce-gyo	hyper-monitor.html
1	tractor-dce-gyo	hyper-grid.html
1	tractor-dce-gyo	homer-tutorial-base.html
1	tractor-dce-gyo	homer-studio.html
1	tractor-dce-gyo	homer-step5-mento-brickfilm.html
1	tractor-dce-gyo	homer-step4-master-tune-return.html
1	tractor-dce-gyo	homer-step3-weaver-assembly-gold-bus.html
1	tractor-dce-gyo	homer-step2-courage-rb-gold.html
1	tractor-dce-gyo	homer-step1-swiss-frank-courage.html
1	tractor-dce-gyo	homer-research-log.html
1	tractor-dce-gyo	homer-quickstart.html
1	tractor-dce-gyo	homer-prime.html
1	tractor-dce-gyo	holo-project.html
1	tractor-dce-gyo	hello-world-reversed.html
1	tractor-dce-gyo	grid-walk-prime.html
1	tractor-dce-gyo	gold-to-mpd.js
1	tractor-dce-gyo	generate-part-catalogs.js
1	tractor-dce-gyo	frank-sync-notes.html
1	tractor-dce-gyo	fork.html
1	tractor-dce-gyo	examples/js/loaders/LDrawLoader.js
1	tractor-dce-gyo	courage-master-studio.html
1	tractor-dce-gyo	cool-timber-studio.html
1	tractor-dce-gyo	conveyor.html
1	tractor-dce-gyo	bus-orchestrator.html
1	tractor-dce-gyo	bull-assembly-tutorial.html
1	tractor-dce-gyo	bull-assembly-studio.html
1	tractor-dce-gyo	brickadu.html
1	tractor-dce-gyo	brick-utility.html
1	tractor-dce-gyo	brick-super.html
1	tractor-dce-gyo	brick-sovereign.html
1	tractor-dce-gyo	brick-inc.html
1	tractor-dce-gyo	brick-grid-family-old.html
1	tractor-dce-gyo	brick-grid-fam-00.html
1	tractor-dce-gyo	brick-create.html
1	tractor-dce-gyo	brick-arch.html
1	tractor-dce-gyo	brick-apex.html
1	tractor-dce-gyo	block-ut.html
1	tractor-dce-gyo	block-reactor.html
1	tractor-dce-gyo	block-reactor-presentation.html
1	tractor-dce-gyo	block-reactor-multiscene.html
1	tractor-dce-gyo	block-merge-pro-00.html
1	tractor-dce-gyo	block-lego.html
1	tractor-dce-gyo	block-frank-tetrad.html
1	tractor-dce-gyo	block-ancestor.html
1	tractor-dce-gyo	block-05.html
1	tractor-dce-gyo	block-04.html
1	tractor-dce-gyo	block-03.html
1	tractor-dce-gyo	block-02.html
1	tractor-dce-gyo	block-01.html
1	tractor-dce-gyo	block-00.html
1	tractor-dce-gyo	ball-jar.html
1	tractor-dce-gyo	ball-jar-index-snippet.html
1	tractor-dce-gyo	bag-cultivator.html
1	tractor-dce-gyo	bag-cult-00.html
1	tractor-dce-gyo	ator-studio.html
1	tractor-dce-gyo	ator-base-template.html
1	tractor-dce-gyo	ai_studio_code - 2025-11-26T024246.702.html
1	tractor-dce-gyo	adapt-plus-index.html
1	tractor-dce-gyo	Words Assemble Worlds (1)/windex.html
1	tractor-dce-gyo	Words Assemble Worlds (1)/index.html
1	tractor-dce-gyo	TIMBER-tutorial-prime.html
1	tractor-dce-gyo	MENTO-tutorial-prime.html
1	tractor-dce-gyo	LEGOS-to-Ldraw-bridge.html
1	tractor-dce-gyo	LEGOS-multi-channel-spec.html
1	tractor-dce-gyo	LEGOS-GPT.html
1	tractor-dce-gyo	Brickfilm_Studio_Kit/wag_courage_tests/test-01.html
1	tractor-dce-gyo	Brickfilm_Studio_Kit/system-map.html
1	tractor-dce-gyo	Brickfilm_Studio_Kit/REALITY MEDIA_MOMENTO/video_capture_validator.js
1	tractor-dce-gyo	Brickfilm_Studio_Kit/REALITY MEDIA_MOMENTO/video_capture_system_map.html
1	tractor-dce-gyo	Brickfilm_Studio_Kit/REALITY MEDIA_MOMENTO/video_capture_manager.js
1	tractor-dce-gyo	Brickfilm_Studio_Kit/REALITY MEDIA_MOMENTO/video_capture_interface.js
1	tractor-dce-gyo	Brickfilm_Studio_Kit/REALITY MEDIA_MOMENTO/video_capture_app.js
1	tractor-dce-gyo	Brickfilm_Studio_Kit/REALITY MEDIA_MOMENTO/universal_scene_template.js
1	tractor-dce-gyo	Brickfilm_Studio_Kit/REALITY MEDIA_MOMENTO/undaunted_disc_grid_app.js
1	tractor-dce-gyo	Brickfilm_Studio_Kit/REALITY MEDIA_MOMENTO/undaunted_disc_grid.html
1	tractor-dce-gyo	Brickfilm_Studio_Kit/REALITY MEDIA_MOMENTO/momento_system_map.html
1	tractor-dce-gyo	Brickfilm_Studio_Kit/REALITY MEDIA_MOMENTO/index_hub.html
1	tractor-dce-gyo	Brickfilm_Studio_Kit/REALITY MEDIA_MOMENTO/dynamic-camera.html
1	tractor-dce-gyo	Brickfilm_Studio_Kit/REALITY MEDIA_MOMENTO/brickfilm_studio_system_map.html
1	totb	totb.html
1	totb	totb-02.html
1	totb	index.html
1	totb	ai_studio_code - 2025-09-22T123417.033.html
1	time-atlas	index.html
1	think-outside-the-box	index.html
1	the-republic	thick-prompting.html
1	the-republic	screenplay.html
1	the-republic	republic-viewer.html
1	the-republic	republic-design.css
1	the-republic	papers.html
1	the-republic	papers-old.html
1	the-republic	onyx-rep-backup.html
1	the-republic	index-splash.html
1	the-republic	generate-scripts.html
1	the-republic	ekphrasis-compare.html
1	the-republic	corpus.html
1	the-republic	bibliography.html
1	the-project	shield-vignette-assembly.html
1	the-project	shield-valhalla.html
1	the-project	shield-ultimate.html
1	the-project	shield-territories.html
1	the-project	shield-scroll.html
1	the-project	shield-phase2.html
1	the-project	shield-movie-player.html
1	the-project	shield-mapper.html
1	the-project	shield-lynch-recursive.html
1	the-project	shield-image-city.html
1	the-project	shield-hyperclay.html
1	the-project	shield-hephaestus-ultimate.html
1	the-project	shield-gallery.html
1	the-project	shield-forge.html
1	the-project	shield-drydock.html
1	the-project	shield-comprehensive.html
1	the-project	shield-analytics.html
1	the-project	legos-workbench.html
1	the-project	index.html
1	the-project	hephaestus-constructor.html
1	the-project	gallery-v4.html
1	the-project	gallery-v3.html
1	the-project	gallery-v2.html
1	the-project	gallery-scientific.html
1	the-project	apply_robust_minimal.py
1	the-project	achilles-lynch.html
1	the-project	achilles-09.html
1	the-project	achilles-08.html
1	the-project	achilles-07.html
1	the-project	achilles-06.html
1	the-project	achilles-05.html
1	the-project	achilles-04.html
1	the-project	achilles-03.html
1	the-project	a-11.html
1	the-project	a-10.html
1	the-project	a-09.html
1	the-project	a-08.html
1	the-fork	thousand-tetrad.html
1	the-fork	index.html
1	the-fork	gt-fork.html
1	the-fork	fork-xor.html
1	the-fork	fork-x7.html
1	the-fork	fork-x5.html
1	the-fork	fork-x4.html
1	the-fork	fork-x3.html
1	the-fork	fork-x2.html
1	the-fork	fork-x1.html
1	the-fork	fork-01.html
1	the-fork	cartridge-holder.html
1	the-fork	TRAINING GROUND/training-exercises.html
1	the-fork	TRAINING GROUND/test-controls.html
1	the-fork	TRAINING GROUND/t-01.html
1	the-fork	TRAINING GROUND/orbit-graph.html
1	the-fork	TRAINING GROUND/index.html
1	the-fork	TRAINING GROUND/VISUAL-GUIDE.html
1	the-fork	RAILWAY GAME/train-brain-19.html
1	the-fork	RAILWAY GAME/thousand-tetrad.html
1	the-fork	RAILWAY GAME/thousand-tetrad-00.html
1	the-fork	RAILWAY GAME/railyard-train-agent.js
1	the-fork	RAILWAY GAME/railyard-scenario.js
1	the-fork	RAILWAY GAME/railyard-rendering.js
1	the-fork	RAILWAY GAME/railyard-integration-patch.html
1	the-fork	RAILWAY GAME/railyard-game-loop.js
1	the-fork	RAILWAY GAME/railway-simplified.html
1	the-fork	RAILWAY GAME/railway-junction-real.html
1	the-fork	RAILWAY GAME/railway-full-integration-old.html
1	the-fork	RAILWAY GAME/precursor-integration.html
1	the-fork	RAILWAY GAME/media-negotiation-demo.html
1	the-fork	RAILWAY GAME/STAGE-1-foundation.html
1	the-fork	RAILWAY GAME/CORE-train-brain.js
1	the-fork	RAILWAY GAME/CORE-thousand-tetrad.js
1	the-fork	RAILWAY GAME/CAMERA-SYSTEM-PATCH.js
1	text-ure	urn-52/keats_urn_grid_viewer.html
1	text-ure	urn-52/k5.html
1	text-ure	urn-52/k4.html
1	text-ure	urn-52/k3.html
1	text-ure	urn-52/index.html
1	text-ure	urn-52/apollinaire-calligram-grid-bridge.html
1	text-ure	urn-52/8.html
1	text-ure	urn-52/7.html
1	text-ure	urn-52/6.html
1	text-ure	urn-52/5.html
1	text-ure	urn-52/4.html
1	text-ure	urn-52/3.html
1	text-ure	urn-52/10.html
1	text-ure	urn-52/1.html
1	text-ure	urn-3/index.html
1	text-ure	urn-3/9.html
1	text-ure	urn-3/8.html
1	text-ure	urn-3/7.html
1	text-ure	urn-3/6.html
1	text-ure	urn-3/5.html
1	text-ure	urn-3/4.html
1	text-ure	urn-3/3.html
1	text-ure	urn-3/2.html
1	text-ure	urn-3/13.html
1	text-ure	urn-3/12.html
1	text-ure	urn-3/11.html
1	text-ure	urn-3/10.html
1	text-ure	urn-3/1.html
1	text-ure	text-ure-cascade.html
1	text-ure	text-ure-03.html
1	text-ure	shield 52/index.html
1	text-ure	shield 52/9.html
1	text-ure	shield 52/8.html
1	text-ure	shield 52/7.html
1	text-ure	shield 52/6.html
1	text-ure	shield 52/5.html
1	text-ure	shield 52/4.html
1	text-ure	shield 52/3.html
1	text-ure	shield 52/2.html
1	text-ure	shield 52/12.html
1	text-ure	shield 52/11.html
1	text-ure	shield 52/10.html
1	text-ure	shield 52/1.html
1	text-ure	shield 3/index.html
1	text-ure	shield 3/4.html
1	text-ure	shield 3/3.html
1	text-ure	shield 3/2.html
1	text-ure	shield 3/1.html
1	text-ure	prompt-codex.html
1	text-ure	poml.html
1	text-ure	poml-scroll.html
1	text-ure	poml-ide.html
1	text-ure	poml-codex-source.html
1	text-ure	media-op.html
1	text-ure	media-index.html
1	text-ure	kittler-zettelkasten.html
1	text-ure	index-old.html
1	text-ure	extract_poml.py
1	text-ure	ek-ide.html
1	text-ure	auden-shield/media-traversal.html
1	text-ure	auden-shield/index.html
1	text-ure	auden-shield/5-ops-schemas.html
1	text-ure	auden-shield/4-carey-ritual.html
1	text-ure	auden-shield/3-ekphrasis.html
1	text-ure	auden-shield/2-kittler.html
1	text-ure	auden-shield/1-calligram.html
1	tetrad-gamepad	mobile.html
1	synesthetic-flux-console	woven-rhtythms.html
1	synesthetic-flux-console	touch.html
1	synesthetic-flux-console	sonic-mandala.html
1	synesthetic-flux-console	resonant-field.html
1	synesthetic-flux-console	edifice.html
1	synesthetic-flux-console	dialogue.html
1	synesthetic-flux-console	constellation.html
1	synesthetic-flux-console	breath.html
1	synesthetic-flux-console	botanica.html
1	synesthetic-flux-console	botanica-04.html
1	synesthetic-flux-console	botanica-02.html
1	synesthetic-flux-console	botanica-01.html
1	synarchiv	true2-train.html
1	synarchiv	true-train.html
1	synarchiv	train-wheels-stage2.html
1	synarchiv	train-simple.html
1	synarchiv	train-proper.html
1	synarchiv	train-progressive-track.html
1	synarchiv	train-physics.html
1	synarchiv	train-physics-v2.html
1	synarchiv	train-fixed.html
1	synarchiv	train-curved-track.html
1	synarchiv	train-brain9.html
1	synarchiv	train-brain8.html
1	synarchiv	train-brain7.html
1	synarchiv	train-brain7-enhanced.html
1	synarchiv	train-brain6.html
1	synarchiv	train-brain5.html
1	synarchiv	train-brain4.html
1	synarchiv	train-brain3.html
1	synarchiv	train-brain2.html
1	synarchiv	train-brain19lucky.html
1	synarchiv	train-brain19.html
1	synarchiv	train-brain19-double-lucky.html
1	synarchiv	train-brain18.html
1	synarchiv	train-brain17lucky.html
1	synarchiv	train-brain17.html
1	synarchiv	train-brain16.html
1	synarchiv	train-brain15.html
1	synarchiv	train-brain14.html
1	synarchiv	train-brain13lucky.html
1	synarchiv	train-brain13.html
1	synarchiv	train-brain12.html
1	synarchiv	train-brain11.html
1	synarchiv	train-brain10.html
1	synarchiv	train-brain.html
1	synarchiv	star.html
1	synarchiv	sleek-drawer.html
1	synarchiv	railway-engineering.html
1	synarchiv	multiple-wheels.html
1	synarchiv	iso-mem-reset.html
1	synarchiv	iso-mem-degen-01.html
1	synarchiv	iso-mem-claud-gem.html
1	synarchiv	iso-mem-06.html
1	synarchiv	iso-mem-05.html
1	synarchiv	iso-mem-04.html
1	synarchiv	iso-mem-03.html
1	synarchiv	iso-drawer.html
1	synarchiv	iso-drawer-simple.html
1	synarchiv	index.html
1	synarchiv	cultural-train.html
1	synarchiv	cultural-train-04-post-alignment.html
1	synarchiv	cultural-train-03.html
1	synarchiv	cultural-train-02.html
1	synarchiv	cultural-memory-locomotive.html
1	synarchiv	about.html
1	synarchiv	Iso-Memory-Vault.html
1	sympathetic-magic	view-05.html
1	sympathetic-magic	view-04.html
1	sympathetic-magic	view-03.html
1	sympathetic-magic	view-022.html
1	sympathetic-magic	view-01.html
1	sympathetic-magic	sympatheia_protocol.html
1	sympathetic-magic	generate-avatar-image.py
1	sterner	style_1.css
1	sterner	style.css
1	sterner	soundscapes-interface.zip/style.css
1	sterner	soundscapes-interface.zip/index.html
1	sterner	soundscapes-interface.zip/app.js
1	sterner	script.py
1	sterner	index.html
1	sterner	app_1.js
1	sterner	app.js
1	sr-os	tempo-os.js
1	sr-os	scale-os.js
1	sr-os	morph-os.js
1	sr-os	mirror-os.js
1	sr-os	light-os.js
1	sr-os	intros.js
1	sr-os	intro-recorder.js
1	sr-os	index.html
1	sr-os	core.js
1	sr-os	archive-os.js
1	sr-os	anomaly-os.js
1	spuddy-west	index.html
1	soul-mansion	m2.html
1	soul-mansion	m1.html
1	soul-mansion	index.html
1	smith-deck	smith-radio.html
1	smith-deck	smith-puppet-complex.html
1	smith-deck	smith-255.html
1	smith-deck	sg-01.html
1	smith-deck	sg-00.html
1	smith-deck	new.html
1	smith-deck	index-min-alt.html
1	smith-deck	dub-base.html
1	smith-deck	double-smith.html
1	smith-deck	classic-index.html
1	smith-deck	ai_studio_code (92).html
1	smith-deck	ai_studio_code (90).html
1	silence-has-rules	stern.html
1	silence-has-rules	sapir.html
1	silence-has-rules	cage.html
1	shroud-project	viz.html
1	shroud-project	visualize2.html
1	shroud-project	visualize.html
1	shroud-project	extract_instances.py
1	shroud-project	compare.html
1	shroud-project	Pixel-Level Mural Reconstruction Prompts.html
1	shroud-project	Legal Analysis of Federal Art Ownership.html
1	shroud-project	Geertzian Analysis of O'Hanlon Mural.html
1	shroud-project	Describing and Generating Art.html
1	shoot-is-program	post_binary_media_theory_single_file_presentation.html
1	shoot-is-program	flusser_episodes_mobile_presentation_player.html
1	shoot-is-program	flusser_episodes_mobile_presentation_player (1).html
1	shoot-is-program	flusser_4_platforms_clean_deck.html
1	shoot-is-program	comparative_formal_models_single_file_presentation.html
1	shoot-is-program	ai_studio_code - 2025-09-18T132737.678.html
1	shoot-is-program	ai_studio_code - 2025-09-18T132452.819.html
1	shoot-is-program	ai_studio_code - 2025-09-18T131603.159.html
1	shoot-is-program	ai_studio_code - 2025-09-18T131555.655.html
1	shoot-is-program	ai_studio_code - 2025-09-18T131542.231.html
1	shoot-is-program	ai_studio_code - 2025-09-18T131427.306.html
1	shoot-is-program	ai_studio_code - 2025-09-18T131149.302.html
1	shoot-is-program	ai_studio_code - 2025-09-18T130833.175.html
1	shoot-is-program	ai_studio_code - 2025-09-18T130707.466.html
1	shoot-is-program	ai_studio_code - 2025-09-18T130206.784.html
1	shoot-is-program	ai_studio_code - 2025-09-18T125634.521.html
1	sense-ritual	trails_before_links_saul_bass_film_html.html
1	sense-ritual	trails_before_links_saul_bass_film_html (2).html
1	sense-ritual	timeline-garden.html
1	sense-ritual	test-final-screen.html
1	sense-ritual	synt.html
1	sense-ritual	swiper-test-closure.html
1	sense-ritual	swiper-sogo.html
1	sense-ritual	swiper-sogo-fixed.html
1	sense-ritual	swiper-so.html
1	sense-ritual	swiper-no.html
1	sense-ritual	swiper-mo.html
1	sense-ritual	swiper-minimal-test.html
1	sense-ritual	swiper-lololo.html
1	sense-ritual	swiper-lolo.html
1	sense-ritual	swiper-lo.html
1	sense-ritual	swiper-llll.html
1	sense-ritual	swiper-foo.html
1	sense-ritual	swiper-demo-basic.html
1	sense-ritual	swipe-vert.html
1	sense-ritual	swipe-group.html
1	sense-ritual	story-game.html
1	sense-ritual	ritual.html
1	sense-ritual	render_cinematic.py
1	sense-ritual	persuade.html
1	sense-ritual	oti-export.js
1	sense-ritual	narrative-meshwork-organic.html
1	sense-ritual	narrative-meshwork-02.html
1	sense-ritual	narrative-meshwork-01.html
1	sense-ritual	narrative-garden-v05.html
1	sense-ritual	narrative-garden-v04.html
1	sense-ritual	narrative-garden-v03.html
1	sense-ritual	narrative-garden-v02.html
1	sense-ritual	narrative-garden-v01.html
1	sense-ritual	narrative-garden-ultimate.html
1	sense-ritual	narrative-garden-complete.html
1	sense-ritual	narrative-defense.html
1	sense-ritual	meshwork.html
1	sense-ritual	meshwork-index.html
1	sense-ritual	meshwork-865.html
1	sense-ritual	meshwork-725.html
1	sense-ritual	meshwork-05.html
1	sense-ritual	meshwork-04.html
1	sense-ritual	meshwork-03.html
1	sense-ritual	meshwork-02.html
1	sense-ritual	meshwork-01.html
1	sense-ritual	matrix-final-screen.html
1	sense-ritual	matrix-crush.html
1	sense-ritual	m-crusher.html
1	sense-ritual	m-crusher-09.html
1	sense-ritual	m-crusher-09-with-beats.html
1	sense-ritual	m-crusher-08.html
1	sense-ritual	m-crusher-07.html
1	sense-ritual	m-crusher-05.html
1	sense-ritual	m-crusher-04.html
1	sense-ritual	m-crusher-03.html
1	sense-ritual	m-crusher-02.html
1	sense-ritual	infinite.html
1	sense-ritual	index copy.html
1	sense-ritual	generate_sonic_beats.py
1	sense-ritual	garden-with-beats.html
1	sense-ritual	garden-party.html
1	sense-ritual	garden-index.html
1	sense-ritual	garden-comet.html
1	sense-ritual	garden-02.html
1	sense-ritual	fragment-branches.html
1	sense-ritual	ford.html
1	sense-ritual	flux-garden-605.html
1	sense-ritual	flux-garden-554.html
1	sense-ritual	flux-garden-10.html
1	sense-ritual	flux-garden-09.html
1	sense-ritual	fix_diversity_and_timing.py
1	sense-ritual	final-screen.html
1	sense-ritual	film-generator.js
1	sense-ritual	farm.html
1	sense-ritual	crush-02.html
1	sense-ritual	crush-02-backup.html
1	sense-ritual	conflux.html
1	sense-ritual	conflux-engine.html
1	sense-ritual	class-analysis.html
1	sense-ritual	class-analysis-data.js
1	sense-ritual	class-analysis-app.js
1	sense-ritual	chain-collector.html
1	sense-ritual	candy-matrix-02.html
1	sense-ritual	candy-crush-matrix.html
1	sense-ritual	beat-collection-system.js
1	sense-ritual	b1.html
1	sense-ritual	attention-infrastructure.html
1	sense-ritual	assemble_video_only.py
1	sense-ritual	assemble_cinematic.py
1	sense-ritual	ai_studio_code - 2025-10-14T120312.732.html
1	sense-ritual	ai_studio_code - 2025-10-14T115555.014.html
1	sense-ritual	ai_studio_code - 2025-10-13T075031.715.html
1	sense-ritual	ai_studio_code - 2025-10-13T074759.110.html
1	sense-ritual	ai_studio_code - 2025-10-13T072905.658.html
1	sense-ritual	ai_studio_code - 2025-10-13T072727.273.html
1	sense-ritual	ai_studio_code - 2025-10-13T072244.818.html
1	sense-ritual	ai_studio_code - 2025-10-13T071834.297.html
1	sense-ritual	ai_studio_code - 2025-10-13T071757.422.html
1	sense-ritual	ai_studio_code - 2025-10-13T065534.291.html
1	sense-ritual	ai_studio_code - 2025-10-13T064846.622.html
1	sense-ritual	ai_studio_code - 2025-10-13T063657.368.html
1	sense-ritual	ai_studio_code - 2025-10-13T010539.658.html
1	sense-ritual	ai_studio_code - 2025-10-13T005850.856.html
1	sense-ritual	aaz0.html
1	sense-ritual	a6g.html
1	sense-ritual	a6f.html
1	sense-ritual	a6e.html
1	sense-ritual	a6d.html
1	sense-ritual	a6c.html
1	sense-ritual	a6b.html
1	sense-ritual	a5.html
1	sense-ritual	a4.html
1	sense-ritual	a2.html
1	sense-ritual	a1.html
1	sense-ritual	a0.html
1	sense-ritual	STONE/tv-swiper.html
1	sense-ritual	STONE/tv-basr.html
1	sense-ritual	STONE/swipe-quartz.html
1	sense-ritual	STONE/swipe-quartz-hardened.html
1	sense-ritual	STONE/swipe-quartz-frag.html
1	sense-ritual	STONE/swipe-quartz-frag-4hun.html
1	sense-ritual	STONE/swipe-quartz-frag-444.html
1	sense-ritual	STONE/swipe-quartz-frag-432hz.html
1	sense-ritual	STONE/swipe-quartz-frag-432-glaze.html
1	sense-ritual	STONE/swipe-quartz-frag-432-ace.html
1	sense-ritual	STONE/swipe-quartz-frag-06.html
1	sense-ritual	STONE/swipe-quartz-frag-05.html
1	sense-ritual	STONE/swipe-quartz-frag-04-api.html
1	sense-ritual	STONE/swipe-quartz-frag-03.html
1	sense-ritual	STONE/swipe-quartz-frag-02.html
1	sense-ritual	STONE/swipe-quartz-crystal.html
1	sense-ritual	STONE/swipe-quartz-432-goo.html
1	sense-ritual	STONE/swipe-quarts-frag-44.html
1	sense-ritual	STONE/swipe-quarts-frag-07.html
1	sense-ritual	STONE/swipe-gravel.html
1	sense-ritual	STONE/swipe-granite.html
1	sense-ritual	STONE/swipe-frag-grape.html
1	sense-ritual	STONE/stone-core.html
1	sense-ritual	FOOD/swipe-food.html
1	sense-ritual	FOOD/swipe-food-swiss-cheese.html
1	sense-ritual	FOOD/swipe-food-eggs.html
1	sense-ritual	FOOD/swipe-food-cheese.html
1	sense-ritual	FOOD/swipe-food-butter.html
1	sense-ritual	FOOD/swipe-food-bread.html
1	sense-ritual	FOOD/swipe-food-bacon.html
1	sense-ritual	FOOD/swipe-food-apple-butter.html
1	sense-ritual	3_mix_audio_layers.py
1	sense-ritual	2_generate_eno_music_optimized.py
1	sense-ritual	2_generate_eno_music.py
1	sense-ritual	1_generate_all_tts.py
1	sense-ritual	0_calculate_timings.py
1	sapir	style.css
1	sapir	script_2.py
1	sapir	script_1.py
1	sapir	script.py
1	sapir	index.html
1	sapir	cage-silence-presentation.zip/style.css
1	sapir	cage-silence-presentation.zip/index.html
1	sapir	cage-silence-presentation.zip/app.js
1	sapir	app_1.js
1	sapir	app.js
1	rosetta-protocol	sharpen_hone_time_space_spectrum_engine_single_file.html
1	rosetta-protocol	sharpen_hone_index_viewer_single_file_html.html
1	rosetta-protocol	op-ek.html
1	rosetta-protocol	innis_deep_time_cards_mobile_print_deck_single_file.html
1	rosetta-protocol	innis_cards_mobile_tufte_tool.html
1	rosetta-protocol	innis_cards_mobile_tufte_tool (1).html
1	rosetta-protocol	index.html
1	rosetta-protocol	cultural_os_innis_folklore_cards_mobile_canvas.html
1	rosetta-protocol	champ_it_aint_half_racist_mum_1979_1970_s_bbc_style_presentation_single_file.html
1	rosetta-protocol	champ_1970_s_tv_presentation_single_file_mobile_first.html
1	rosetta-protocol	ai_studio_code - 2025-09-25T045659.169.html
1	rosetta-protocol	ai_studio_code - 2025-09-25T043347.587.html
1	rosetta-protocol	ai_studio_code - 2025-09-25T043004.278.html
1	rosetta-protocol	ai_studio_code - 2025-09-25T042455.142.html
1	rosetta-protocol	ai_studio_code - 2025-09-25T041953.876.html
1	rosetta-protocol	ai_studio_code - 2025-09-25T041655.548.html
1	rosetta-protocol	ai_studio_code - 2025-09-25T040630.541.html
1	rosetta-protocol	ai_studio_code - 2025-09-25T040059.543.html
1	rosetta-protocol	ai_studio_code - 2025-09-25T034732.978.html
1	rosetta-protocol	ai_studio_code - 2025-09-25T034546.087.html
1	rosetta-protocol	ai_studio_code - 2025-09-25T034257.726.html
1	rosetta-protocol	ai_studio_code - 2025-09-25T034227.241.html
1	rosetta-protocol	ai_studio_code - 2025-09-25T032343.201.html
1	rosetta-protocol	ai_studio_code - 2025-09-25T031552.795.html
1	rosetta-protocol	ai_studio_code - 2025-09-25T031242.872.html
1	rosetta-protocol	ai_studio_code - 2025-09-25T030944.674.html
1	rosetta-protocol	ai_studio_code - 2025-09-25T014846.542.html
1	role-deck	work_sense_tui_company_os_mobile.html
1	role-deck	work_sense_tui_company_os_mobile (3).html
1	role-deck	work_sense_tui_company_os_mobile (2).html
1	role-deck	work_sense_tui_company_os_mobile (1).html
1	role-deck	work_sense_agronica_integrated_tui_single_file.html
1	role-deck	work_sense_agronica_integrated_tui_single_file (1).html
1	role-deck	tilth-scenarios.js
1	role-deck	tilth-pocket-reference.html
1	role-deck	tilth-parts-manual.html
1	role-deck	tilth-parts-catalog.html
1	role-deck	tilth-nebraska-test.html
1	role-deck	tilth-investigation.html
1	role-deck	tilth-identity-cards.html
1	role-deck	tilth-designer-scenarios.js
1	role-deck	tilth-almanac.html
1	role-deck	tetrad-pad.html
1	role-deck	tetrad-flow-game.html
1	role-deck	test-character-cards.html
1	role-deck	role-deck-genome.html
1	role-deck	quiz.html
1	role-deck	project-genome.html
1	role-deck	openings-index.html
1	role-deck	opening-08-geo-fencing-garden.html
1	role-deck	opening-07-conditional-harvest.html
1	role-deck	opening-06-flood-learning.html
1	role-deck	opening-05-root-union.html
1	role-deck	opening-04-consent-harvest.html
1	role-deck	opening-03-apprentice-rows.html
1	role-deck	opening-02-first-fruit.html
1	role-deck	opening-01-nutrient-lock.html
1	role-deck	index.html
1	role-deck	identity-bridge.html
1	role-deck	feedloop-scenarios.js
1	role-deck	feed-loop-index.html
1	role-deck	feed-loop-full-movie.html
1	role-deck	farmos-ecosystem.html
1	role-deck	ethics-index.html
1	role-deck	ethics-anthology.html
1	role-deck	episode-08-complete.html
1	role-deck	episode-07-complete.html
1	role-deck	episode-06-complete.html
1	role-deck	episode-05-complete.html
1	role-deck	episode-04-complete.html
1	role-deck	episode-03-complete.html
1	role-deck	episode-02-complete.html
1	role-deck	episode-01-complete.html
1	role-deck	enrich_trail_data.py
1	role-deck	dual.html
1	role-deck	corporate-corruption-anthology.html
1	role-deck	character-profiles.js
1	role-deck	character-gallery.html
1	role-deck	character-card-component.js
1	role-deck	cb-box.html
1	role-deck	PORTAL.html
1	role-deck	08-values-treasurer/values-treasurer.html
1	role-deck	08-values-treasurer/tiered-principles.html
1	role-deck	08-values-treasurer/index.html
1	role-deck	08-values-treasurer/essay.html
1	role-deck	07-conditional-person/maslow-lock.html
1	role-deck	07-conditional-person/index.html
1	role-deck	07-conditional-person/essay.html
1	role-deck	07-conditional-person/conditional-person.html
1	role-deck	06-epistemic-rush/index.html
1	role-deck	06-epistemic-rush/essay.html
1	role-deck	06-epistemic-rush/epistemic-rush.html
1	role-deck	06-epistemic-rush/epistemic-noise-gate.html
1	role-deck	05-fragile-collective/organizers-microphone.html
1	role-deck	05-fragile-collective/index.html
1	role-deck	05-fragile-collective/fragile-collective.html
1	role-deck	05-fragile-collective/essay.html
1	role-deck	04-two-headed-compliance/two-headed-compliance.html
1	role-deck	04-two-headed-compliance/index.html
1	role-deck	04-two-headed-compliance/essay.html
1	role-deck	04-two-headed-compliance/dark-pattern-choir.html
1	role-deck	03-bounded-apprentice/index.html
1	role-deck	03-bounded-apprentice/guild-gate.html
1	role-deck	03-bounded-apprentice/essay.html
1	role-deck	03-bounded-apprentice/bounded-apprentice.html
1	role-deck	02-deadline-sovereign/v2-will-fix.html
1	role-deck	02-deadline-sovereign/index.html
1	role-deck	02-deadline-sovereign/essay.html
1	role-deck	02-deadline-sovereign/deadline-sovereign.html
1	role-deck	01-silenced-educator/silenced-educator.html
1	role-deck	01-silenced-educator/silence-policy.html
1	role-deck	01-silenced-educator/index.html
1	role-deck	01-silenced-educator/essay.html
1	ripples	thread.html
1	ripples	thousand-tetrad.html
1	ripples	skipper.html
1	ripples	shield-compiler.html
1	ripples	ripples-03.html
1	ripples	ripple-ai.js
1	ripples	ripple-12.html
1	ripples	orca-moss-1616.html
1	ripples	gpt.html
1	ripples	golden-lens.html
1	ripples	engine/visualization-adapter.js
1	ripples	engine/ripples-engine.js
1	ripples	engine/renderers/grid-renderer.js
1	ripples	engine/compiler/test_compiler.js
1	ripples	engine/compiler/grid-compiler.js
1	ripples	engine/adapters/react-adapter.js
1	ripples	engine/adapters/audio-bridge.js
1	ripples	engine/Kimi_Agent_RIPPLES_ Worldtext Theory Summary (1) copy/ripples/visualizers/base.js
1	ripples	engine/Kimi_Agent_RIPPLES_ Worldtext Theory Summary (1) copy/ripples/index.html
1	ripples	engine/Kimi_Agent_RIPPLES_ Worldtext Theory Summary (1) copy/ripples/engine/core.js
1	ripples	engine/Kimi_Agent_RIPPLES_ Worldtext Theory Summary (1) copy/ripples/app.js
1	ripples	engine/Kimi_Agent_RIPPLES_ Worldtext Theory Summary (1) copy/ripples-suite/index.html
1	ripples	engine/Kimi_Agent_RIPPLES_ Worldtext Theory Summary (1) copy/ripples-suite/engine/latent-library.js
1	ripples	engine/Kimi_Agent_RIPPLES_ Worldtext Theory Summary (1) copy/ripples-suite/engine/equipment/rendering-layers.js
1	ripples	engine/Kimi_Agent_RIPPLES_ Worldtext Theory Summary (1) copy/ripples-suite/engine/core.js
1	ripples	engine/Kimi_Agent_RIPPLES_ Worldtext Theory Summary (1) copy/ripples-suite/engine/adapters/react-adapter.js
1	ripples	engine/Kimi_Agent_RIPPLES_ Worldtext Theory Summary (1) copy/ripples-suite/engine/adapters/canvas-adapter.js
1	ripples	engine/Kimi_Agent_RIPPLES_ Worldtext Theory Summary (1) copy/ripples-suite/archive/1717.html
1	ripples	engine/Kimi_Agent_RIPPLES_ Worldtext Theory Summary (1) copy/ripples-suite/1776.html
1	ripples	engine/Kimi_Agent_RIPPLES_ Worldtext Theory Summary (1) copy/ripples-orca/index.html
1	ripples	engine/Kimi_Agent_RIPPLES_ Worldtext Theory Summary (1) copy/ripples-orca/app.js
1	ripples	engine/Kimi_Agent_RIPPLES_ Worldtext Theory Summary (1) copy/ripples-meta/index.html
1	ripples	engine/Kimi_Agent_RIPPLES_ Worldtext Theory Summary (1) copy/ripples-meta/app.js
1	ripples	engine/Kimi_Agent_RIPPLES_ Worldtext Theory Summary (1) copy/ripples-latent-prompt/index.html
1	ripples	engine/Kimi_Agent_RIPPLES_ Worldtext Theory Summary (1) copy/ripples-latent-prompt/app.js
1	ripples	engine/Kimi_Agent_RIPPLES_ Worldtext Theory Summary (1) copy/ripples-feedback/index.html
1	ripples	engine/Kimi_Agent_RIPPLES_ Worldtext Theory Summary (1) copy/ripples-feedback/app.js
1	ripples	engine/Kimi_Agent_RIPPLES_ Worldtext Theory Summary (1) copy/ripples-core/src/pilot/synth.js
1	ripples	engine/Kimi_Agent_RIPPLES_ Worldtext Theory Summary (1) copy/ripples-core/src/orca/operators.js
1	ripples	engine/Kimi_Agent_RIPPLES_ Worldtext Theory Summary (1) copy/ripples-core/src/interface/App.js
1	ripples	engine/Kimi_Agent_RIPPLES_ Worldtext Theory Summary (1) copy/ripples-core/src/gull/sampler.js
1	ripples	engine/Kimi_Agent_RIPPLES_ Worldtext Theory Summary (1) copy/ripples-core/src/engine/simulation.js
1	ripples	engine/Kimi_Agent_RIPPLES_ Worldtext Theory Summary (1) copy/ripples-core/src/engine/latent_library.js
1	ripples	engine/Kimi_Agent_RIPPLES_ Worldtext Theory Summary (1) copy/ripples-core/public/index.html
1	ripples	engine/Kimi_Agent_RIPPLES_ Worldtext Theory Summary (1) copy/ripples-canonical/index.html
1	ripples	engine/Kimi_Agent_RIPPLES_ Worldtext Theory Summary (1) copy/ripples-canonical/app.js
1	ripples	engine/Kimi_Agent_RIPPLES_ Worldtext Theory Summary (1) copy/app/vite.config.ts
1	ripples	engine/Kimi_Agent_RIPPLES_ Worldtext Theory Summary (1) copy/app/tailwind.config.js
1	ripples	engine/Kimi_Agent_RIPPLES_ Worldtext Theory Summary (1) copy/app/src/types/index.ts
1	ripples	engine/Kimi_Agent_RIPPLES_ Worldtext Theory Summary (1) copy/app/src/main.tsx
1	ripples	engine/Kimi_Agent_RIPPLES_ Worldtext Theory Summary (1) copy/app/src/lib/utils.ts
1	ripples	engine/Kimi_Agent_RIPPLES_ Worldtext Theory Summary (1) copy/app/src/index.css
1	ripples	engine/Kimi_Agent_RIPPLES_ Worldtext Theory Summary (1) copy/app/src/hooks/useWorldState.ts
1	ripples	engine/Kimi_Agent_RIPPLES_ Worldtext Theory Summary (1) copy/app/src/hooks/use-mobile.ts
1	ripples	engine/Kimi_Agent_RIPPLES_ Worldtext Theory Summary (1) copy/app/src/data/scenarios.ts
1	ripples	engine/Kimi_Agent_RIPPLES_ Worldtext Theory Summary (1) copy/app/src/data/latentLibrary.ts
1	ripples	engine/Kimi_Agent_RIPPLES_ Worldtext Theory Summary (1) copy/app/src/components/ui/tooltip.tsx
1	ripples	engine/Kimi_Agent_RIPPLES_ Worldtext Theory Summary (1) copy/app/src/components/ui/toggle.tsx
1	ripples	engine/Kimi_Agent_RIPPLES_ Worldtext Theory Summary (1) copy/app/src/components/ui/toggle-group.tsx
1	ripples	engine/Kimi_Agent_RIPPLES_ Worldtext Theory Summary (1) copy/app/src/components/ui/textarea.tsx
1	ripples	engine/Kimi_Agent_RIPPLES_ Worldtext Theory Summary (1) copy/app/src/components/ui/tabs.tsx
1	ripples	engine/Kimi_Agent_RIPPLES_ Worldtext Theory Summary (1) copy/app/src/components/ui/table.tsx
1	ripples	engine/Kimi_Agent_RIPPLES_ Worldtext Theory Summary (1) copy/app/src/components/ui/switch.tsx
1	ripples	engine/Kimi_Agent_RIPPLES_ Worldtext Theory Summary (1) copy/app/src/components/ui/spinner.tsx
1	ripples	engine/Kimi_Agent_RIPPLES_ Worldtext Theory Summary (1) copy/app/src/components/ui/sonner.tsx
1	ripples	engine/Kimi_Agent_RIPPLES_ Worldtext Theory Summary (1) copy/app/src/components/ui/slider.tsx
1	ripples	engine/Kimi_Agent_RIPPLES_ Worldtext Theory Summary (1) copy/app/src/components/ui/sidebar.tsx
1	ripples	engine/Kimi_Agent_RIPPLES_ Worldtext Theory Summary (1) copy/app/src/components/ui/sheet.tsx
1	ripples	engine/Kimi_Agent_RIPPLES_ Worldtext Theory Summary (1) copy/app/src/components/ui/separator.tsx
1	ripples	engine/Kimi_Agent_RIPPLES_ Worldtext Theory Summary (1) copy/app/src/components/ui/select.tsx
1	ripples	engine/Kimi_Agent_RIPPLES_ Worldtext Theory Summary (1) copy/app/src/components/ui/scroll-area.tsx
1	ripples	engine/Kimi_Agent_RIPPLES_ Worldtext Theory Summary (1) copy/app/src/components/ui/resizable.tsx
1	ripples	engine/Kimi_Agent_RIPPLES_ Worldtext Theory Summary (1) copy/app/src/components/ui/radio-group.tsx
1	ripples	engine/Kimi_Agent_RIPPLES_ Worldtext Theory Summary (1) copy/app/src/components/ui/progress.tsx
1	ripples	engine/Kimi_Agent_RIPPLES_ Worldtext Theory Summary (1) copy/app/src/components/ui/popover.tsx
1	ripples	engine/Kimi_Agent_RIPPLES_ Worldtext Theory Summary (1) copy/app/src/components/ui/pagination.tsx
1	ripples	engine/Kimi_Agent_RIPPLES_ Worldtext Theory Summary (1) copy/app/src/components/ui/navigation-menu.tsx
1	ripples	engine/Kimi_Agent_RIPPLES_ Worldtext Theory Summary (1) copy/app/src/components/ui/menubar.tsx
1	ripples	engine/Kimi_Agent_RIPPLES_ Worldtext Theory Summary (1) copy/app/src/components/ui/label.tsx
1	ripples	engine/Kimi_Agent_RIPPLES_ Worldtext Theory Summary (1) copy/app/src/components/ui/kbd.tsx
1	ripples	engine/Kimi_Agent_RIPPLES_ Worldtext Theory Summary (1) copy/app/src/components/ui/item.tsx
1	ripples	engine/Kimi_Agent_RIPPLES_ Worldtext Theory Summary (1) copy/app/src/components/ui/input.tsx
1	ripples	engine/Kimi_Agent_RIPPLES_ Worldtext Theory Summary (1) copy/app/src/components/ui/input-otp.tsx
1	ripples	engine/Kimi_Agent_RIPPLES_ Worldtext Theory Summary (1) copy/app/src/components/ui/input-group.tsx
1	ripples	engine/Kimi_Agent_RIPPLES_ Worldtext Theory Summary (1) copy/app/src/components/ui/hover-card.tsx
1	ripples	engine/Kimi_Agent_RIPPLES_ Worldtext Theory Summary (1) copy/app/src/components/ui/form.tsx
1	ripples	engine/Kimi_Agent_RIPPLES_ Worldtext Theory Summary (1) copy/app/src/components/ui/field.tsx
1	ripples	engine/Kimi_Agent_RIPPLES_ Worldtext Theory Summary (1) copy/app/src/components/ui/empty.tsx
1	ripples	engine/Kimi_Agent_RIPPLES_ Worldtext Theory Summary (1) copy/app/src/components/ui/dropdown-menu.tsx
1	ripples	engine/Kimi_Agent_RIPPLES_ Worldtext Theory Summary (1) copy/app/src/components/ui/drawer.tsx
1	ripples	engine/Kimi_Agent_RIPPLES_ Worldtext Theory Summary (1) copy/app/src/components/ui/dialog.tsx
1	ripples	engine/Kimi_Agent_RIPPLES_ Worldtext Theory Summary (1) copy/app/src/components/ui/context-menu.tsx
1	ripples	engine/Kimi_Agent_RIPPLES_ Worldtext Theory Summary (1) copy/app/src/components/ui/command.tsx
1	ripples	engine/Kimi_Agent_RIPPLES_ Worldtext Theory Summary (1) copy/app/src/components/ui/collapsible.tsx
1	ripples	engine/Kimi_Agent_RIPPLES_ Worldtext Theory Summary (1) copy/app/src/components/ui/checkbox.tsx
1	ripples	engine/Kimi_Agent_RIPPLES_ Worldtext Theory Summary (1) copy/app/src/components/ui/chart.tsx
1	ripples	engine/Kimi_Agent_RIPPLES_ Worldtext Theory Summary (1) copy/app/src/components/ui/carousel.tsx
1	ripples	engine/Kimi_Agent_RIPPLES_ Worldtext Theory Summary (1) copy/app/src/components/ui/card.tsx
1	ripples	engine/Kimi_Agent_RIPPLES_ Worldtext Theory Summary (1) copy/app/src/components/ui/calendar.tsx
1	ripples	engine/Kimi_Agent_RIPPLES_ Worldtext Theory Summary (1) copy/app/src/components/ui/button.tsx
1	ripples	engine/Kimi_Agent_RIPPLES_ Worldtext Theory Summary (1) copy/app/src/components/ui/button-group.tsx
1	ripples	engine/Kimi_Agent_RIPPLES_ Worldtext Theory Summary (1) copy/app/src/components/ui/breadcrumb.tsx
1	ripples	engine/Kimi_Agent_RIPPLES_ Worldtext Theory Summary (1) copy/app/src/components/ui/badge.tsx
1	ripples	engine/Kimi_Agent_RIPPLES_ Worldtext Theory Summary (1) copy/app/src/components/ui/avatar.tsx
1	ripples	engine/Kimi_Agent_RIPPLES_ Worldtext Theory Summary (1) copy/app/src/components/ui/aspect-ratio.tsx
1	ripples	engine/Kimi_Agent_RIPPLES_ Worldtext Theory Summary (1) copy/app/src/components/ui/alert.tsx
1	ripples	engine/Kimi_Agent_RIPPLES_ Worldtext Theory Summary (1) copy/app/src/components/ui/alert-dialog.tsx
1	ripples	engine/Kimi_Agent_RIPPLES_ Worldtext Theory Summary (1) copy/app/src/components/ui/accordion.tsx
1	ripples	engine/Kimi_Agent_RIPPLES_ Worldtext Theory Summary (1) copy/app/src/components/WorldtextViewport.tsx
1	ripples	engine/Kimi_Agent_RIPPLES_ Worldtext Theory Summary (1) copy/app/src/components/Visualization3D.tsx
1	ripples	engine/Kimi_Agent_RIPPLES_ Worldtext Theory Summary (1) copy/app/src/components/Sidebar.tsx
1	ripples	engine/Kimi_Agent_RIPPLES_ Worldtext Theory Summary (1) copy/app/src/components/ControlPanel.tsx
1	ripples	engine/Kimi_Agent_RIPPLES_ Worldtext Theory Summary (1) copy/app/src/components/AuditLog.tsx
1	ripples	engine/Kimi_Agent_RIPPLES_ Worldtext Theory Summary (1) copy/app/src/App.tsx
1	ripples	engine/Kimi_Agent_RIPPLES_ Worldtext Theory Summary (1) copy/app/src/App.css
1	ripples	engine/Kimi_Agent_RIPPLES_ Worldtext Theory Summary (1) copy/app/postcss.config.js
1	ripples	engine/Kimi_Agent_RIPPLES_ Worldtext Theory Summary (1) copy/app/index.html
1	ripples	engine/Kimi_Agent_RIPPLES_ Worldtext Theory Summary (1) copy/app/eslint.config.js
1	ripples	engine-demo.html
1	ripples	claude.html
1	ripples	booklet.html
1	ripples	audio/pilot/desktop/sources/scripts/transpose.js
1	ripples	audio/pilot/desktop/sources/scripts/recorder.js
1	ripples	audio/pilot/desktop/sources/scripts/pilot.js
1	ripples	audio/pilot/desktop/sources/scripts/mixer.js
1	ripples	audio/pilot/desktop/sources/scripts/listener.js
1	ripples	audio/pilot/desktop/sources/scripts/lib/theme.js
1	ripples	audio/pilot/desktop/sources/scripts/lib/controller.js
1	ripples	audio/pilot/desktop/sources/scripts/interface.js
1	ripples	audio/pilot/desktop/sources/scripts/interface.effect.js
1	ripples	audio/pilot/desktop/sources/scripts/interface.channel.js
1	ripples	audio/pilot/desktop/sources/scripts/commander.js
1	ripples	audio/pilot/desktop/sources/links/theme.css
1	ripples	audio/pilot/desktop/sources/links/style.css
1	ripples	audio/pilot/desktop/sources/links/reset.css
1	ripples	audio/pilot/desktop/sources/links/main.css
1	ripples	audio/pilot/desktop/sources/links/fonts.css
1	ripples	audio/pilot/desktop/sources/index.html
1	ripples	audio/pilot/desktop/main.js
1	ripples	audio/pilot/browser/mock/require.js
1	ripples	audio/pilot/browser/mock/fs.js
1	ripples	audio/pilot/browser/mock/electron.js
1	ripples	audio/pilot/browser/index.html
1	ripples	audio/orca/sw.js
1	ripples	audio/orca/resources/listener.js
1	ripples	audio/orca/index.html
1	ripples	audio/orca/desktop/sources/scripts/lib/theme.js
1	ripples	audio/orca/desktop/sources/scripts/lib/source.js
1	ripples	audio/orca/desktop/sources/scripts/lib/history.js
1	ripples	audio/orca/desktop/sources/scripts/lib/acels.js
1	ripples	audio/orca/desktop/sources/scripts/cursor.js
1	ripples	audio/orca/desktop/sources/scripts/core/transpose.js
1	ripples	audio/orca/desktop/sources/scripts/core/orca.js
1	ripples	audio/orca/desktop/sources/scripts/core/operator.js
1	ripples	audio/orca/desktop/sources/scripts/core/library.js
1	ripples	audio/orca/desktop/sources/scripts/core/io/udp.js
1	ripples	audio/orca/desktop/sources/scripts/core/io/osc.js
1	ripples	audio/orca/desktop/sources/scripts/core/io/mono.js
1	ripples	audio/orca/desktop/sources/scripts/core/io/midi.js
1	ripples	audio/orca/desktop/sources/scripts/core/io/cc.js
1	ripples	audio/orca/desktop/sources/scripts/core/io.js
1	ripples	audio/orca/desktop/sources/scripts/commander.js
1	ripples	audio/orca/desktop/sources/scripts/clock.js
1	ripples	audio/orca/desktop/sources/scripts/client.js
1	ripples	audio/orca/desktop/sources/links/main.css
1	ripples	audio/orca/desktop/sources/index.html
1	ripples	audio/orca/desktop/main.js
1	ripples	audio/gull/server.js
1	ripples	audio/gull/main.js
1	ripples	audio/gull/index.html
1	ripples	audio/gull/client/utils.js
1	ripples	audio/gull/client/machine.js
1	ripples	audio/gull/client/listener.js
1	ripples	audio/gull/client/effects.js
1	ripples	audio/gull/client/editor.js
1	ripples	audio/gull/client/constants.js
1	ripples	audio/gull/client.js
1	ripples	app/vite.config.ts
1	ripples	app/tailwind.config.js
1	ripples	app/src/types/index.ts
1	ripples	app/src/main.tsx
1	ripples	app/src/lib/utils.ts
1	ripples	app/src/index.css
1	ripples	app/src/hooks/useWorldState.ts
1	ripples	app/src/hooks/use-mobile.ts
1	ripples	app/src/data/scenarios.ts
1	ripples	app/src/data/latentLibrary.ts
1	ripples	app/src/components/ui/tooltip.tsx
1	ripples	app/src/components/ui/toggle.tsx
1	ripples	app/src/components/ui/toggle-group.tsx
1	ripples	app/src/components/ui/textarea.tsx
1	ripples	app/src/components/ui/tabs.tsx
1	ripples	app/src/components/ui/table.tsx
1	ripples	app/src/components/ui/switch.tsx
1	ripples	app/src/components/ui/spinner.tsx
1	ripples	app/src/components/ui/sonner.tsx
1	ripples	app/src/components/ui/slider.tsx
1	ripples	app/src/components/ui/sidebar.tsx
1	ripples	app/src/components/ui/sheet.tsx
1	ripples	app/src/components/ui/separator.tsx
1	ripples	app/src/components/ui/select.tsx
1	ripples	app/src/components/ui/scroll-area.tsx
1	ripples	app/src/components/ui/resizable.tsx
1	ripples	app/src/components/ui/radio-group.tsx
1	ripples	app/src/components/ui/progress.tsx
1	ripples	app/src/components/ui/popover.tsx
1	ripples	app/src/components/ui/pagination.tsx
1	ripples	app/src/components/ui/navigation-menu.tsx
1	ripples	app/src/components/ui/menubar.tsx
1	ripples	app/src/components/ui/label.tsx
1	ripples	app/src/components/ui/kbd.tsx
1	ripples	app/src/components/ui/item.tsx
1	ripples	app/src/components/ui/input.tsx
1	ripples	app/src/components/ui/input-otp.tsx
1	ripples	app/src/components/ui/input-group.tsx
1	ripples	app/src/components/ui/hover-card.tsx
1	ripples	app/src/components/ui/form.tsx
1	ripples	app/src/components/ui/field.tsx
1	ripples	app/src/components/ui/empty.tsx
1	ripples	app/src/components/ui/dropdown-menu.tsx
1	ripples	app/src/components/ui/drawer.tsx
1	ripples	app/src/components/ui/dialog.tsx
1	ripples	app/src/components/ui/context-menu.tsx
1	ripples	app/src/components/ui/command.tsx
1	ripples	app/src/components/ui/collapsible.tsx
1	ripples	app/src/components/ui/checkbox.tsx
1	ripples	app/src/components/ui/chart.tsx
1	ripples	app/src/components/ui/carousel.tsx
1	ripples	app/src/components/ui/card.tsx
1	ripples	app/src/components/ui/calendar.tsx
1	ripples	app/src/components/ui/button.tsx
1	ripples	app/src/components/ui/button-group.tsx
1	ripples	app/src/components/ui/breadcrumb.tsx
1	ripples	app/src/components/ui/badge.tsx
1	ripples	app/src/components/ui/avatar.tsx
1	ripples	app/src/components/ui/aspect-ratio.tsx
1	ripples	app/src/components/ui/alert.tsx
1	ripples	app/src/components/ui/alert-dialog.tsx
1	ripples	app/src/components/ui/accordion.tsx
1	ripples	app/src/components/WorldtextViewport.tsx
1	ripples	app/src/components/Sidebar.tsx
1	ripples	app/src/components/ControlPanel.tsx
1	ripples	app/src/components/AuditLog.tsx
1	ripples	app/src/App.tsx
1	ripples	app/src/App.css
1	ripples	app/postcss.config.js
1	ripples	app/index.html
1	ripples	app/eslint.config.js
1	ripples	app 2/vite.config.ts
1	ripples	app 2/tailwind.config.js
1	ripples	app 2/src/types/index.ts
1	ripples	app 2/src/main.tsx
1	ripples	app 2/src/lib/utils.ts
1	ripples	app 2/src/index.css
1	ripples	app 2/src/hooks/useWorldState.ts
1	ripples	app 2/src/hooks/use-mobile.ts
1	ripples	app 2/src/data/scenarios.ts
1	ripples	app 2/src/data/latentLibrary.ts
1	ripples	app 2/src/components/ui/tooltip.tsx
1	ripples	app 2/src/components/ui/toggle.tsx
1	ripples	app 2/src/components/ui/toggle-group.tsx
1	ripples	app 2/src/components/ui/textarea.tsx
1	ripples	app 2/src/components/ui/tabs.tsx
1	ripples	app 2/src/components/ui/table.tsx
1	ripples	app 2/src/components/ui/switch.tsx
1	ripples	app 2/src/components/ui/spinner.tsx
1	ripples	app 2/src/components/ui/sonner.tsx
1	ripples	app 2/src/components/ui/slider.tsx
1	ripples	app 2/src/components/ui/sidebar.tsx
1	ripples	app 2/src/components/ui/sheet.tsx
1	ripples	app 2/src/components/ui/separator.tsx
1	ripples	app 2/src/components/ui/select.tsx
1	ripples	app 2/src/components/ui/scroll-area.tsx
1	ripples	app 2/src/components/ui/resizable.tsx
1	ripples	app 2/src/components/ui/radio-group.tsx
1	ripples	app 2/src/components/ui/progress.tsx
1	ripples	app 2/src/components/ui/popover.tsx
1	ripples	app 2/src/components/ui/pagination.tsx
1	ripples	app 2/src/components/ui/navigation-menu.tsx
1	ripples	app 2/src/components/ui/menubar.tsx
1	ripples	app 2/src/components/ui/label.tsx
1	ripples	app 2/src/components/ui/kbd.tsx
1	ripples	app 2/src/components/ui/item.tsx
1	ripples	app 2/src/components/ui/input.tsx
1	ripples	app 2/src/components/ui/input-otp.tsx
1	ripples	app 2/src/components/ui/input-group.tsx
1	ripples	app 2/src/components/ui/hover-card.tsx
1	ripples	app 2/src/components/ui/form.tsx
1	ripples	app 2/src/components/ui/field.tsx
1	ripples	app 2/src/components/ui/empty.tsx
1	ripples	app 2/src/components/ui/dropdown-menu.tsx
1	ripples	app 2/src/components/ui/drawer.tsx
1	ripples	app 2/src/components/ui/dialog.tsx
1	ripples	app 2/src/components/ui/context-menu.tsx
1	ripples	app 2/src/components/ui/command.tsx
1	ripples	app 2/src/components/ui/collapsible.tsx
1	ripples	app 2/src/components/ui/checkbox.tsx
1	ripples	app 2/src/components/ui/chart.tsx
1	ripples	app 2/src/components/ui/carousel.tsx
1	ripples	app 2/src/components/ui/card.tsx
1	ripples	app 2/src/components/ui/calendar.tsx
1	ripples	app 2/src/components/ui/button.tsx
1	ripples	app 2/src/components/ui/button-group.tsx
1	ripples	app 2/src/components/ui/breadcrumb.tsx
1	ripples	app 2/src/components/ui/badge.tsx
1	ripples	app 2/src/components/ui/avatar.tsx
1	ripples	app 2/src/components/ui/aspect-ratio.tsx
1	ripples	app 2/src/components/ui/alert.tsx
1	ripples	app 2/src/components/ui/alert-dialog.tsx
1	ripples	app 2/src/components/ui/accordion.tsx
1	ripples	app 2/src/components/WorldtextViewport.tsx
1	ripples	app 2/src/components/Visualization3D.tsx
1	ripples	app 2/src/components/Sidebar.tsx
1	ripples	app 2/src/components/ControlPanel.tsx
1	ripples	app 2/src/components/AuditLog.tsx
1	ripples	app 2/src/App.tsx
1	ripples	app 2/src/App.css
1	ripples	app 2/postcss.config.js
1	ripples	app 2/index.html
1	ripples	app 2/eslint.config.js
1	ripples	ai_studio_code - 2026-02-03T035301.406.html
1	ripples	ai_studio_code - 2026-02-03T034100.637.html
1	ripples	ai_studio_code - 2026-02-03T025921.542.html
1	ripples	Kimi_Agent_RIPPLES_ Worldtext Theory Summary/ripples/index.html
1	ripples	Kimi_Agent_RIPPLES_ Worldtext Theory Summary/app/vite.config.ts
1	ripples	Kimi_Agent_RIPPLES_ Worldtext Theory Summary/app/tailwind.config.js
1	ripples	Kimi_Agent_RIPPLES_ Worldtext Theory Summary/app/src/types/index.ts
1	ripples	Kimi_Agent_RIPPLES_ Worldtext Theory Summary/app/src/main.tsx
1	ripples	Kimi_Agent_RIPPLES_ Worldtext Theory Summary/app/src/lib/utils.ts
1	ripples	Kimi_Agent_RIPPLES_ Worldtext Theory Summary/app/src/index.css
1	ripples	Kimi_Agent_RIPPLES_ Worldtext Theory Summary/app/src/hooks/useWorldState.ts
1	ripples	Kimi_Agent_RIPPLES_ Worldtext Theory Summary/app/src/hooks/use-mobile.ts
1	ripples	Kimi_Agent_RIPPLES_ Worldtext Theory Summary/app/src/data/scenarios.ts
1	ripples	Kimi_Agent_RIPPLES_ Worldtext Theory Summary/app/src/data/latentLibrary.ts
1	ripples	Kimi_Agent_RIPPLES_ Worldtext Theory Summary/app/src/components/ui/tooltip.tsx
1	ripples	Kimi_Agent_RIPPLES_ Worldtext Theory Summary/app/src/components/ui/toggle.tsx
1	ripples	Kimi_Agent_RIPPLES_ Worldtext Theory Summary/app/src/components/ui/toggle-group.tsx
1	ripples	Kimi_Agent_RIPPLES_ Worldtext Theory Summary/app/src/components/ui/textarea.tsx
1	ripples	Kimi_Agent_RIPPLES_ Worldtext Theory Summary/app/src/components/ui/tabs.tsx
1	ripples	Kimi_Agent_RIPPLES_ Worldtext Theory Summary/app/src/components/ui/table.tsx
1	ripples	Kimi_Agent_RIPPLES_ Worldtext Theory Summary/app/src/components/ui/switch.tsx
1	ripples	Kimi_Agent_RIPPLES_ Worldtext Theory Summary/app/src/components/ui/spinner.tsx
1	ripples	Kimi_Agent_RIPPLES_ Worldtext Theory Summary/app/src/components/ui/sonner.tsx
1	ripples	Kimi_Agent_RIPPLES_ Worldtext Theory Summary/app/src/components/ui/slider.tsx
1	ripples	Kimi_Agent_RIPPLES_ Worldtext Theory Summary/app/src/components/ui/sidebar.tsx
1	ripples	Kimi_Agent_RIPPLES_ Worldtext Theory Summary/app/src/components/ui/sheet.tsx
1	ripples	Kimi_Agent_RIPPLES_ Worldtext Theory Summary/app/src/components/ui/separator.tsx
1	ripples	Kimi_Agent_RIPPLES_ Worldtext Theory Summary/app/src/components/ui/select.tsx
1	ripples	Kimi_Agent_RIPPLES_ Worldtext Theory Summary/app/src/components/ui/scroll-area.tsx
1	ripples	Kimi_Agent_RIPPLES_ Worldtext Theory Summary/app/src/components/ui/resizable.tsx
1	ripples	Kimi_Agent_RIPPLES_ Worldtext Theory Summary/app/src/components/ui/radio-group.tsx
1	ripples	Kimi_Agent_RIPPLES_ Worldtext Theory Summary/app/src/components/ui/progress.tsx
1	ripples	Kimi_Agent_RIPPLES_ Worldtext Theory Summary/app/src/components/ui/popover.tsx
1	ripples	Kimi_Agent_RIPPLES_ Worldtext Theory Summary/app/src/components/ui/pagination.tsx
1	ripples	Kimi_Agent_RIPPLES_ Worldtext Theory Summary/app/src/components/ui/navigation-menu.tsx
1	ripples	Kimi_Agent_RIPPLES_ Worldtext Theory Summary/app/src/components/ui/menubar.tsx
1	ripples	Kimi_Agent_RIPPLES_ Worldtext Theory Summary/app/src/components/ui/label.tsx
1	ripples	Kimi_Agent_RIPPLES_ Worldtext Theory Summary/app/src/components/ui/kbd.tsx
1	ripples	Kimi_Agent_RIPPLES_ Worldtext Theory Summary/app/src/components/ui/item.tsx
1	ripples	Kimi_Agent_RIPPLES_ Worldtext Theory Summary/app/src/components/ui/input.tsx
1	ripples	Kimi_Agent_RIPPLES_ Worldtext Theory Summary/app/src/components/ui/input-otp.tsx
1	ripples	Kimi_Agent_RIPPLES_ Worldtext Theory Summary/app/src/components/ui/input-group.tsx
1	ripples	Kimi_Agent_RIPPLES_ Worldtext Theory Summary/app/src/components/ui/hover-card.tsx
1	ripples	Kimi_Agent_RIPPLES_ Worldtext Theory Summary/app/src/components/ui/form.tsx
1	ripples	Kimi_Agent_RIPPLES_ Worldtext Theory Summary/app/src/components/ui/field.tsx
1	ripples	Kimi_Agent_RIPPLES_ Worldtext Theory Summary/app/src/components/ui/empty.tsx
1	ripples	Kimi_Agent_RIPPLES_ Worldtext Theory Summary/app/src/components/ui/dropdown-menu.tsx
1	ripples	Kimi_Agent_RIPPLES_ Worldtext Theory Summary/app/src/components/ui/drawer.tsx
1	ripples	Kimi_Agent_RIPPLES_ Worldtext Theory Summary/app/src/components/ui/dialog.tsx
1	ripples	Kimi_Agent_RIPPLES_ Worldtext Theory Summary/app/src/components/ui/context-menu.tsx
1	ripples	Kimi_Agent_RIPPLES_ Worldtext Theory Summary/app/src/components/ui/command.tsx
1	ripples	Kimi_Agent_RIPPLES_ Worldtext Theory Summary/app/src/components/ui/collapsible.tsx
1	ripples	Kimi_Agent_RIPPLES_ Worldtext Theory Summary/app/src/components/ui/checkbox.tsx
1	ripples	Kimi_Agent_RIPPLES_ Worldtext Theory Summary/app/src/components/ui/chart.tsx
1	ripples	Kimi_Agent_RIPPLES_ Worldtext Theory Summary/app/src/components/ui/carousel.tsx
1	ripples	Kimi_Agent_RIPPLES_ Worldtext Theory Summary/app/src/components/ui/card.tsx
1	ripples	Kimi_Agent_RIPPLES_ Worldtext Theory Summary/app/src/components/ui/calendar.tsx
1	ripples	Kimi_Agent_RIPPLES_ Worldtext Theory Summary/app/src/components/ui/button.tsx
1	ripples	Kimi_Agent_RIPPLES_ Worldtext Theory Summary/app/src/components/ui/button-group.tsx
1	ripples	Kimi_Agent_RIPPLES_ Worldtext Theory Summary/app/src/components/ui/breadcrumb.tsx
1	ripples	Kimi_Agent_RIPPLES_ Worldtext Theory Summary/app/src/components/ui/badge.tsx
1	ripples	Kimi_Agent_RIPPLES_ Worldtext Theory Summary/app/src/components/ui/avatar.tsx
1	ripples	Kimi_Agent_RIPPLES_ Worldtext Theory Summary/app/src/components/ui/aspect-ratio.tsx
1	ripples	Kimi_Agent_RIPPLES_ Worldtext Theory Summary/app/src/components/ui/alert.tsx
1	ripples	Kimi_Agent_RIPPLES_ Worldtext Theory Summary/app/src/components/ui/alert-dialog.tsx
1	ripples	Kimi_Agent_RIPPLES_ Worldtext Theory Summary/app/src/components/ui/accordion.tsx
1	ripples	Kimi_Agent_RIPPLES_ Worldtext Theory Summary/app/src/components/WorldtextViewport.tsx
1	ripples	Kimi_Agent_RIPPLES_ Worldtext Theory Summary/app/src/components/Visualization3D.tsx
1	ripples	Kimi_Agent_RIPPLES_ Worldtext Theory Summary/app/src/components/Sidebar.tsx
1	ripples	Kimi_Agent_RIPPLES_ Worldtext Theory Summary/app/src/components/ControlPanel.tsx
1	ripples	Kimi_Agent_RIPPLES_ Worldtext Theory Summary/app/src/components/AuditLog.tsx
1	ripples	Kimi_Agent_RIPPLES_ Worldtext Theory Summary/app/src/App.tsx
1	ripples	Kimi_Agent_RIPPLES_ Worldtext Theory Summary/app/src/App.css
1	ripples	Kimi_Agent_RIPPLES_ Worldtext Theory Summary/app/postcss.config.js
1	ripples	Kimi_Agent_RIPPLES_ Worldtext Theory Summary/app/index.html
1	ripples	Kimi_Agent_RIPPLES_ Worldtext Theory Summary/app/eslint.config.js
1	ripples	IMAGES/Kimi_Agent_RIPPLES_ Worldtext Theory Summary (1)/ripples/index.html
1	ripples	IMAGES/Kimi_Agent_RIPPLES_ Worldtext Theory Summary (1)/app/vite.config.ts
1	ripples	IMAGES/Kimi_Agent_RIPPLES_ Worldtext Theory Summary (1)/app/tailwind.config.js
1	ripples	IMAGES/Kimi_Agent_RIPPLES_ Worldtext Theory Summary (1)/app/src/types/index.ts
1	ripples	IMAGES/Kimi_Agent_RIPPLES_ Worldtext Theory Summary (1)/app/src/main.tsx
1	ripples	IMAGES/Kimi_Agent_RIPPLES_ Worldtext Theory Summary (1)/app/src/lib/utils.ts
1	ripples	IMAGES/Kimi_Agent_RIPPLES_ Worldtext Theory Summary (1)/app/src/index.css
1	ripples	IMAGES/Kimi_Agent_RIPPLES_ Worldtext Theory Summary (1)/app/src/hooks/useWorldState.ts
1	ripples	IMAGES/Kimi_Agent_RIPPLES_ Worldtext Theory Summary (1)/app/src/hooks/use-mobile.ts
1	ripples	IMAGES/Kimi_Agent_RIPPLES_ Worldtext Theory Summary (1)/app/src/data/scenarios.ts
1	ripples	IMAGES/Kimi_Agent_RIPPLES_ Worldtext Theory Summary (1)/app/src/data/latentLibrary.ts
1	ripples	IMAGES/Kimi_Agent_RIPPLES_ Worldtext Theory Summary (1)/app/src/components/ui/tooltip.tsx
1	ripples	IMAGES/Kimi_Agent_RIPPLES_ Worldtext Theory Summary (1)/app/src/components/ui/toggle.tsx
1	ripples	IMAGES/Kimi_Agent_RIPPLES_ Worldtext Theory Summary (1)/app/src/components/ui/toggle-group.tsx
1	ripples	IMAGES/Kimi_Agent_RIPPLES_ Worldtext Theory Summary (1)/app/src/components/ui/textarea.tsx
1	ripples	IMAGES/Kimi_Agent_RIPPLES_ Worldtext Theory Summary (1)/app/src/components/ui/tabs.tsx
1	ripples	IMAGES/Kimi_Agent_RIPPLES_ Worldtext Theory Summary (1)/app/src/components/ui/table.tsx
1	ripples	IMAGES/Kimi_Agent_RIPPLES_ Worldtext Theory Summary (1)/app/src/components/ui/switch.tsx
1	ripples	IMAGES/Kimi_Agent_RIPPLES_ Worldtext Theory Summary (1)/app/src/components/ui/spinner.tsx
1	ripples	IMAGES/Kimi_Agent_RIPPLES_ Worldtext Theory Summary (1)/app/src/components/ui/sonner.tsx
1	ripples	IMAGES/Kimi_Agent_RIPPLES_ Worldtext Theory Summary (1)/app/src/components/ui/slider.tsx
1	ripples	IMAGES/Kimi_Agent_RIPPLES_ Worldtext Theory Summary (1)/app/src/components/ui/sidebar.tsx
1	ripples	IMAGES/Kimi_Agent_RIPPLES_ Worldtext Theory Summary (1)/app/src/components/ui/sheet.tsx
1	ripples	IMAGES/Kimi_Agent_RIPPLES_ Worldtext Theory Summary (1)/app/src/components/ui/separator.tsx
1	ripples	IMAGES/Kimi_Agent_RIPPLES_ Worldtext Theory Summary (1)/app/src/components/ui/select.tsx
1	ripples	IMAGES/Kimi_Agent_RIPPLES_ Worldtext Theory Summary (1)/app/src/components/ui/scroll-area.tsx
1	ripples	IMAGES/Kimi_Agent_RIPPLES_ Worldtext Theory Summary (1)/app/src/components/ui/resizable.tsx
1	ripples	IMAGES/Kimi_Agent_RIPPLES_ Worldtext Theory Summary (1)/app/src/components/ui/radio-group.tsx
1	ripples	IMAGES/Kimi_Agent_RIPPLES_ Worldtext Theory Summary (1)/app/src/components/ui/progress.tsx
1	ripples	IMAGES/Kimi_Agent_RIPPLES_ Worldtext Theory Summary (1)/app/src/components/ui/popover.tsx
1	ripples	IMAGES/Kimi_Agent_RIPPLES_ Worldtext Theory Summary (1)/app/src/components/ui/pagination.tsx
1	ripples	IMAGES/Kimi_Agent_RIPPLES_ Worldtext Theory Summary (1)/app/src/components/ui/navigation-menu.tsx
1	ripples	IMAGES/Kimi_Agent_RIPPLES_ Worldtext Theory Summary (1)/app/src/components/ui/menubar.tsx
1	ripples	IMAGES/Kimi_Agent_RIPPLES_ Worldtext Theory Summary (1)/app/src/components/ui/label.tsx
1	ripples	IMAGES/Kimi_Agent_RIPPLES_ Worldtext Theory Summary (1)/app/src/components/ui/kbd.tsx
1	ripples	IMAGES/Kimi_Agent_RIPPLES_ Worldtext Theory Summary (1)/app/src/components/ui/item.tsx
1	ripples	IMAGES/Kimi_Agent_RIPPLES_ Worldtext Theory Summary (1)/app/src/components/ui/input.tsx
1	ripples	IMAGES/Kimi_Agent_RIPPLES_ Worldtext Theory Summary (1)/app/src/components/ui/input-otp.tsx
1	ripples	IMAGES/Kimi_Agent_RIPPLES_ Worldtext Theory Summary (1)/app/src/components/ui/input-group.tsx
1	ripples	IMAGES/Kimi_Agent_RIPPLES_ Worldtext Theory Summary (1)/app/src/components/ui/hover-card.tsx
1	ripples	IMAGES/Kimi_Agent_RIPPLES_ Worldtext Theory Summary (1)/app/src/components/ui/form.tsx
1	ripples	IMAGES/Kimi_Agent_RIPPLES_ Worldtext Theory Summary (1)/app/src/components/ui/field.tsx
1	ripples	IMAGES/Kimi_Agent_RIPPLES_ Worldtext Theory Summary (1)/app/src/components/ui/empty.tsx
1	ripples	IMAGES/Kimi_Agent_RIPPLES_ Worldtext Theory Summary (1)/app/src/components/ui/dropdown-menu.tsx
1	ripples	IMAGES/Kimi_Agent_RIPPLES_ Worldtext Theory Summary (1)/app/src/components/ui/drawer.tsx
1	ripples	IMAGES/Kimi_Agent_RIPPLES_ Worldtext Theory Summary (1)/app/src/components/ui/dialog.tsx
1	ripples	IMAGES/Kimi_Agent_RIPPLES_ Worldtext Theory Summary (1)/app/src/components/ui/context-menu.tsx
1	ripples	IMAGES/Kimi_Agent_RIPPLES_ Worldtext Theory Summary (1)/app/src/components/ui/command.tsx
1	ripples	IMAGES/Kimi_Agent_RIPPLES_ Worldtext Theory Summary (1)/app/src/components/ui/collapsible.tsx
1	ripples	IMAGES/Kimi_Agent_RIPPLES_ Worldtext Theory Summary (1)/app/src/components/ui/checkbox.tsx
1	ripples	IMAGES/Kimi_Agent_RIPPLES_ Worldtext Theory Summary (1)/app/src/components/ui/chart.tsx
1	ripples	IMAGES/Kimi_Agent_RIPPLES_ Worldtext Theory Summary (1)/app/src/components/ui/carousel.tsx
1	ripples	IMAGES/Kimi_Agent_RIPPLES_ Worldtext Theory Summary (1)/app/src/components/ui/card.tsx
1	ripples	IMAGES/Kimi_Agent_RIPPLES_ Worldtext Theory Summary (1)/app/src/components/ui/calendar.tsx
1	ripples	IMAGES/Kimi_Agent_RIPPLES_ Worldtext Theory Summary (1)/app/src/components/ui/button.tsx
1	ripples	IMAGES/Kimi_Agent_RIPPLES_ Worldtext Theory Summary (1)/app/src/components/ui/button-group.tsx
1	ripples	IMAGES/Kimi_Agent_RIPPLES_ Worldtext Theory Summary (1)/app/src/components/ui/breadcrumb.tsx
1	ripples	IMAGES/Kimi_Agent_RIPPLES_ Worldtext Theory Summary (1)/app/src/components/ui/badge.tsx
1	ripples	IMAGES/Kimi_Agent_RIPPLES_ Worldtext Theory Summary (1)/app/src/components/ui/avatar.tsx
1	ripples	IMAGES/Kimi_Agent_RIPPLES_ Worldtext Theory Summary (1)/app/src/components/ui/aspect-ratio.tsx
1	ripples	IMAGES/Kimi_Agent_RIPPLES_ Worldtext Theory Summary (1)/app/src/components/ui/alert.tsx
1	ripples	IMAGES/Kimi_Agent_RIPPLES_ Worldtext Theory Summary (1)/app/src/components/ui/alert-dialog.tsx
1	ripples	IMAGES/Kimi_Agent_RIPPLES_ Worldtext Theory Summary (1)/app/src/components/ui/accordion.tsx
1	ripples	IMAGES/Kimi_Agent_RIPPLES_ Worldtext Theory Summary (1)/app/src/components/WorldtextViewport.tsx
1	ripples	IMAGES/Kimi_Agent_RIPPLES_ Worldtext Theory Summary (1)/app/src/components/Visualization3D.tsx
1	ripples	IMAGES/Kimi_Agent_RIPPLES_ Worldtext Theory Summary (1)/app/src/components/Sidebar.tsx
1	ripples	IMAGES/Kimi_Agent_RIPPLES_ Worldtext Theory Summary (1)/app/src/components/ControlPanel.tsx
1	ripples	IMAGES/Kimi_Agent_RIPPLES_ Worldtext Theory Summary (1)/app/src/components/AuditLog.tsx
1	ripples	IMAGES/Kimi_Agent_RIPPLES_ Worldtext Theory Summary (1)/app/src/App.tsx
1	ripples	IMAGES/Kimi_Agent_RIPPLES_ Worldtext Theory Summary (1)/app/src/App.css
1	ripples	IMAGES/Kimi_Agent_RIPPLES_ Worldtext Theory Summary (1)/app/postcss.config.js
1	ripples	IMAGES/Kimi_Agent_RIPPLES_ Worldtext Theory Summary (1)/app/index.html
1	ripples	IMAGES/Kimi_Agent_RIPPLES_ Worldtext Theory Summary (1)/app/eslint.config.js
1	ripples	8.html
1	ripples	7.html
1	ripples	55.html
1	ripples	5.html
1	ripples	44.html
1	ripples	4.html
1	ripples	3.html
1	ripples	2222-living-lattice.html
1	ripples	22.html
1	ripples	2124-operative-ontology.html
1	ripples	2123-unified-engine.html
1	ripples	2122-operative-bilder.html
1	ripples	2121-worldtext-display.html
1	ripples	2120-demiurge-engine.html
1	ripples	2020-autonomic-system.html
1	ripples	2.html
1	ripples	1919-operative-sequencer.html
1	ripples	1818-sonic-ecology.html
1	ripples	1776.html
1	ripples	1717-cellular.html
1	ripples	17.html
1	ripples	16b.html
1	ripples	1616-worldjockey.html
1	ripples	16.html
1	ripples	1515.html
1	ripples	1515-grid.html
1	ripples	15.html
1	ripples	1414.html
1	ripples	1414-alive.html
1	ripples	14.html
1	ripples	1313.html
1	ripples	1212.html
1	ripples	1111.html
1	ripples	11.html
1	ripples	1010.html
1	ripples	10.html
1	ripples	1.html
1	resonome-genetic-archive	vibe-lab.html
1	resonome-genetic-archive	simsim2.html
1	resonome-genetic-archive	rosa-tetra-form.html
1	resonome-genetic-archive	rosa-deep-03.html
1	resonome-genetic-archive	rosa-deep-02.html
1	resonome-genetic-archive	rosa-deep-01.html
1	resonome-genetic-archive	rosa-deep-00.html
1	resonome-genetic-archive	rft-02.html
1	resonome-genetic-archive	rft-01.html
1	resonome-genetic-archive	rese.html
1	resonome-genetic-archive	res-social.html
1	resonome-genetic-archive	res-social-00.html
1	resonome-genetic-archive	res-sim.html
1	resonome-genetic-archive	res-phys.html
1	resonome-genetic-archive	res-phil-01.html
1	resonome-genetic-archive	res-hub-01.html
1	resonome-genetic-archive	res-engine.html
1	resonome-genetic-archive	oscillator-playground.html
1	resonome-genetic-archive	oscillator-game.html
1	resonome-genetic-archive	mzuk.html
1	resonome-genetic-archive	mzuk-2.html
1	resonome-genetic-archive	mzuk-02.html
1	resonome-genetic-archive	myuk-beck11.html
1	resonome-genetic-archive	my-guy.html
1	resonome-genetic-archive	my-guy-06.html
1	resonome-genetic-archive	my-guy-05.html
1	resonome-genetic-archive	my-guy-04.html
1	resonome-genetic-archive	my-guy-03.html
1	resonome-genetic-archive	my-guy-02.html
1	resonome-genetic-archive	mwut.html
1	resonome-genetic-archive	mwut-04.html
1	resonome-genetic-archive	mwut-03.html
1	resonome-genetic-archive	mwut-02.html
1	resonome-genetic-archive	morphic-resonance-deck.html
1	resonome-genetic-archive	morphic-portal-v2.html
1	resonome-genetic-archive	morphic-might.html
1	resonome-genetic-archive	morph-portal-04.html
1	resonome-genetic-archive	morph-field-portal-final.html
1	resonome-genetic-archive	morph-field-portal-desktop.html
1	resonome-genetic-archive	morph-field-portal-04.html
1	resonome-genetic-archive	morph-field-portal-03.html
1	resonome-genetic-archive	morph-field-portal-02.html
1	resonome-genetic-archive	morph-field-portal-01.html
1	resonome-genetic-archive	morph-field-portal-00.html
1	resonome-genetic-archive	morph-deck.html
1	resonome-genetic-archive	mighty-morph-20.html
1	resonome-genetic-archive	mighty-morph-18.html
1	resonome-genetic-archive	mighty-morph-17.html
1	resonome-genetic-archive	mighty-morph-16.html
1	resonome-genetic-archive	mighty-morph-15.html
1	resonome-genetic-archive	mighty-morph-14.html
1	resonome-genetic-archive	mighty-morph-13.html
1	resonome-genetic-archive	mighty-morph-12.html
1	resonome-genetic-archive	mighty-morph-11.html
1	resonome-genetic-archive	mighty-morph-10.html
1	resonome-genetic-archive	mighty-morph-09.html
1	resonome-genetic-archive	mighty-morph-08bbe.html
1	resonome-genetic-archive	mighty-morph-08bbddeef.html
1	resonome-genetic-archive	mighty-morph-08bbddee.html
1	resonome-genetic-archive	mighty-morph-08bbdde.html
1	resonome-genetic-archive	mighty-morph-08bbdd.html
1	resonome-genetic-archive	mighty-morph-08bbd.html
1	resonome-genetic-archive	mighty-morph-08bbc.html
1	resonome-genetic-archive	mighty-morph-08bbbd.html
1	resonome-genetic-archive	mighty-morph-08bbbc.html
1	resonome-genetic-archive	mighty-morph-08bbbb.html
1	resonome-genetic-archive	mighty-morph-08bbb.html
1	resonome-genetic-archive	mighty-morph-08bb.html
1	resonome-genetic-archive	mighty-morph-08b.html
1	resonome-genetic-archive	mighty-morph-08.html
1	resonome-genetic-archive	mighty-morph-07.html
1	resonome-genetic-archive	mighty-morph-06.html
1	resonome-genetic-archive	mighty-morph-05.html
1	resonome-genetic-archive	mighty-morph-04.html
1	resonome-genetic-archive	mighty-morph-03.html
1	resonome-genetic-archive	mighty-morph-02.html
1	resonome-genetic-archive	meaning-lattice.html
1	resonome-genetic-archive	mdeck.html
1	resonome-genetic-archive	mdeck-11.html
1	resonome-genetic-archive	mdeck-10.html
1	resonome-genetic-archive	mdeck-09.html
1	resonome-genetic-archive	mdeck-08.html
1	resonome-genetic-archive	mdeck-06b.html
1	resonome-genetic-archive	mdeck-06.html
1	resonome-genetic-archive	mdeck-05c.html
1	resonome-genetic-archive	mdeck-05b.html
1	resonome-genetic-archive	mdeck-05.html
1	resonome-genetic-archive	mdeck-04.html
1	resonome-genetic-archive	mdeck-03.html
1	resonome-genetic-archive	mdeck-02.html
1	resonome-genetic-archive	mdeck-01.html
1	resonome-genetic-archive	mbekitu-11.html
1	resonome-genetic-archive	mbekitu-11-base.html
1	resonome-genetic-archive	mbeck-14.html
1	resonome-genetic-archive	mbeck-13.html
1	resonome-genetic-archive	mbeck-12.html
1	resonome-genetic-archive	mbeck-11.html
1	resonome-genetic-archive	mbeck-10.html
1	resonome-genetic-archive	mbeck-09.html
1	resonome-genetic-archive	mbeck-08.html
1	resonome-genetic-archive	mbeck-07.html
1	resonome-genetic-archive	mbeck-06.html
1	resonome-genetic-archive	mbeck-05.html
1	resonome-genetic-archive	mbeck-04.html
1	resonome-genetic-archive	mbeck-03.html
1	resonome-genetic-archive	mbeck-01.html
1	resonome-genetic-archive	mbeck-00.html
1	resonome-genetic-archive	live-morph.html
1	resonome-genetic-archive	int-oscillator.html
1	resonome-genetic-archive	index.html
1	resonome-genetic-archive	hypno-res-02.html
1	resonome-genetic-archive	hypno-res-01.html
1	resonome-genetic-archive	hook-explorer.html
1	resonome-genetic-archive	glyph-merge.html
1	resonome-genetic-archive	galileo-pendulum.html
1	resonome-genetic-archive	euler-oscillator.html
1	resonome-genetic-archive	drt-portal.html
1	resonome-genetic-archive	deep-resonance-desktop/style.css
1	resonome-genetic-archive	deep-resonance-desktop/renderer.js
1	resonome-genetic-archive	deep-resonance-desktop/main.js
1	resonome-genetic-archive	deep-resonance-desktop/index.html
1	resonome-genetic-archive	deep-res-phys.html
1	resonome-genetic-archive	deep-res-02.html
1	resonome-genetic-archive	deep-res-01.html
1	resonome-genetic-archive	chladini-plate-01.html
1	resonome-genetic-archive	chladini-00.html
1	reading-with-machines	index-close.html
1	reading-with-machines	ai_studio_code.html
1	prompt-smith	smith-radio.html
1	prompt-smith	smith-puppet-complex.html
1	prompt-smith	smith-255.html
1	prompt-smith	sg-01.html
1	prompt-smith	sg-00.html
1	prompt-smith	new.html
1	prompt-smith	index-min-alt.html
1	prompt-smith	dub-base.html
1	prompt-smith	double-smith.html
1	prompt-smith	classic-index.html
1	prompt-smith	ai_studio_code (92).html
1	prompt-smith	ai_studio_code (90).html
1	privacy-value-labels	ci-02.html
1	privacy-value-labels	ci-01.html
1	pretext-field	update_aidar.js
1	pretext-field	trout.html
1	pretext-field	svg.d.ts
1	pretext-field	src/text-modules.d.ts
1	pretext-field	shared/navigation-state.ts
1	pretext-field	shared/gene-main/scope.html
1	pretext-field	shared/gene-main/index.html
1	pretext-field	shared/gene-main/docs.html
1	pretext-field	server/mind-server.ts
1	pretext-field	scripts/package-smoke-test.ts
1	pretext-field	pages/probe.html
1	pretext-field	pages/logo-columns-text.ts
1	pretext-field	pages/justification-comparison.ts
1	pretext-field	pages/gatsby.html
1	pretext-field	pages/dynamic-layout-text.ts
1	pretext-field	pages/demos/wordar.ts
1	pretext-field	pages/demos/wordar.html
1	pretext-field	pages/demos/voabar.html
1	pretext-field	pages/demos/variable-typographic-ascii.ts
1	pretext-field	pages/demos/svg.d.ts
1	pretext-field	pages/demos/spotlight.ts
1	pretext-field	pages/demos/spotlight.html
1	pretext-field	pages/demos/rich-note.ts
1	pretext-field	pages/demos/rich-note.html
1	pretext-field	pages/demos/power-of-a-moon.ts
1	pretext-field	pages/demos/power-of-a-moon.html
1	pretext-field	pages/demos/piedmont.ts
1	pretext-field	pages/demos/piedmont.html
1	pretext-field	pages/demos/piedmont-lore.ts
1	pretext-field	pages/demos/orca-lidar.ts
1	pretext-field	pages/demos/orca-lidar.html
1	pretext-field	pages/demos/lantern.ts
1	pretext-field	pages/demos/lantern.html
1	pretext-field	pages/demos/justification-comparison.ui.ts
1	pretext-field	pages/demos/justification-comparison.model.ts
1	pretext-field	pages/demos/justification-comparison.data.ts
1	pretext-field	pages/demos/icaro-quine.ts
1	pretext-field	pages/demos/icaro-quine.html
1	pretext-field	pages/demos/house-of-words.ts
1	pretext-field	pages/demos/house-of-words.html
1	pretext-field	pages/demos/golden-shield.html
1	pretext-field	pages/demos/golden-lens.ts
1	pretext-field	pages/demos/golden-lens.html
1	pretext-field	pages/demos/golden-lens-guide.html
1	pretext-field	pages/demos/golden-fleece.ts
1	pretext-field	pages/demos/golden-fleece.html
1	pretext-field	pages/demos/golden-fleece-surface.html
1	pretext-field	pages/demos/golden-egg-clean.html
1	pretext-field	pages/demos/golden-editor.ts
1	pretext-field	pages/demos/golden-editor.html
1	pretext-field	pages/demos/gatech.ts
1	pretext-field	pages/demos/gatech.html
1	pretext-field	pages/demos/gatech-lore.ts
1	pretext-field	pages/demos/dynamic-layout-text.ts
1	pretext-field	pages/demos/cultural-brain.ts
1	pretext-field	pages/demos/cultural-brain.html
1	pretext-field	pages/demos/cartography-engine.ts
1	pretext-field	pages/demos/cartesian-breach.ts
1	pretext-field	pages/demos/cartesian-breach.html
1	pretext-field	pages/demos/cartesian-breach-v2.ts
1	pretext-field	pages/demos/cartesian-breach-v2.html
1	pretext-field	pages/demos/bubbles-shared.ts
1	pretext-field	pages/demos/bayville.ts
1	pretext-field	pages/demos/bayville.html
1	pretext-field	pages/demos/bat.ts
1	pretext-field	pages/demos/bat.html
1	pretext-field	pages/demos/bat-echo.ts
1	pretext-field	pages/demos/bat-echo.html
1	pretext-field	pages/corpus.html
1	pretext-field	jumpar.ts
1	pretext-field	jumpar.html
1	pretext-field	golden-fleece/tests/compiler.test.ts
1	pretext-field	golden-fleece/src/core/worldnode.ts
1	pretext-field	golden-fleece/src/core/layout.ts
1	pretext-field	golden-fleece/src/core/index.ts
1	pretext-field	golden-fleece/src/core/compiler.ts
1	pretext-field	gene-main/scope.html
1	pretext-field	gene-main/registry.html
1	pretext-field	gene-main/index.html
1	pretext-field	gene-main/docs.html
1	pretext-field	cognitive-lanes.html
1	pretext-field	claudar.html
1	pretext-field	cave-demos/vite.config.ts
1	pretext-field	cave-demos/index.html
1	pretext-field	cave-demos/demos/wordar.ts
1	pretext-field	cave-demos/demos/wordar.html
1	pretext-field	cave-demos/demos/voabar.html
1	pretext-field	cave-demos/demos/spotlight.ts
1	pretext-field	cave-demos/demos/spotlight.html
1	pretext-field	cave-demos/demos/power-of-a-moon.ts
1	pretext-field	cave-demos/demos/power-of-a-moon.html
1	pretext-field	cave-demos/demos/orca-lidar.ts
1	pretext-field	cave-demos/demos/orca-lidar.html
1	pretext-field	cave-demos/demos/lantern.ts
1	pretext-field	cave-demos/demos/lantern.html
1	pretext-field	cave-demos/demos/cultural-brain.ts
1	pretext-field	cave-demos/demos/cultural-brain.html
1	pretext-field	cave-demos/demos/cartesian-breach.ts
1	pretext-field	cave-demos/demos/cartesian-breach.html
1	pretext-field	cave-demos/demos/cartesian-breach-v2.ts
1	pretext-field	cave-demos/demos/cartesian-breach-v2.html
1	pretext-field	cave-demos/demos/bat.ts
1	pretext-field	cave-demos/demos/bat.html
1	pretext-field	cave-demos/demos/bat-echo.ts
1	pretext-field	cave-demos/demos/bat-echo.html
1	pretext-field	aidar.ts
1	pretext-field	aidar.html
1	pretext-field	WORD-ENGINE/walldar.ts
1	pretext-field	WORD-ENGINE/walldar.html
1	pretext-field	WORD-ENGINE/orcadar.html
1	pretext-field	ORCA/ripple-ai.js
1	pretext-field	ORCA/orca-shield-18.html
1	pretext-field	ICARO-QUINE/iq-see.html
1	pretext-field	ICARO-QUINE/iq-low.html
1	pretext-field	ICARO-QUINE/iq-high.html
1	pretext-field	ICARO-QUINE/icaro-quine.html
1	pretext-field	ICARO-QUINE/icaro-quine-pretext.html
1	pretext-field	GOLDEN LENS/ripple-ai.js
1	pretext-field	GOLDEN LENS/orca-shield-18.html
1	pretext-field	GOLDEN LENS/bayville.html
1	pretext-cave	index.html
1	pretext-cave	demos/wordar.ts
1	pretext-cave	demos/wordar.html
1	pretext-cave	demos/voabar.html
1	pretext-cave	demos/spotlight.ts
1	pretext-cave	demos/spotlight.html
1	pretext-cave	demos/power-of-a-moon.ts
1	pretext-cave	demos/power-of-a-moon.html
1	pretext-cave	demos/orca-lidar.ts
1	pretext-cave	demos/orca-lidar.html
1	pretext-cave	demos/lantern.ts
1	pretext-cave	demos/lantern.html
1	pretext-cave	demos/cultural-brain.ts
1	pretext-cave	demos/cultural-brain.html
1	pretext-cave	demos/cartesian-breach.ts
1	pretext-cave	demos/cartesian-breach.html
1	pretext-cave	demos/cartesian-breach-v2.ts
1	pretext-cave	demos/cartesian-breach-v2.html
1	pretext-cave	demos/bat.ts
1	pretext-cave	demos/bat.html
1	pretext-cave	demos/bat-echo.ts
1	pretext-cave	demos/bat-echo.html
1	potters-wheel	index.html
1	potters-wheel	POTTERS_WHEEL/unthinkable_media_engine_single_file_html_atlantis_edition_BET.html
1	potters-wheel	POTTERS_WHEEL/temporal_sculptor_gear_editor_web_m_export.html
1	potters-wheel	POTTERS_WHEEL/temporal_sculptor_gear_editor_web_m_export (6).html
1	potters-wheel	POTTERS_WHEEL/temporal_sculptor_gear_editor_web_m_export (5).html
1	potters-wheel	POTTERS_WHEEL/temporal_sculptor_gear_editor_web_m_export (4).html
1	potters-wheel	POTTERS_WHEEL/temporal_sculptor_gear_editor_web_m_export (3).html
1	potters-wheel	POTTERS_WHEEL/temporal_sculptor_gear_editor_web_m_export (2).html
1	potters-wheel	POTTERS_WHEEL/temporal_sculptor_gear_editor_web_m_export (1).html
1	potters-wheel	POTTERS_WHEEL/prime_inception_medium_poml_runner_single_file_html.html
1	potters-wheel	POTTERS_WHEEL/prime_inception_medium_poml_runner_single_file_html (5).html
1	potters-wheel	POTTERS_WHEEL/prime_inception_medium_poml_runner_single_file_html (4).html
1	potters-wheel	POTTERS_WHEEL/prime_inception_medium_poml_runner_single_file_html (2).html
1	potters-wheel	POTTERS_WHEEL/prime_inception_medium_poml_runner_single_file_html (1).html
1	potters-wheel	POTTERS_WHEEL/prime_inception_medium_poml_runner_single_file_BET.html
1	potters-wheel	POTTERS_WHEEL/morphic_mergefield_mobile_canvas_prototype_html_css_js_single_file_BET.html
1	potters-wheel	POTTERS_WHEEL/morphic_mergefield_mobile_canvas_prototype_html_css_js_single_file_1_BET.html
1	potters-wheel	POTTERS_WHEEL/morphic_mergefield_mobile_canvas_prototype_html_css_js_single_file (2).html
1	potters-wheel	POTTERS_WHEEL/main_gear_film_engine_v_2-BET.html
1	potters-wheel	POTTERS_WHEEL/main_gear_film_engine_pro_arc_mix_controls.html
1	potters-wheel	POTTERS_WHEEL/index_minimal.html
1	potters-wheel	POTTERS_WHEEL/index.html
1	potters-wheel	POTTERS_WHEEL/hyperclay_mobile_mixer_single_file_html_works_with_real_video-blob-BET.html
1	potters-wheel	POTTERS_WHEEL/hyperclay_mobile_mixer_single_file_html_works_with_real_video-BET.html
1	potters-wheel	POTTERS_WHEEL/hyperclay_mobile_mixer_single_file_html_works_with_real_video (4).html
1	potters-wheel	POTTERS_WHEEL/hyperclay_mobile_mixer_single_file_html_works_with_real_video (3).html
1	potters-wheel	POTTERS_WHEEL/hyperclay_mobile_mixer_single_file_html_works_with_real_video (2).html
1	potters-wheel	POTTERS_WHEEL/hyperclay_fusion_wheel_option_2_prototype_mobile_single_file_BBET.html
1	potters-wheel	POTTERS_WHEEL/hyperclay_fusion_wheel_option_2_prototype_mobile_single_file (1).html
1	potters-wheel	POTTERS_WHEEL/hyperclay_fusion_wheel_option_2_linear_export_hi_q_sonic_haptic-BETTER.html
1	potters-wheel	POTTERS_WHEEL/hyperclay_fusion_wheel_option_2_all_out_poc_ok.html
1	potters-wheel	POTTERS_WHEEL/hyperclay_fusion_wheel_option_2_all_out_poc.html
1	potters-wheel	POTTERS_WHEEL/hyperclay_fusion_wheel_option_2_all_out_poc (6).html
1	potters-wheel	POTTERS_WHEEL/hyperclay_fusion_wheel_option_2_all_out_poc (5).html
1	potters-wheel	POTTERS_WHEEL/hyperclay_fusion_wheel_option_2_all_out_poc (4).html
1	potters-wheel	POTTERS_WHEEL/hyperclay_fusion_wheel_option_2_all_out_poc (3).html
1	potters-wheel	POTTERS_WHEEL/hyperclay_fusion_wheel_option_2_all_out_poc (2).html
1	potters-wheel	POTTERS_WHEEL/hyperclay_fusion_wheel_option_2_all_out_poc (1).html
1	potters-wheel	POTTERS_WHEEL/hyperclay_fusion_wheel_3_d_mvp_single_file_GREAT.html
1	potters-wheel	POTTERS_WHEEL/hyperclay_fusion_wheel_3_d_mvp_single_file-coulda-been.html
1	potters-wheel	POTTERS_WHEEL/hyperclay_fusion_wheel_3_d_mvp_single_file-1-BET.html
1	potters-wheel	POTTERS_WHEEL/hyperclay_fusion_wheel_3_d_mvp_prototype.html
1	potters-wheel	POTTERS_WHEEL/hyperclay_fusion_wheel_3_d_mobile_editor_single_file_html_css_js.html
1	potters-wheel	POTTERS_WHEEL/hyperclay_fusion_wheel_3_d_mobile_editor_single_file_html_css_js (1).html
1	potters-wheel	POTTERS_WHEEL/gear_narrative_engine_script_wheels_fountain_fdx_import_bet.html
1	potters-wheel	POTTERS_WHEEL/gear_narrative_engine_script_wheels_fountain_fdx_import.html
1	potters-wheel	POTTERS_WHEEL/gear_narrative_engine_full_send_single_file-BET.html
1	potters-wheel	POTTERS_WHEEL/gear_narrative_engine_arc_sequencer_normal_output_16_9-BET.html
1	potters-wheel	POTTERS_WHEEL/gear_narrative_engine_arc_sequencer_mechanical_nle.html
1	potters-wheel	POTTERS_WHEEL/gear_editing_canvas.html
1	potters-wheel	POTTERS_WHEEL/gear_editing_canvas (4).html
1	potters-wheel	POTTERS_WHEEL/gear_editing_canvas (3).html
1	potters-wheel	POTTERS_WHEEL/gear_editing_canvas (2).html
1	potters-wheel	POTTERS_WHEEL/gear_editing_canvas (1).html
1	potters-wheel	POTTERS_WHEEL/cinome_sculpting_chamber_mobile_no_deps.html
1	potters-wheel	POTTERS_WHEEL/cinome_sculpting_chamber_centered_infinity_mobile_no_deps.html
1	potters-wheel	POTTERS_WHEEL/cinematic_data_wall_tetrad_edition_mobile_no_deps.html
1	potters-wheel	POTTERS_WHEEL/cinematic_data_wall_helix_weave_mobile_no_deps.html
1	potters-wheel	POTTERS_WHEEL/cinematic_data_wall_editor_mobile_v_0.html
1	potters-wheel	POTTERS_WHEEL/cinematic_data_wall_editor_mobile_single_file_no_deps.html
1	potters-wheel	POTTERS_WHEEL/cinematic_data_wall_editor_mobile_single_file_no_deps (1).html
1	potters-wheel	FUSE/owe7.html
1	potters-wheel	FUSE/owe6.html
1	potters-wheel	FUSE/owe5.html
1	potters-wheel	FUSE/owe4.html
1	potters-wheel	FUSE/owe3.html
1	potters-wheel	FUSE/owe2.html
1	potters-wheel	FUSE/owe-1.html
1	potters-wheel	FUSE/m4.html
1	potters-wheel	FUSE/m2.html
1	potters-wheel	FUSE/m1.html
1	potters-wheel	FUSE/iyex.html
1	potters-wheel	FUSE/iyeti.html
1	potters-wheel	FUSE/ipflex.html
1	potters-wheel	FUSE/ip-flex-free.html
1	potters-wheel	FUSE/ip-flex-free-10.html
1	potters-wheel	FUSE/ip-flex-free-09.html
1	potters-wheel	FUSE/ip-flex-free-08.html
1	potters-wheel	FUSE/ip-flex-free-07.html
1	potters-wheel	FUSE/ip-flex-free-06.html
1	potters-wheel	FUSE/ip-flex-free-05.html
1	potters-wheel	FUSE/ip-flex-free-04.html
1	potters-wheel	FUSE/ip-flex-free-03.html
1	potters-wheel	FUSE/ip-flex-free-02.html
1	potters-wheel	FUSE/ip-flex-02.html
1	potters-wheel	FUSE/index.html
1	potters-wheel	FUSE/ilex.html
1	potters-wheel	FUSE/ibex.html
1	potters-wheel	FUSE/gs4.html
1	potters-wheel	FUSE/gs3.html
1	potters-wheel	FUSE/gs2.html
1	potters-wheel	FUSE/gs2-plus.html
1	potters-wheel	FUSE/gs2-core.html
1	potters-wheel	FUSE/gs2-base.html
1	potters-wheel	FUSE/gs1.html
1	potters-wheel	FUSE/gs-dev.html
1	potters-wheel	FUSE/gm9.html
1	potters-wheel	FUSE/gm8.html
1	potters-wheel	FUSE/gm7.html
1	potters-wheel	FUSE/gm6.html
1	potters-wheel	FUSE/gm5.html
1	potters-wheel	FUSE/gm4.html
1	potters-wheel	FUSE/gm3.html
1	potters-wheel	FUSE/gm2.html
1	potters-wheel	FUSE/gm10.html
1	potters-wheel	FUSE/gm1.html
1	potters-wheel	FUSE/gm-ooo.html
1	potters-wheel	FUSE/gg2.html
1	potters-wheel	FUSE/gg1.html
1	potters-wheel	FUSE/gf5.html
1	potters-wheel	FUSE/gf4.html
1	potters-wheel	FUSE/gf3.html
1	potters-wheel	FUSE/gf2.html
1	potters-wheel	FUSE/gf1.html
1	potters-wheel	FUSE/g9.html
1	potters-wheel	FUSE/g8.html
1	potters-wheel	FUSE/g7.html
1	potters-wheel	FUSE/g6.html
1	potters-wheel	FUSE/g5.html
1	potters-wheel	FUSE/g4.html
1	potters-wheel	FUSE/g3.html
1	potters-wheel	FUSE/g2.html
1	potters-wheel	FUSE/g13.html
1	potters-wheel	FUSE/g12.html
1	potters-wheel	FUSE/g11.html
1	potters-wheel	FUSE/g10.html
1	potters-wheel	FUSE/g1.html
1	potters-wheel	FUSE/fu9.html
1	potters-wheel	FUSE/fu8.html
1	potters-wheel	FUSE/fu7.html
1	potters-wheel	FUSE/fu6.html
1	potters-wheel	FUSE/fu5.html
1	potters-wheel	FUSE/fu4.html
1	potters-wheel	FUSE/fu3.html
1	potters-wheel	FUSE/fu2.html
1	potters-wheel	FUSE/fu11.html
1	potters-wheel	FUSE/fu10.html
1	potters-wheel	FUSE/fu1.html
1	potters-wheel	FUSE/f7.html
1	potters-wheel	FUSE/f6.html
1	potters-wheel	FUSE/f5.html
1	potters-wheel	FUSE/f4.html
1	potters-wheel	FUSE/f3.html
1	potters-wheel	FUSE/f2.html
1	potters-wheel	FUSE/f1.html
1	potters-wheel	FUSE/extract_html_titles.py
1	potters-wheel	FUSE/ecd9.html
1	potters-wheel	FUSE/ecd8.html
1	potters-wheel	FUSE/ecd7.html
1	potters-wheel	FUSE/ecd6.html
1	potters-wheel	FUSE/ecd5.html
1	potters-wheel	FUSE/ecd4.html
1	potters-wheel	FUSE/ecd3.html
1	potters-wheel	FUSE/ecd23.html
1	potters-wheel	FUSE/ecd22.html
1	potters-wheel	FUSE/ecd21.html
1	potters-wheel	FUSE/ecd20.html
1	potters-wheel	FUSE/ecd2.html
1	potters-wheel	FUSE/ecd19.html
1	potters-wheel	FUSE/ecd18.html
1	potters-wheel	FUSE/ecd17.html
1	potters-wheel	FUSE/ecd16.html
1	potters-wheel	FUSE/ecd15.html
1	potters-wheel	FUSE/ecd14.html
1	potters-wheel	FUSE/ecd13.html
1	potters-wheel	FUSE/ecd12.html
1	potters-wheel	FUSE/ecd11.html
1	potters-wheel	FUSE/ecd10.html
1	potters-wheel	FUSE/ecd1.html
1	potters-wheel	FUSE/ecd-u5.html
1	potters-wheel	FUSE/ecd-u4.html
1	potters-wheel	FUSE/ecd-u3.html
1	potters-wheel	FUSE/ecd-u2.html
1	potters-wheel	FUSE/ecd-u1.html
1	potters-wheel	FUSE/ecd-fu-odd.html
1	potters-wheel	2400_25/tools/export_structured.py
1	potters-wheel	2400_25/tdl-03.html
1	potters-wheel	2400_25/tdl-02.html
1	potters-wheel	2400_25/tdl-01.html
1	potters-wheel	2400_25/real-cal.html
1	potters-wheel	2400_25/os-dope-00.html
1	potters-wheel	2400_25/os-dope-00 copy.html
1	potters-wheel	2400_25/mission-00.html
1	potters-wheel	2400_25/lmc_2400_course_operating_system_os_interactive_prototype.jsx
1	potters-wheel	2400_25/lmc2400_enculturation_timeline.html
1	potters-wheel	2400_25/index.html
1	potters-wheel	2400_25/f25-structured.html
1	potters-wheel	2400_25/f25-01.html
1	potters-wheel	2400_25/f25-00.html
1	potters-wheel	2400_25/codex-export.html
1	potters-wheel	2400_25/calendar-ticker.html
1	potters-wheel	2400_25/bateson-03-good.html
1	potters-wheel	2400_25/bateson-02.html
1	potters-wheel	2400_25/bateson-01-BET.html
1	potters-wheel	2400_25/arcas-04-lineage-game-clicky.html
1	potters-wheel	2400_25/arcas-03-symbolic-biosphere.html
1	potters-wheel	2400_25/arcas-02-victor-os-syntigration-timeline_GOOD.html
1	potters-wheel	2400_25/arcas-01-agent-sim.html
1	potters-wheel	2400_25/arcas-00.html
1	potters-wheel	2400_25/app-template.html
1	popular-bowl	hall.html
1	political-kayfabe	style.css
1	political-kayfabe	index.html
1	political-kayfabe	app.js
1	platos-laundry	tiza.html
1	platos-laundry	tiza-02.html
1	platos-laundry	tide.html
1	platos-laundry	index.html
1	platos-laundry	gain.html
1	platos-cave	sm-02.html
1	platos-cave	seeing.html
1	platos-cave	seeing-02.html
1	platos-cave	pc-04.html
1	platos-cave	pc-03.html
1	platos-cave	pc-02.html
1	platos-cave	pc-01.html
1	platos-cave	media-primitives.html
1	platos-cave	is-ai-a-medium.html
1	platos-cave	index.html
1	platos-cave	cs-cave.html
1	platos-cave	circles.html
1	platos-cave	cards-01.html
1	platos-cave	ancient_instagram_sontag_clone.html
1	platos-cave	act-02.html
1	pca	victor-toolkit.js
1	pca	title-sequence-template.js
1	pca	tempo-os.html
1	pca	tempo-os-victor-demo.html
1	pca	surreal.html
1	pca	surreal-os-victor-index.html
1	pca	surreal-os-victor-index-old.html
1	pca	style.css
1	pca	scale-os-victor-demo.html
1	pca	pca-01.html
1	pca	morph-os-victor-demo.html
1	pca	mirror-os.html
1	pca	mirror-os-victor-demo.html
1	pca	light-os-victor-demo.html
1	pca	index.html
1	pca	archive-os-victor-demo.html
1	pca	app.js
1	pca	anomaly-os-victor-demo.html
1	os-dope-faa	watch-tone.html
1	os-dope-faa	tone-engine.html
1	os-dope-faa	prompt-anatomy-presenter.html
1	os-dope-faa	pragmatism-protocol-00-BET.html
1	os-dope-faa	olfl-up.html
1	os-dope-faa	olfl-receipt.html
1	os-dope	tools/export_structured.py
1	os-dope	tdl-03.html
1	os-dope	tdl-02.html
1	os-dope	tdl-01.html
1	os-dope	real-cal.html
1	os-dope	os-dope-00.html
1	os-dope	os-dope-00 copy.html
1	os-dope	mission-00.html
1	os-dope	lmc_2400_course_operating_system_os_interactive_prototype.jsx
1	os-dope	lmc2400_enculturation_timeline.html
1	os-dope	index.html
1	os-dope	f25-structured.html
1	os-dope	f25-01.html
1	os-dope	f25-00.html
1	os-dope	codex-export.html
1	os-dope	calendar-ticker.html
1	os-dope	bateson-03-good.html
1	os-dope	bateson-02.html
1	os-dope	bateson-01-BET.html
1	os-dope	arcas-04-lineage-game-clicky.html
1	os-dope	arcas-03-symbolic-biosphere.html
1	os-dope	arcas-02-victor-os-syntigration-timeline_GOOD.html
1	os-dope	arcas-01-agent-sim.html
1	os-dope	arcas-00.html
1	os-dope	app-template.html
1	orange-assemblies	index.html
1	operation-describe	worldtext/_debug_render.html
1	operation-describe	worldtext-data.js
1	operation-describe	test_script.js
1	operation-describe	test_render.js
1	operation-describe	index.html
1	operation-describe	extract-sources.py
1	operation-describe	double-bar.html
1	operation-describe	Operative Ekphrasis, Thick Description/files/3341/2303.html
1	operation-describe	Operative Ekphrasis, Thick Description/files/3339/2109.html
1	operation-describe	Operative Ekphrasis, Thick Description/files/3336/2312.html
1	operation-describe	Operative Ekphrasis, Thick Description/files/3332/an-advanced-guide-to-writing-prompts-for-midjourney-text-to-image-aa12a1e33b6.html
1	operation-describe	Operative Ekphrasis, Thick Description/files/3330/2304.html
1	operation-describe	Operative Ekphrasis, Thick Description/files/3326/2303.html
1	operation-describe	Operative Ekphrasis, Thick Description/files/3310/aat.html
1	operation-describe	Operative Ekphrasis, Thick Description/files/3309/embed.html
1	operation-describe	Operative Ekphrasis, Thick Description/files/3292/7705.html
1	operation-describe	Operative Ekphrasis, Thick Description/files/3107/000161.html
1	opek	index.html
1	opek	UNDERSTANDING AI/understanding-ai.html
1	opek	UNDERSTANDING AI/understanding-ai-flow.html
1	opek	UNDERSTANDING AI/refine_understanding_data.py
1	opek	UNDERSTANDING AI/process_understanding_ai.py
1	opek	UNDERSTANDING AI/generate_flow_pres.py
1	opek	UNDERSTANDING AI/generate_comic_pres.py
1	opek	UNDERSTANDING AI/generate_ai_vector_comic.py
1	opek	UNDERSTANDING AI/generate_ai_kim_comic.py
1	opek	UNDERSTANDING AI/generate_ai_deep_comic.py
1	opek	UNDERSTANDING AI/ai-vector-comic.html
1	opek	UNDERSTANDING AI/ai-kim-comic.html
1	opek	UNDERSTANDING AI/ai-deep-comic.html
1	opek	OPERATIVES/visual_audit_update.py
1	opek	OPERATIVES/visual_audit_final.py
1	opek	OPERATIVES/semantic_sort_experiment.py
1	opek	OPERATIVES/resequence_legos.py
1	opek	OPERATIVES/resequence.py
1	opek	OPERATIVES/process_ocr_legos.py
1	opek	OPERATIVES/presentation.html
1	opek	OPERATIVES/ocr_test.py
1	opek	OPERATIVES/kimi-pres.html
1	opek	OPERATIVES/generate_presentation_v3.py
1	opek	OPERATIVES/generate_kimi_pres.py
1	opek	OPERATIVES/generate_deep_pres.py
1	opek	OPERATIVES/export_ocr_data.py
1	opek	OPERATIVES/deep-pres.html
1	opek	OPERATIVES/batch_audit_ocr.py
1	opek	OPERATIVES/apply_semantic_sort.py
1	novus-groove	smithson.html
1	novus-groove	novus-plate.html
1	novus-groove	index.html
1	novus-groove	index-3d.html
1	novus-groove	an-spin.html
1	nothing-ritual	k02-nothing-ritual-08.html
1	nothing-ritual	k02-nothing-ritual-07.html
1	nothing-ritual	k02-nothing-ritual-06.html
1	nothing-ritual	k02-nothing-ritual-05.html
1	nothing-ritual	k02-nothing-ritual-04.html
1	nothing-ritual	k02-nothing-ritual-03.html
1	nothing-ritual	k02-nothing-ritual-02.html
1	nothing-ritual	k02-nothing-ritual-01.html
1	nothing-ritual	index.html
1	nothing-ritual	g25-nothing-ritual-08.html
1	nothing-ritual	g25-nothing-ritual-07.html
1	nothing-ritual	g25-nothing-ritual-06.html
1	nothing-ritual	g25-nothing-ritual-05.html
1	nothing-ritual	g25-nothing-ritual-04.html
1	nothing-ritual	g25-nothing-ritual-03.html
1	nothing-ritual	g25-nothing-ritual-02.html
1	nothing-ritual	g25-nothing-ritual-01.html
1	nothing-ritual	c04-nothing-ritual-08.html
1	nothing-ritual	c04-nothing-ritual-07.html
1	nothing-ritual	c04-nothing-ritual-06.html
1	nothing-ritual	c04-nothing-ritual-05.html
1	nothing-ritual	c04-nothing-ritual-04.html
1	nothing-ritual	c04-nothing-ritual-03.html
1	nothing-ritual	c04-nothing-ritual-02.html
1	nothing-ritual	c04-nothing-ritual-01.html
1	nothing-ritual	REPORT-NOTHING-RITUAL/NOTHING-RITUAL-08/script_2.py
1	nothing-ritual	REPORT-NOTHING-RITUAL/NOTHING-RITUAL-08/script_1.py
1	nothing-ritual	REPORT-NOTHING-RITUAL/NOTHING-RITUAL-08/script.py
1	nothing-ritual	REPORT-NOTHING-RITUAL/NOTHING-RITUAL-08/chart_script_2.py
1	nothing-ritual	REPORT-NOTHING-RITUAL/NOTHING-RITUAL-08/chart_script_1.py
1	nothing-ritual	REPORT-NOTHING-RITUAL/NOTHING-RITUAL-08/chart_script.py
1	nothing-ritual	REPORT-NOTHING-RITUAL/NOTHING-RITUAL-07/style.css
1	nothing-ritual	REPORT-NOTHING-RITUAL/NOTHING-RITUAL-07/index.html
1	nothing-ritual	REPORT-NOTHING-RITUAL/NOTHING-RITUAL-07/app.js
1	nothing-ritual	REPORT-NOTHING-RITUAL/NOTHING-RITUAL-05/style.css
1	nothing-ritual	REPORT-NOTHING-RITUAL/NOTHING-RITUAL-05/index.html
1	nothing-ritual	REPORT-NOTHING-RITUAL/NOTHING-RITUAL-05/app.js
1	nothing-ritual	REPORT-NOTHING-RITUAL/NOTHING-RITUAL-04/style.css
1	nothing-ritual	REPORT-NOTHING-RITUAL/NOTHING-RITUAL-04/index.html
1	nothing-ritual	REPORT-NOTHING-RITUAL/NOTHING-RITUAL-04/app.js
1	nothing-ritual	REPORT-NOTHING-RITUAL/NOTHING-RITUAL-03/style.css
1	nothing-ritual	REPORT-NOTHING-RITUAL/NOTHING-RITUAL-03/index.html
1	nothing-ritual	REPORT-NOTHING-RITUAL/NOTHING-RITUAL-03/app.js
1	nothing-ritual	REPORT-NOTHING-RITUAL/NOTHING-RITUAL-01/style.css
1	nothing-ritual	REPORT-NOTHING-RITUAL/NOTHING-RITUAL-01/index.html
1	nothing-ritual	REPORT-NOTHING-RITUAL/NOTHING-RITUAL-01/app.js
1	nexadoc-jar	stig.html
1	nexadoc-jar	nis.html
1	nexadoc-jar	nd-15-hybrid.html
1	nexadoc-jar	nd-14-text-automata.html
1	nexadoc-jar	nd-13-cylindrical-automata.html
1	nexadoc-jar	nd-12.html
1	nexadoc-jar	nd-12-stig.html
1	nexadoc-jar	nd-11.html
1	nexadoc-jar	nd-10.html
1	nexadoc-jar	nd-09.html
1	nexadoc-jar	nd-08.html
1	nexadoc-jar	nd-07.html
1	nexadoc-jar	nd-06.html
1	nexadoc-jar	nd-05.html
1	nexadoc-jar	nd-04.html
1	nexadoc-jar	nd-03.html
1	nexadoc-jar	nd-02.html
1	nexadoc-jar	nd-01.html
1	nexadoc-jar	nd-00.html
1	nexadoc-jar	index.html
1	nexadoc-jar	epir.html
1	mythos-canon	script_2.py
1	mythos-canon	script_1.py
1	mythos-canon	script.py
1	mythos-canon	mythos_vibe_viewer.html
1	mythos-canon	mythos_terminal.html
1	mythos-canon	mythos_network.html
1	mythos-canon	mythos-core.html
1	mythos-canon	index.html
1	mythos-canon	generate_essays.py
1	mythos-canon	generate_bespoke_pages.py
1	mythos-canon	gen_complete.py
1	mythos-canon	essays/index_essays.html
1	mythos-canon	essays/essay_technical.html
1	mythos-canon	essays/essay_mythopoetic.html
1	mythos-canon	essays/essay_mythic.html
1	mythos-canon	essays/essay_forager.html
1	mythos-canon	complete_presentations/index.html
1	mythos-canon	complete_presentations/chapter_118.html
1	mythos-canon	complete_presentations/chapter_117.html
1	mythos-canon	complete_presentations/chapter_116.html
1	mythos-canon	complete_presentations/chapter_115.html
1	mythos-canon	complete_presentations/chapter_114.html
1	mythos-canon	complete_presentations/chapter_113.html
1	mythos-canon	complete_presentations/chapter_112.html
1	mythos-canon	complete_presentations/chapter_111.html
1	mythos-canon	complete_presentations/chapter_110.html
1	mythos-canon	complete_presentations/chapter_109.html
1	mythos-canon	complete_presentations/chapter_108.html
1	mythos-canon	complete_presentations/chapter_107.html
1	mythos-canon	complete_presentations/chapter_106.html
1	mythos-canon	complete_presentations/chapter_105.html
1	mythos-canon	complete_presentations/chapter_104.html
1	mythos-canon	complete_presentations/chapter_103.html
1	mythos-canon	complete_presentations/chapter_102.html
1	mythos-canon	complete_presentations/chapter_101.html
1	mythos-canon	complete_presentations/chapter_100.html
1	mythos-canon	complete_presentations/chapter_099.html
1	mythos-canon	complete_presentations/chapter_098.html
1	mythos-canon	complete_presentations/chapter_097.html
1	mythos-canon	complete_presentations/chapter_096.html
1	mythos-canon	complete_presentations/chapter_095.html
1	mythos-canon	complete_presentations/chapter_094.html
1	mythos-canon	complete_presentations/chapter_093.html
1	mythos-canon	complete_presentations/chapter_092.html
1	mythos-canon	complete_presentations/chapter_091.html
1	mythos-canon	complete_presentations/chapter_090.html
1	mythos-canon	complete_presentations/chapter_089.html
1	mythos-canon	complete_presentations/chapter_088.html
1	mythos-canon	complete_presentations/chapter_087.html
1	mythos-canon	complete_presentations/chapter_086.html
1	mythos-canon	complete_presentations/chapter_085.html
1	mythos-canon	complete_presentations/chapter_084.html
1	mythos-canon	complete_presentations/chapter_083.html
1	mythos-canon	complete_presentations/chapter_082.html
1	mythos-canon	complete_presentations/chapter_081.html
1	mythos-canon	complete_presentations/chapter_080.html
1	mythos-canon	complete_presentations/chapter_079.html
1	mythos-canon	complete_presentations/chapter_078.html
1	mythos-canon	complete_presentations/chapter_077.html
1	mythos-canon	complete_presentations/chapter_076.html
1	mythos-canon	complete_presentations/chapter_075.html
1	mythos-canon	complete_presentations/chapter_074.html
1	mythos-canon	complete_presentations/chapter_073.html
1	mythos-canon	complete_presentations/chapter_072.html
1	mythos-canon	complete_presentations/chapter_071.html
1	mythos-canon	complete_presentations/chapter_070.html
1	mythos-canon	complete_presentations/chapter_069.html
1	mythos-canon	complete_presentations/chapter_068.html
1	mythos-canon	complete_presentations/chapter_067.html
1	mythos-canon	complete_presentations/chapter_066.html
1	mythos-canon	complete_presentations/chapter_065.html
1	mythos-canon	complete_presentations/chapter_064.html
1	mythos-canon	complete_presentations/chapter_063.html
1	mythos-canon	complete_presentations/chapter_062.html
1	mythos-canon	complete_presentations/chapter_061.html
1	mythos-canon	complete_presentations/chapter_060.html
1	mythos-canon	complete_presentations/chapter_059.html
1	mythos-canon	complete_presentations/chapter_058.html
1	mythos-canon	complete_presentations/chapter_057.html
1	mythos-canon	complete_presentations/chapter_056.html
1	mythos-canon	complete_presentations/chapter_055.html
1	mythos-canon	complete_presentations/chapter_054.html
1	mythos-canon	complete_presentations/chapter_053.html
1	mythos-canon	complete_presentations/chapter_052.html
1	mythos-canon	complete_presentations/chapter_051.html
1	mythos-canon	complete_presentations/chapter_050.html
1	mythos-canon	complete_presentations/chapter_049.html
1	mythos-canon	complete_presentations/chapter_048.html
1	mythos-canon	complete_presentations/chapter_047.html
1	mythos-canon	complete_presentations/chapter_046.html
1	mythos-canon	complete_presentations/chapter_045.html
1	mythos-canon	complete_presentations/chapter_044.html
1	mythos-canon	complete_presentations/chapter_043.html
1	mythos-canon	complete_presentations/chapter_042.html
1	mythos-canon	complete_presentations/chapter_041.html
1	mythos-canon	complete_presentations/chapter_040.html
1	mythos-canon	complete_presentations/chapter_039.html
1	mythos-canon	complete_presentations/chapter_038.html
1	mythos-canon	complete_presentations/chapter_037.html
1	mythos-canon	complete_presentations/chapter_036.html
1	mythos-canon	complete_presentations/chapter_035.html
1	mythos-canon	complete_presentations/chapter_034.html
1	mythos-canon	complete_presentations/chapter_033.html
1	mythos-canon	complete_presentations/chapter_032.html
1	mythos-canon	complete_presentations/chapter_031.html
1	mythos-canon	complete_presentations/chapter_030.html
1	mythos-canon	complete_presentations/chapter_029.html
1	mythos-canon	complete_presentations/chapter_028.html
1	mythos-canon	complete_presentations/chapter_027.html
1	mythos-canon	complete_presentations/chapter_026.html
1	mythos-canon	complete_presentations/chapter_025.html
1	mythos-canon	complete_presentations/chapter_024.html
1	mythos-canon	complete_presentations/chapter_023.html
1	mythos-canon	complete_presentations/chapter_022.html
1	mythos-canon	complete_presentations/chapter_021.html
1	mythos-canon	complete_presentations/chapter_020.html
1	mythos-canon	complete_presentations/chapter_019.html
1	mythos-canon	complete_presentations/chapter_018.html
1	mythos-canon	complete_presentations/chapter_017.html
1	mythos-canon	complete_presentations/chapter_016.html
1	mythos-canon	complete_presentations/chapter_015.html
1	mythos-canon	complete_presentations/chapter_014.html
1	mythos-canon	complete_presentations/chapter_013.html
1	mythos-canon	complete_presentations/chapter_012.html
1	mythos-canon	complete_presentations/chapter_011.html
1	mythos-canon	complete_presentations/chapter_010.html
1	mythos-canon	complete_presentations/chapter_009.html
1	mythos-canon	complete_presentations/chapter_008.html
1	mythos-canon	complete_presentations/chapter_007.html
1	mythos-canon	complete_presentations/chapter_006.html
1	mythos-canon	complete_presentations/chapter_005.html
1	mythos-canon	complete_presentations/chapter_004.html
1	mythos-canon	complete_presentations/chapter_003.html
1	mythos-canon	complete_presentations/chapter_002.html
1	mythos-canon	complete_presentations/chapter_001.html
1	mythos-canon	complete_presentations/chapter_000.html
1	mythos-canon	chart_script.py
1	mythos-canon	bespoke_pages/index.html
1	mythos-canon	bespoke_pages/chapter_118.html
1	mythos-canon	bespoke_pages/chapter_117.html
1	mythos-canon	bespoke_pages/chapter_116.html
1	mythos-canon	bespoke_pages/chapter_115.html
1	mythos-canon	bespoke_pages/chapter_114.html
1	mythos-canon	bespoke_pages/chapter_113.html
1	mythos-canon	bespoke_pages/chapter_112.html
1	mythos-canon	bespoke_pages/chapter_111.html
1	mythos-canon	bespoke_pages/chapter_110.html
1	mythos-canon	bespoke_pages/chapter_109.html
1	mythos-canon	bespoke_pages/chapter_108.html
1	mythos-canon	bespoke_pages/chapter_107.html
1	mythos-canon	bespoke_pages/chapter_106.html
1	mythos-canon	bespoke_pages/chapter_105.html
1	mythos-canon	bespoke_pages/chapter_104.html
1	mythos-canon	bespoke_pages/chapter_103.html
1	mythos-canon	bespoke_pages/chapter_102.html
1	mythos-canon	bespoke_pages/chapter_101.html
1	mythos-canon	bespoke_pages/chapter_100.html
1	mythos-canon	bespoke_pages/chapter_099.html
1	mythos-canon	bespoke_pages/chapter_098.html
1	mythos-canon	bespoke_pages/chapter_097.html
1	mythos-canon	bespoke_pages/chapter_096.html
1	mythos-canon	bespoke_pages/chapter_095.html
1	mythos-canon	bespoke_pages/chapter_094.html
1	mythos-canon	bespoke_pages/chapter_093.html
1	mythos-canon	bespoke_pages/chapter_092.html
1	mythos-canon	bespoke_pages/chapter_091.html
1	mythos-canon	bespoke_pages/chapter_090.html
1	mythos-canon	bespoke_pages/chapter_089.html
1	mythos-canon	bespoke_pages/chapter_088.html
1	mythos-canon	bespoke_pages/chapter_087.html
1	mythos-canon	bespoke_pages/chapter_086.html
1	mythos-canon	bespoke_pages/chapter_085.html
1	mythos-canon	bespoke_pages/chapter_084.html
1	mythos-canon	bespoke_pages/chapter_083.html
1	mythos-canon	bespoke_pages/chapter_082.html
1	mythos-canon	bespoke_pages/chapter_081.html
1	mythos-canon	bespoke_pages/chapter_080.html
1	mythos-canon	bespoke_pages/chapter_079.html
1	mythos-canon	bespoke_pages/chapter_078.html
1	mythos-canon	bespoke_pages/chapter_077.html
1	mythos-canon	bespoke_pages/chapter_076.html
1	mythos-canon	bespoke_pages/chapter_075.html
1	mythos-canon	bespoke_pages/chapter_074.html
1	mythos-canon	bespoke_pages/chapter_073.html
1	mythos-canon	bespoke_pages/chapter_072.html
1	mythos-canon	bespoke_pages/chapter_071.html
1	mythos-canon	bespoke_pages/chapter_070.html
1	mythos-canon	bespoke_pages/chapter_069.html
1	mythos-canon	bespoke_pages/chapter_068.html
1	mythos-canon	bespoke_pages/chapter_067.html
1	mythos-canon	bespoke_pages/chapter_066.html
1	mythos-canon	bespoke_pages/chapter_065.html
1	mythos-canon	bespoke_pages/chapter_064.html
1	mythos-canon	bespoke_pages/chapter_063.html
1	mythos-canon	bespoke_pages/chapter_062.html
1	mythos-canon	bespoke_pages/chapter_061.html
1	mythos-canon	bespoke_pages/chapter_060.html
1	mythos-canon	bespoke_pages/chapter_059.html
1	mythos-canon	bespoke_pages/chapter_058.html
1	mythos-canon	bespoke_pages/chapter_057.html
1	mythos-canon	bespoke_pages/chapter_056.html
1	mythos-canon	bespoke_pages/chapter_055.html
1	mythos-canon	bespoke_pages/chapter_054.html
1	mythos-canon	bespoke_pages/chapter_053.html
1	mythos-canon	bespoke_pages/chapter_052.html
1	mythos-canon	bespoke_pages/chapter_051.html
1	mythos-canon	bespoke_pages/chapter_050.html
1	mythos-canon	bespoke_pages/chapter_049.html
1	mythos-canon	bespoke_pages/chapter_048.html
1	mythos-canon	bespoke_pages/chapter_047.html
1	mythos-canon	bespoke_pages/chapter_046.html
1	mythos-canon	bespoke_pages/chapter_045.html
1	mythos-canon	bespoke_pages/chapter_044.html
1	mythos-canon	bespoke_pages/chapter_043.html
1	mythos-canon	bespoke_pages/chapter_042.html
1	mythos-canon	bespoke_pages/chapter_041.html
1	mythos-canon	bespoke_pages/chapter_040.html
1	mythos-canon	bespoke_pages/chapter_039.html
1	mythos-canon	bespoke_pages/chapter_038.html
1	mythos-canon	bespoke_pages/chapter_037.html
1	mythos-canon	bespoke_pages/chapter_036.html
1	mythos-canon	bespoke_pages/chapter_035.html
1	mythos-canon	bespoke_pages/chapter_034.html
1	mythos-canon	bespoke_pages/chapter_033.html
1	mythos-canon	bespoke_pages/chapter_032.html
1	mythos-canon	bespoke_pages/chapter_031.html
1	mythos-canon	bespoke_pages/chapter_030.html
1	mythos-canon	bespoke_pages/chapter_029.html
1	mythos-canon	bespoke_pages/chapter_028.html
1	mythos-canon	bespoke_pages/chapter_027.html
1	mythos-canon	bespoke_pages/chapter_026.html
1	mythos-canon	bespoke_pages/chapter_025.html
1	mythos-canon	bespoke_pages/chapter_024.html
1	mythos-canon	bespoke_pages/chapter_023.html
1	mythos-canon	bespoke_pages/chapter_022.html
1	mythos-canon	bespoke_pages/chapter_021.html
1	mythos-canon	bespoke_pages/chapter_020.html
1	mythos-canon	bespoke_pages/chapter_019.html
1	mythos-canon	bespoke_pages/chapter_018.html
1	mythos-canon	bespoke_pages/chapter_017.html
1	mythos-canon	bespoke_pages/chapter_016.html
1	mythos-canon	bespoke_pages/chapter_015.html
1	mythos-canon	bespoke_pages/chapter_014.html
1	mythos-canon	bespoke_pages/chapter_013.html
1	mythos-canon	bespoke_pages/chapter_012.html
1	mythos-canon	bespoke_pages/chapter_011.html
1	mythos-canon	bespoke_pages/chapter_010.html
1	mythos-canon	bespoke_pages/chapter_009.html
1	mythos-canon	bespoke_pages/chapter_008.html
1	mythos-canon	bespoke_pages/chapter_007.html
1	mythos-canon	bespoke_pages/chapter_006.html
1	mythos-canon	bespoke_pages/chapter_005.html
1	mythos-canon	bespoke_pages/chapter_004.html
1	mythos-canon	bespoke_pages/chapter_003.html
1	mythos-canon	bespoke_pages/chapter_002.html
1	mythos-canon	bespoke_pages/chapter_001.html
1	mythos-canon	bespoke_pages/chapter_000.html
1	mythos-canon	VAC/vac_world_website_single_file.html
1	mythos-canon	MYTHOS-ARCHIVE/research_composer.html
1	mythos-canon	MYTHOS-ARCHIVE/presentation-04-ethics-framework.html
1	mythos-canon	MYTHOS-ARCHIVE/presentation-03-methods-timeline.html
1	mythos-canon	MYTHOS-ARCHIVE/presentation-02-technical-specs.html
1	mythos-canon	MYTHOS-ARCHIVE/presentation-01-sts-theory.html
1	mythos-canon	MYTHOS-ARCHIVE/ontology_viewer.html
1	mythos-canon	MYTHOS-ARCHIVE/node_explorer.html
1	mythos-canon	MYTHOS-ARCHIVE/network-graph.js
1	mythos-canon	MYTHOS-ARCHIVE/mythos-viewer/style.css
1	mythos-canon	MYTHOS-ARCHIVE/mythos-viewer/index.html
1	mythos-canon	MYTHOS-ARCHIVE/mythos-viewer/app.js
1	mythos-canon	MYTHOS-ARCHIVE/mythos-defense-presentation.html
1	mythos-canon	MYTHOS-ARCHIVE/multi_view.html
1	mythos-canon	MYTHOS-ARCHIVE/landscape_viewer.html
1	mythos-canon	MYTHOS-ARCHIVE/graph_viewer.html
1	mythos-canon	MYTHOS-ARCHIVE/essay_synthesis.html
1	mythos-canon	MYTHOS-ARCHIVE/critical-essays-viewer.html
1	mythos-canon	MYTHOS-ARCHIVE/consolidate_ndjson.py
1	mythos-canon	MYTHOS-ARCHIVE/VAC-WORLD-MASTER.html
1	mythos-canon	MYTHOS-ARCHIVE/VAC-WORLD-COMPLETE.html
1	mythos-canon	MYTHOS-ARCHIVE/SAILS/script_2.py
1	mythos-canon	MYTHOS-ARCHIVE/SAILS/script_1.py
1	mythos-canon	MYTHOS-ARCHIVE/SAILS/script.py
1	mythos-canon	MYTHOS-ARCHIVE/SAILS/chart_script.py
1	mythos-canon	MYTHOS-ARCHIVE/MYTHOS-MASTER-DEFENSE-VAC-INTEGRATED.html
1	mythos-canon	MYTHOS-ARCHIVE/LIBERATION-PLAYGROUND.html
1	mythos-canon	MYTHOS-ARCHIVE/KITES/style.css
1	mythos-canon	MYTHOS-ARCHIVE/KITES/index.html
1	mythos-canon	MYTHOS-ARCHIVE/KITES/family-of-one/style.css
1	mythos-canon	MYTHOS-ARCHIVE/KITES/family-of-one/index.html
1	mythos-canon	MYTHOS-ARCHIVE/KITES/family-of-one/app.js
1	mythos-canon	MYTHOS-ARCHIVE/KITES/app_1.js
1	mythos-canon	MYTHOS-ARCHIVE/KITES/app.js
1	mythos-canon	MYTHOS-ARCHIVE/GIVE-ESSAY-LIBERATION.html
1	mythos-canon	MYTHOS-ARCHIVE/FILM/scaling_vertical_ambition.html
1	mythos-canon	MYTHOS-ARCHIVE/FILM/ritual.html
1	mythos-canon	MYTHOS-ARCHIVE/FILM/open_integration_cinematic_intro_single_file (1).html
1	mythos-canon	MYTHOS-ARCHIVE/FILM/infinite.html
1	mythos-canon	MYTHOS-ARCHIVE/FILM/index.html
1	mythos-canon	MYTHOS-ARCHIVE/FILM/hybrid_convergence_experimental_media_film_single_file (6) (1).html
1	mythos-canon	MYTHOS-ARCHIVE/FILM/hybrid_convergence_experimental_media_film_single_file (5) (1).html
1	mythos-canon	MYTHOS-ARCHIVE/FILM/film-player.html
1	mythos-canon	MYTHOS-ARCHIVE/FILM/attention_vibe_field_total_interconnection_single_file_film (2) (1).html
1	mythos-canon	MYTHOS-ARCHIVE/FILM/alignment_culture_mythos_rituals.html
1	myth-engine	tow/rtow-01.html
1	myth-engine	tow/rtow-00.html
1	myth-engine	tow/ptu-01.html
1	myth-engine	tow/ptu-00.html
1	myth-engine	tow/lpw-00.html
1	myth-engine	tow/kw43.html
1	myth-engine	tow/fs40.html
1	myth-engine	tow/fs39.html
1	myth-engine	tow/fs38.html
1	myth-engine	tow/Kimi_Agent_Five Hub Tug-of-War Headlines/myth-engine/index.html
1	myth-engine	tow/Kimi_Agent_Five Hub Tug-of-War Headlines/myth-engine-v4/index.html
1	myth-engine	tow/Kimi_Agent_Five Hub Tug-of-War Headlines/myth-engine-v4.html
1	myth-engine	tow/Kimi_Agent_Five Hub Tug-of-War Headlines/myth-engine-v3/index.html
1	myth-engine	tow/Kimi_Agent_Five Hub Tug-of-War Headlines/myth-engine-v3.html
1	myth-engine	tow/Kimi_Agent_Five Hub Tug-of-War Headlines/myth-engine-v2/index.html
1	myth-engine	tow/Kimi_Agent_Five Hub Tug-of-War Headlines/myth-engine-v2.html
1	myth-engine	tow/Kimi_Agent_Five Hub Tug-of-War Headlines/myth-engine-ultimate/index.html
1	myth-engine	tow/Kimi_Agent_Five Hub Tug-of-War Headlines/myth-engine-ultimate.html
1	myth-engine	tow/Kimi_Agent_Five Hub Tug-of-War Headlines/myth-engine-ultimate-v2/index.html
1	myth-engine	tow/Kimi_Agent_Five Hub Tug-of-War Headlines/myth-engine-ultimate-v2.html
1	myth-engine	tow/Kimi_Agent_Five Hub Tug-of-War Headlines/myth-engine-final/index.html
1	myth-engine	tow/Kimi_Agent_Five Hub Tug-of-War Headlines/myth-engine-final.html
1	myth-engine	tow/Kimi_Agent_Five Hub Tug-of-War Headlines/myth-engine-dino/index.html
1	myth-engine	tow/Kimi_Agent_Five Hub Tug-of-War Headlines/myth-engine-dino.html
1	myth-engine	tow/Kimi_Agent_Five Hub Tug-of-War Headlines/myth-engine-arcade.html
1	myth-engine	tow/Kimi_Agent_Five Hub Tug-of-War Headlines/lucha-plot-wars/index.html
1	myth-engine	myth-engine (1).html
1	myth-engine	MYTH-ENGINE-OS.html
1	myth-as-os	world_of_wrestling_deck_v_2_single_file (1).html
1	myth-as-os	virilio_circulation_logistics_mobile_abm_artifact (3).html
1	myth-as-os	shabakh-pres.html
1	myth-as-os	serres_territorial_possession_simulator_mobile_single_file (4).html
1	myth-as-os	saul_bass_visual_poetry_engine_egypt_edition_single_file.html
1	myth-as-os	roland-barthes-00.html
1	myth-as-os	prop-00.html
1	myth-as-os	plo_t_tug_of_war_deck_live.html
1	myth-as-os	nomad_vs_state_smooth_striated_grid_abm_mobile_single_file (2).html
1	myth-as-os	myth_engines_saul_bass_whitney_deck_single_file.html
1	myth-as-os	kayfabe_presentation.html
1	myth-as-os	index02.html
1	myth-as-os	index00.html
1	myth-as-os	death-of-author.html
1	myth-as-os	bundle_program.py
1	myth-as-os	barthes_world_of_wrestling_saul_bass_concrete_poetry_deck.html
1	myth-as-os	barthes_world_of_wrestling_saul_bass_concrete_poetry_deck (1).html
1	mp	prime.html
1	mp	index.html
1	mp	d.html
1	mp	c.html
1	mp	b.html
1	mp	a.html
1	mp	03.html
1	mp	02.html
1	mp	01.html
1	mp	00.html
1	moto	smith-deck-min-alt.html
1	moto	s02.html
1	moto	s01.html
1	moto	koto.html
1	moto	any-time.html
1	moto	all_time_bound_v4.html
1	moto	VOLHOLLA/usb-legacy.html
1	moto	VOLHOLLA/throne-of-ash.html
1	moto	VOLHOLLA/song.html
1	moto	VOLHOLLA/song-usblegacy-23.html
1	moto	VOLHOLLA/song-usblegacy-22.html
1	moto	VOLHOLLA/song-usblegacy-21.html
1	moto	VOLHOLLA/song-usblegacy-20.html
1	moto	VOLHOLLA/song-usblegacy-19.html
1	moto	VOLHOLLA/song-usblegacy-18.html
1	moto	VOLHOLLA/song-usblegacy-17.html
1	moto	VOLHOLLA/song-usblegacy-16.html
1	moto	VOLHOLLA/song-usblegacy-15.html
1	moto	VOLHOLLA/song-usblegacy-14.html
1	moto	VOLHOLLA/song-usblegacy-13.html
1	moto	VOLHOLLA/song-usblegacy-12.html
1	moto	VOLHOLLA/song-usblegacy-11.html
1	moto	VOLHOLLA/song-usblegacy-10.html
1	moto	VOLHOLLA/song-throne-17.html
1	moto	VOLHOLLA/song-throne-16.html
1	moto	VOLHOLLA/song-throne-15.html
1	moto	VOLHOLLA/song-throne-14.html
1	moto	VOLHOLLA/song-throne-13.html
1	moto	VOLHOLLA/song-throne-12.html
1	moto	VOLHOLLA/song-throne-11.html
1	moto	VOLHOLLA/song-throne-10.html
1	moto	VOLHOLLA/song-throne-09.html
1	moto	VOLHOLLA/song-throne-08.html
1	moto	VOLHOLLA/song-throne-07.html
1	moto	VOLHOLLA/song-throne-06.html
1	moto	VOLHOLLA/song-throne-05.html
1	moto	VOLHOLLA/song-throne-04.html
1	moto	VOLHOLLA/song-throne-03.html
1	moto	VOLHOLLA/song-throne-02.html
1	moto	VOLHOLLA/song-throne-01.html
1	moto	VOLHOLLA/song-nightbus-17.html
1	moto	VOLHOLLA/song-nightbus-16.html
1	moto	VOLHOLLA/song-nightbus-15.html
1	moto	VOLHOLLA/song-nightbus-14.html
1	moto	VOLHOLLA/song-nightbus-13.html
1	moto	VOLHOLLA/song-nightbus-12.html
1	moto	VOLHOLLA/song-nightbus-11.html
1	moto	VOLHOLLA/song-nightbus-10.html
1	moto	VOLHOLLA/song-nightbus-09.html
1	moto	VOLHOLLA/song-nightbus-08.html
1	moto	VOLHOLLA/song-nightbus-07.html
1	moto	VOLHOLLA/song-nightbus-06.html
1	moto	VOLHOLLA/song-nightbus-05.html
1	moto	VOLHOLLA/song-nightbus-04.html
1	moto	VOLHOLLA/song-nightbus-03.html
1	moto	VOLHOLLA/song-nightbus-02.html
1	moto	VOLHOLLA/song-nightbus-01.html
1	moto	VOLHOLLA/song-neon-18.html
1	moto	VOLHOLLA/song-neon-17.html
1	moto	VOLHOLLA/song-neon-16.html
1	moto	VOLHOLLA/song-neon-15.html
1	moto	VOLHOLLA/song-neon-14.html
1	moto	VOLHOLLA/song-neon-13.html
1	moto	VOLHOLLA/song-neon-12.html
1	moto	VOLHOLLA/song-neon-11.html
1	moto	VOLHOLLA/song-neon-10.html
1	moto	VOLHOLLA/song-neon-09.html
1	moto	VOLHOLLA/song-neon-08.html
1	moto	VOLHOLLA/song-neon-07.html
1	moto	VOLHOLLA/song-neon-06.html
1	moto	VOLHOLLA/song-neon-05.html
1	moto	VOLHOLLA/song-neon-04.html
1	moto	VOLHOLLA/song-neon-03.html
1	moto	VOLHOLLA/song-neon-02.html
1	moto	VOLHOLLA/song-neon-01.html
1	moto	VOLHOLLA/song-mallmezzanine-27.html
1	moto	VOLHOLLA/song-mallmezzanine-26.html
1	moto	VOLHOLLA/song-mallmezzanine-25.html
1	moto	VOLHOLLA/song-mallmezzanine-24.html
1	moto	VOLHOLLA/song-mallmezzanine-23.html
1	moto	VOLHOLLA/song-mallmezzanine-22.html
1	moto	VOLHOLLA/song-mallmezzanine-21.html
1	moto	VOLHOLLA/song-mallmezzanine-20.html
1	moto	VOLHOLLA/song-mallmezzanine-19.html
1	moto	VOLHOLLA/song-mallmezzanine-18.html
1	moto	VOLHOLLA/song-mallmezzanine-17.html
1	moto	VOLHOLLA/song-mallmezzanine-16.html
1	moto	VOLHOLLA/song-mallmezzanine-15.html
1	moto	VOLHOLLA/song-mallmezzanine-14.html
1	moto	VOLHOLLA/song-mallmezzanine-13.html
1	moto	VOLHOLLA/song-mallmezzanine-12.html
1	moto	VOLHOLLA/song-mallmezzanine-11.html
1	moto	VOLHOLLA/song-mallmezzanine-10.html
1	moto	VOLHOLLA/song-mallmezzanine-09.html
1	moto	VOLHOLLA/song-mallmezzanine-08.html
1	moto	VOLHOLLA/song-mallmezzanine-07.html
1	moto	VOLHOLLA/song-mallmezzanine-06.html
1	moto	VOLHOLLA/song-mallmezzanine-05.html
1	moto	VOLHOLLA/song-mallmezzanine-04.html
1	moto	VOLHOLLA/song-mallmezzanine-03.html
1	moto	VOLHOLLA/song-mallmezzanine-02.html
1	moto	VOLHOLLA/song-mallmezzanine-01.html
1	moto	VOLHOLLA/song-mallground-27.html
1	moto	VOLHOLLA/song-mallground-26.html
1	moto	VOLHOLLA/song-mallground-25.html
1	moto	VOLHOLLA/song-mallground-24.html
1	moto	VOLHOLLA/song-mallground-23.html
1	moto	VOLHOLLA/song-mallground-22.html
1	moto	VOLHOLLA/song-mallground-21.html
1	moto	VOLHOLLA/song-mallground-20.html
1	moto	VOLHOLLA/song-mallground-19.html
1	moto	VOLHOLLA/song-mallground-18.html
1	moto	VOLHOLLA/song-mallground-17.html
1	moto	VOLHOLLA/song-mallground-16.html
1	moto	VOLHOLLA/song-mallground-15.html
1	moto	VOLHOLLA/song-mallground-14.html
1	moto	VOLHOLLA/song-mallground-13.html
1	moto	VOLHOLLA/song-mallground-12.html
1	moto	VOLHOLLA/song-mallground-11.html
1	moto	VOLHOLLA/song-mallground-10.html
1	moto	VOLHOLLA/song-mallground-09.html
1	moto	VOLHOLLA/song-mallground-08.html
1	moto	VOLHOLLA/song-mallground-07.html
1	moto	VOLHOLLA/song-mallground-06.html
1	moto	VOLHOLLA/song-mallground-05.html
1	moto	VOLHOLLA/song-mallground-04.html
1	moto	VOLHOLLA/song-mallground-03.html
1	moto	VOLHOLLA/song-mallground-02.html
1	moto	VOLHOLLA/song-mallground-01.html
1	moto	VOLHOLLA/song-heishui-10.html
1	moto	VOLHOLLA/song-heishui-09.html
1	moto	VOLHOLLA/song-heishui-08.html
1	moto	VOLHOLLA/song-heishui-07.html
1	moto	VOLHOLLA/song-heishui-06.html
1	moto	VOLHOLLA/song-heishui-05.html
1	moto	VOLHOLLA/song-heishui-04.html
1	moto	VOLHOLLA/song-heishui-03.html
1	moto	VOLHOLLA/song-heishui-02.html
1	moto	VOLHOLLA/song-heishui-01.html
1	moto	VOLHOLLA/song-goleyakh-44.html
1	moto	VOLHOLLA/song-goleyakh-43.html
1	moto	VOLHOLLA/song-goleyakh-42.html
1	moto	VOLHOLLA/song-goleyakh-41.html
1	moto	VOLHOLLA/song-goleyakh-40.html
1	moto	VOLHOLLA/song-goleyakh-39.html
1	moto	VOLHOLLA/song-goleyakh-38.html
1	moto	VOLHOLLA/song-goleyakh-37.html
1	moto	VOLHOLLA/song-goleyakh-36.html
1	moto	VOLHOLLA/song-goleyakh-35.html
1	moto	VOLHOLLA/song-goleyakh-34.html
1	moto	VOLHOLLA/song-goleyakh-33.html
1	moto	VOLHOLLA/song-goleyakh-32.html
1	moto	VOLHOLLA/song-goleyakh-31.html
1	moto	VOLHOLLA/song-goleyakh-30.html
1	moto	VOLHOLLA/song-goleyakh-29.html
1	moto	VOLHOLLA/song-goleyakh-28.html
1	moto	VOLHOLLA/song-goleyakh-27.html
1	moto	VOLHOLLA/song-goleyakh-26.html
1	moto	VOLHOLLA/song-goleyakh-25.html
1	moto	VOLHOLLA/song-goleyakh-24.html
1	moto	VOLHOLLA/song-goleyakh-23.html
1	moto	VOLHOLLA/song-goleyakh-22.html
1	moto	VOLHOLLA/song-goleyakh-21.html
1	moto	VOLHOLLA/song-goleyakh-20.html
1	moto	VOLHOLLA/song-goleyakh-19.html
1	moto	VOLHOLLA/song-goleyakh-18.html
1	moto	VOLHOLLA/song-goleyakh-17.html
1	moto	VOLHOLLA/song-goleyakh-16.html
1	moto	VOLHOLLA/song-goleyakh-15.html
1	moto	VOLHOLLA/song-goleyakh-14.html
1	moto	VOLHOLLA/song-goleyakh-13.html
1	moto	VOLHOLLA/song-goleyakh-12.html
1	moto	VOLHOLLA/song-goleyakh-11.html
1	moto	VOLHOLLA/song-goleyakh-10.html
1	moto	VOLHOLLA/song-goleyakh-09.html
1	moto	VOLHOLLA/song-goleyakh-08.html
1	moto	VOLHOLLA/song-goleyakh-07.html
1	moto	VOLHOLLA/song-goleyakh-06.html
1	moto	VOLHOLLA/song-goleyakh-05.html
1	moto	VOLHOLLA/song-goleyakh-04.html
1	moto	VOLHOLLA/song-goleyakh-03.html
1	moto	VOLHOLLA/song-goleyakh-02.html
1	moto	VOLHOLLA/song-goleyakh-01.html
1	moto	VOLHOLLA/song-glass-15.html
1	moto	VOLHOLLA/song-glass-14.html
1	moto	VOLHOLLA/song-glass-13.html
1	moto	VOLHOLLA/song-glass-12.html
1	moto	VOLHOLLA/song-glass-11.html
1	moto	VOLHOLLA/song-glass-10.html
1	moto	VOLHOLLA/song-glass-09.html
1	moto	VOLHOLLA/song-glass-08.html
1	moto	VOLHOLLA/song-glass-07.html
1	moto	VOLHOLLA/song-glass-06.html
1	moto	VOLHOLLA/song-glass-05.html
1	moto	VOLHOLLA/song-glass-04.html
1	moto	VOLHOLLA/song-glass-03.html
1	moto	VOLHOLLA/song-glass-02.html
1	moto	VOLHOLLA/song-glass-01.html
1	moto	VOLHOLLA/song-ferrous-05.html
1	moto	VOLHOLLA/song-ferrous-04.html
1	moto	VOLHOLLA/song-ferrous-03.html
1	moto	VOLHOLLA/song-ferrous-02.html
1	moto	VOLHOLLA/song-ferrous-01.html
1	moto	VOLHOLLA/song-event-06.html
1	moto	VOLHOLLA/song-event-05.html
1	moto	VOLHOLLA/song-event-04.html
1	moto	VOLHOLLA/song-event-03.html
1	moto	VOLHOLLA/song-event-02.html
1	moto	VOLHOLLA/song-event-01.html
1	moto	VOLHOLLA/song-congregation-13.html
1	moto	VOLHOLLA/song-congregation-12.html
1	moto	VOLHOLLA/song-congregation-11.html
1	moto	VOLHOLLA/song-congregation-10.html
1	moto	VOLHOLLA/song-congregation-09.html
1	moto	VOLHOLLA/song-congregation-08.html
1	moto	VOLHOLLA/song-congregation-07.html
1	moto	VOLHOLLA/song-congregation-06.html
1	moto	VOLHOLLA/song-congregation-05.html
1	moto	VOLHOLLA/song-congregation-04.html
1	moto	VOLHOLLA/song-congregation-03.html
1	moto	VOLHOLLA/song-congregation-02.html
1	moto	VOLHOLLA/song-congregation-01.html
1	moto	VOLHOLLA/song-blackwater-22.html
1	moto	VOLHOLLA/song-blackwater-21.html
1	moto	VOLHOLLA/song-blackwater-20.html
1	moto	VOLHOLLA/song-blackwater-19.html
1	moto	VOLHOLLA/song-blackwater-18.html
1	moto	VOLHOLLA/song-blackwater-17.html
1	moto	VOLHOLLA/song-blackwater-16.html
1	moto	VOLHOLLA/song-blackwater-15.html
1	moto	VOLHOLLA/song-blackwater-14.html
1	moto	VOLHOLLA/song-blackwater-13.html
1	moto	VOLHOLLA/song-blackwater-12.html
1	moto	VOLHOLLA/song-blackwater-11.html
1	moto	VOLHOLLA/song-blackwater-10.html
1	moto	VOLHOLLA/song-blackwater-09.html
1	moto	VOLHOLLA/song-blackwater-08.html
1	moto	VOLHOLLA/song-blackwater-07.html
1	moto	VOLHOLLA/song-blackwater-06.html
1	moto	VOLHOLLA/song-blackwater-05.html
1	moto	VOLHOLLA/song-blackwater-04.html
1	moto	VOLHOLLA/song-blackwater-03.html
1	moto	VOLHOLLA/song-blackwater-02.html
1	moto	VOLHOLLA/song-blackwater-01.html
1	moto	VOLHOLLA/solar-reveries.html
1	moto	VOLHOLLA/silence-in-the-757.html
1	moto	VOLHOLLA/river-bank-waiting.html
1	moto	VOLHOLLA/radio.js
1	moto	VOLHOLLA/radio.html
1	moto	VOLHOLLA/radio.css
1	moto	VOLHOLLA/no-service.html
1	moto	VOLHOLLA/night-bus.html
1	moto	VOLHOLLA/neon-puddles.html
1	moto	VOLHOLLA/maquina-de-guerra.html
1	moto	VOLHOLLA/mall-patchworld-ingest-mezzanine.html
1	moto	VOLHOLLA/mall-patchworld-ingest-ground.html
1	moto	VOLHOLLA/jukebox-time-collapse.html
1	moto	VOLHOLLA/hei-shui-ben-liu.html
1	moto	VOLHOLLA/great-congregation.html
1	moto	VOLHOLLA/gole-yakh-memory.html
1	moto	VOLHOLLA/ghost-in-the-wires.html
1	moto	VOLHOLLA/ferrous-lament.html
1	moto	VOLHOLLA/event-horizon-discovery.html
1	moto	VOLHOLLA/cypher-mixtape.html
1	moto	VOLHOLLA/cybernetic-winter.html
1	moto	VOLHOLLA/crossroads-and-crown.html
1	moto	VOLHOLLA/concreto.html
1	moto	VOLHOLLA/cathedral-of-iv-drips.html
1	moto	VOLHOLLA/cathedral-of-glass.html
1	moto	VOLHOLLA/black-water-run.html
1	mother-of-invention	uncanny.html
1	mother-of-invention	metaphysics-of-crackle.html
1	mother-of-invention	index.html
1	mother-of-invention	ccru.html
1	mother-of-invention	backup.html
1	momsaic	ww.html
1	momsaic	tres-hermanos.html
1	momsaic	tope.html
1	momsaic	sdj-op.html
1	momsaic	sankofa-index.html
1	momsaic	sanko-plus.html
1	momsaic	sanko-core.html
1	momsaic	sanko-04.html
1	momsaic	sanko-03.html
1	momsaic	sanko-02.html
1	momsaic	sanko-01.html
1	momsaic	rope.html
1	momsaic	river.html
1	momsaic	riri.html
1	momsaic	ripple.html
1	momsaic	putt-up.html
1	momsaic	putt-op-off.html
1	momsaic	pp.html
1	momsaic	piedra.html
1	momsaic	per.html
1	momsaic	op10.html
1	momsaic	op.html
1	momsaic	omni.html
1	momsaic	nomz.html
1	momsaic	nomx.html
1	momsaic	namz.html
1	momsaic	namx.html
1	momsaic	namv.html
1	momsaic	namq.html
1	momsaic	naml.html
1	momsaic	namk.html
1	momsaic	namh.html
1	momsaic	namg.html
1	momsaic	nam.html
1	momsaic	mirage.html
1	momsaic	mandala.html
1	momsaic	manda.html
1	momsaic	lidar-flux.html
1	momsaic	kope.html
1	momsaic	kope-04.html
1	momsaic	jope.html
1	momsaic	index.html
1	momsaic	icaro-port.html
1	momsaic	heli.html
1	momsaic	gal.html
1	momsaic	f.html
1	momsaic	crush.html
1	momsaic	cope.html
1	momsaic	congaree.html
1	momsaic	chopper.html
1	momsaic	bflix-robo.html
1	momsaic	bflix-pro.html
1	momsaic	bflix-plus.html
1	momsaic	bflix-marker.html
1	momsaic	bflix-comp.html
1	momsaic	bflix-co.html
1	momsaic	bflix-cam.html
1	momsaic	beflix.html
1	million	02.html
1	million	01.html
1	million	00.html
1	mfss	insta.html
1	metisim	syngen-02.html
1	metisim	paper-draft-v01.html
1	metisim	index.html
1	metisim	index-parched.html
1	metisim	index-old.html
1	metisim	index-ochre.html
1	metisim	index-launcher.html
1	metisim	index-launcher-v5.html
1	metisim	index-launcher-v4.html
1	metisim	index-launcher-v3.html
1	metisim	index-launcher-v2.html
1	metisim	index-invasion.html
1	metisim	index-fused.html
1	metisim	index-deprecated.html
1	metisim	index-custom.html
1	metisim	index-bone.html
1	metisim	freud-07.html
1	metisim	create_season2_html.py
1	metisim	create_invasion_html.py
1	metisim	cluster-metis.html
1	metisim	LIB/sim-harness.html
1	metisim	LIB/myth-os-freud-05.html
1	metisim	LIB/myth-os-freud-04.html
1	metisim	LIB/freud.html
1	metisim	LIB/freud-tv.html
1	metisim	LIB/freud-06.html
1	metisim	LIB/freud-03.html
1	metisim	LIB/freud-02.html
1	metisim	LIB/freud-01.html
1	metisim	LIB/freud-000.html
1	metisim	LIB/freud-00.html
1	metisim	LIB/dx-02.html
1	metisim	LIB/dx-01.html
1	metisim	LIB/dx-00.html
1	metisim	LIB/duviii-43b.html
1	metisim	LIB/duviii-43.html
1	metisim	LIB/duvii-44.html
1	metisim	LIB/duvii-43.html
1	metisim	LIB/duvii-42.html
1	metisim	LIB/duvii-41.html
1	metisim	LIB/duvii-40.html
1	metisim	LIB/duvii-39.html
1	metisim	LIB/duvii-38.html
1	metisim	LIB/duvii-37.html
1	metisim	LIB/duvii-36.html
1	metisim	LIB/duvii-35.html
1	metisim	LIB/duvii-34.html
1	metisim	LIB/duvii-33.html
1	metisim	LIB/duvii-32.html
1	metisim	LIB/duvii-31.html
1	metisim	LIB/duuuuuu-35.html
1	metisim	LIB/duuuuuu-34.html
1	metisim	LIB/duuuuuu-33.html
1	metisim	LIB/duuuuuu-32.html
1	metisim	LIB/duuuuuu-31.html
1	metisim	LIB/duuuuuu-30.html
1	metisim	LIB/duuuuuu-29.html
1	metisim	LIB/duuuuu-28.html
1	metisim	LIB/duuuuu-27.html
1	metisim	LIB/duuuu-26.html
1	metisim	LIB/duuuu-25.html
1	metisim	LIB/duuuu-24.html
1	metisim	LIB/duuuu-23.html
1	metisim	LIB/duuuu-22.html
1	metisim	LIB/duuuu-21.html
1	metisim	LIB/duuuu-20.html
1	metisim	LIB/duuuu-19.html
1	metisim	LIB/duuuu-18.html
1	metisim	LIB/duuu-17.html
1	metisim	LIB/duuu-16.html
1	metisim	LIB/duuu-15.html
1	metisim	LIB/duu-14.html
1	metisim	LIB/duu-13.html
1	metisim	LIB/duu-12.html
1	metisim	LIB/duu-11.html
1	metisim	LIB/duu-10.html
1	metisim	LIB/duu-09.html
1	metisim	LIB/du-11.html
1	metisim	LIB/du-10.html
1	metisim	LIB/du-08.html
1	metisim	LIB/du-07.html
1	metisim	LIB/du-06.html
1	metisim	LIB/du-05.html
1	metisim	LIB/du-04.html
1	metisim	LIB/du-03.html
1	metisim	LIB/du-02.html
1	metisim	LIB/du-01.html
1	metisim	LIB/du-00.html
1	metisim	LIB/dream-tv.html
1	metisim	LIB/dream-engine-04.html
1	metisim	LIB/desire-engine-01.html
1	metisim	LIB/desire-engine-00.html
1	metisim	LIB/deee-06.html
1	metisim	LIB/deee-05.html
1	metisim	LIB/dee-04.html
1	metisim	LIB/dee-03.html
1	metisim	LIB/de-02.html
1	metisim	LIB/de-01.html
1	metisim	LIB/de-00.html
1	metisim	INVASION/zylos-invasion.html
1	metisim	INVASION/zylos-invasion-04d.html
1	metisim	INVASION/zylos-invasion-02.html
1	metisim	INVASION/zylos-05.html
1	metisim	INVASION/zylos-04d.html
1	metisim	INVASION/zylos-04c.html
1	metisim	INVASION/zylos-04b.html
1	metisim	INVASION/zylos-04.html
1	metisim	INVASION/zylos-03.html
1	metisim	INVASION/zylos-02.html
1	metisim	INVASION/zylos-01.html
1	metisim	INVASION/zylos-00.html
1	metisim	INVASION/zenithos.html
1	metisim	INVASION/verex.html
1	metisim	INVASION/verex-00.html
1	metisim	INVASION/vectra.html
1	metisim	INVASION/syngen.html
1	metisim	INVASION/pharos.html
1	metisim	INVASION/omnia.html
1	metisim	INVASION/novaplex.html
1	metisim	INVASION/lyrael.html
1	metisim	INVASION/lyrael-04.html
1	metisim	INVASION/lyrael-03.html
1	metisim	INVASION/lyrael-02.html
1	metisim	INVASION/luxara.html
1	metisim	INVASION/kainet.html
1	metisim	INVASION/index.html
1	metisim	INVASION/echosys.html
1	metisim	INVASION/cyton.html
1	metisim	INVASION/cyton-03.html
1	metisim	INVASION/cyton-02.html
1	metisim	INVASION/celestra.html
1	metisim	INVASION/auracore.html
1	metisim	INVASION/arkano.html
1	metisim	INVASION/SEASON2/xanadu.html
1	metisim	INVASION/SEASON2/valhalla.html
1	metisim	INVASION/SEASON2/utopia.html
1	metisim	INVASION/SEASON2/shangri_la.html
1	metisim	INVASION/SEASON2/prometheus.html
1	metisim	INVASION/SEASON2/olympus.html
1	metisim	INVASION/SEASON2/nirvana.html
1	metisim	INVASION/SEASON2/hyperion.html
1	metisim	INVASION/SEASON2/elysium.html
1	metisim	INVASION/SEASON2/eden.html
1	metisim	INVASION/SEASON2/camelot.html
1	metisim	INVASION/SEASON2/babylon.html
1	metisim	INVASION/SEASON2/avalon.html
1	metisim	INVASION/SEASON2/atlas.html
1	metisim	INVASION/SEASON2/asgard.html
1	metisim	INVASION/SEASON2/arcadia.html
1	meets	v5.html
1	meets	v4.html
1	meets	v3.html
1	meets	v2.html
1	meets	v1.html
1	meets	slideshow-03.html
1	meets	organize_images.py
1	meets	adapt-index.html
1	medium-as-operator	research-op.html
1	medium-as-operator	index.html
1	media-surfer	tilth-scrubber.html
1	media-surfer	tilth-apparatus.html
1	media-surfer	speculative-media-tech/index.html
1	media-surfer	speculative-ledger-v2.html
1	media-surfer	speculative-ledger-complete.html
1	media-surfer	speculative ledger/2400 Future Final 68d8210df4ea405996f6926356343c83.html
1	media-surfer	presentation.html
1	media-surfer	precrime-video-interface.html
1	media-surfer	precrime-tilth.html
1	media-surfer	precrime-apparatus.html
1	media-surfer	precrime-apparatus-00.html
1	media-surfer	index.html
1	media-surfer	index-7.html
1	media-surfer	generate-speculative-ledger.py
1	media-surfer	evolutionary-ledgers-presentation.html
1	media-surfer	design-fiction-presentation/index.html
1	media-surfer	SPECULATIVE-LEDGER-FULL.html
1	media-shaper-2400	eno_windchime_garden_real_canvas_single_file.html
1	media-culture	time-atlas.html
1	media-culture	oldex.html
1	media-culture	index.html
1	media-culture	LMC 2400 _ Spring 2026.html
1	manila-memory-arcade	pinnacle-pinball.html
1	manila-memory-arcade	pin34-accordion.html
1	manila-memory-arcade	pin33-newish.html
1	manila-memory-arcade	pin32-good.html
1	manila-memory-arcade	pin31-alien.html
1	manila-memory-arcade	pin28-special.html
1	manila-memory-arcade	pin27-poem.html
1	manila-memory-arcade	pin26.html
1	manila-memory-arcade	pin25.html
1	manila-memory-arcade	pin24.html
1	manila-memory-arcade	pin23.html
1	manila-memory-arcade	pin22-good-grid.html
1	manila-memory-arcade	pin21.html
1	manila-memory-arcade	pin20.html
1	manila-memory-arcade	pin19.html
1	manila-memory-arcade	pin18.html
1	manila-memory-arcade	pin17.html
1	manila-memory-arcade	pin16.html
1	manila-memory-arcade	pin15.html
1	manila-memory-arcade	pin14-rpag.html
1	manila-memory-arcade	pin13-rppg.html
1	manila-memory-arcade	pin12-rp-bdii.html
1	manila-memory-arcade	pin11-tmppd.html
1	manila-memory-arcade	pin10-emppi.html
1	manila-memory-arcade	pin09-mtpp.html
1	manila-memory-arcade	pin08-gvm.html
1	manila-memory-arcade	pin07-rpps.html
1	manila-memory-arcade	pin06-VPPS.html
1	manila-memory-arcade	pin05-GOOD.html
1	manila-memory-arcade	pin04.html
1	manila-memory-arcade	pin03.html
1	manila-memory-arcade	pin02.html
1	manila-memory-arcade	pin01.html
1	manila-memory-arcade	pin-30-sounds-good.html
1	manila-memory-arcade	pin-29-interaction.html
1	manila-memory-arcade	index.html
1	manila-memory-arcade	butterfly.html
1	manila-memory-arcade	Retro-Physics-Pinball-Simulation.html
1	making-kin	team-formation.html
1	making-kin	project-flow.html
1	making-kin	mcdowell.html
1	making-kin	lewis.html
1	making-kin	index.html
1	making-kin	haraway.html
1	loving-grace	prd-03.html
1	loving-grace	prd-02.html
1	loving-grace	prd-01.html
1	loving-grace	index.html
1	loving-grace	dg-02.html
1	loving-grace	dg-01.html
1	loving-grace	bp-01.html
1	loving-grace	a1.html
1	looking-machine	pca/victor-toolkit.js
1	looking-machine	pca/title-sequence-template.js
1	looking-machine	pca/tempo-os.html
1	looking-machine	pca/tempo-os-victor-demo.html
1	looking-machine	pca/surreal.html
1	looking-machine	pca/surreal-os-victor-index.html
1	looking-machine	pca/surreal-os-victor-index-old.html
1	looking-machine	pca/style.css
1	looking-machine	pca/scale-os-victor-demo.html
1	looking-machine	pca/pca-01.html
1	looking-machine	pca/morph-os-victor-demo.html
1	looking-machine	pca/mirror-os.html
1	looking-machine	pca/mirror-os-victor-demo.html
1	looking-machine	pca/light-os-victor-demo.html
1	looking-machine	pca/index.html
1	looking-machine	pca/archive-os-victor-demo.html
1	looking-machine	pca/app.js
1	looking-machine	pca/anomaly-os-victor-demo.html
1	looking-machine	index.html
1	looking-machine	bluefoot/index.html
1	looking-machine	bluefoot/exported-assets (7)/script_1.py
1	looking-machine	bluefoot/exported-assets (7)/script.py
1	looking-machine	bluefoot/exported-assets (7)/chart_script_2.py
1	looking-machine	bluefoot/exported-assets (7)/chart_script_1.py
1	looking-machine	bluefoot/exported-assets (7)/chart_script.py
1	looking-machine	bluefoot/exported-assets (7) 2/script_1.py
1	looking-machine	bluefoot/exported-assets (7) 2/script.py
1	looking-machine	bluefoot/exported-assets (7) 2/chart_script_2.py
1	looking-machine	bluefoot/exported-assets (7) 2/chart_script_1.py
1	looking-machine	bluefoot/exported-assets (7) 2/chart_script.py
1	looking-machine	bluefoot/ai_studio_code - 2025-09-26T095445.597.html
1	looking-machine	bluefoot/ai_studio_code - 2025-09-26T094726.487.html
1	looking-machine	bluefoot/ai_studio_code - 2025-09-26T094607.661.html
1	looking-machine	VOLHOLLA_AIR/vols.html
1	looking-machine	VOLHOLLA_AIR/vols-04.html
1	looking-machine	VOLHOLLA_AIR/vols-03.html
1	looking-machine	VOLHOLLA_AIR/vols-02.html
1	looking-machine	VOLHOLLA_AIR/volholla_single_file_b_b_website_index.html
1	looking-machine	VOLHOLLA_AIR/volholla_single_file_b_b_website_index (1).html
1	looking-machine	VOLHOLLA_AIR/vol.html
1	looking-machine	VOLHOLLA_AIR/index.html
1	looking-machine	VOLHOLLA_AIR/exported-assets (9)/script_1.py
1	looking-machine	VOLHOLLA_AIR/exported-assets (9)/script.py
1	looking-machine	VOLHOLLA_AIR/exported-assets (9)/chart_script_1.py
1	looking-machine	VOLHOLLA_AIR/exported-assets (9)/chart_script.py
1	looking-machine	VOLHOLLA_AIR/exported-assets (8)/script_3.py
1	looking-machine	VOLHOLLA_AIR/exported-assets (8)/script_2.py
1	looking-machine	VOLHOLLA_AIR/exported-assets (8)/script_1.py
1	looking-machine	VOLHOLLA_AIR/exported-assets (8)/script.py
1	looking-machine	VOLHOLLA_AIR/exported-assets (8)/chart_script.py
1	looking-machine	VOLHOLLA_AIR/exported-assets (10)/style.css
1	looking-machine	VOLHOLLA_AIR/exported-assets (10)/index.html
1	looking-machine	VOLHOLLA_AIR/exported-assets (10)/app.js
1	looking-machine	VOLHOLLA_AIR/analysis.html
1	looking-machine	TRACTOR FOLKLOGICUS/tract-09.html
1	looking-machine	TRACTOR FOLKLOGICUS/tract-08.html
1	looking-machine	TRACTOR FOLKLOGICUS/tract-07b.html
1	looking-machine	TRACTOR FOLKLOGICUS/tract-07.html
1	looking-machine	TRACTOR FOLKLOGICUS/tract-07-flux.html
1	looking-machine	TRACTOR FOLKLOGICUS/tract-07-clean.html
1	looking-machine	TRACTOR FOLKLOGICUS/tract-06.html
1	looking-machine	TRACTOR FOLKLOGICUS/tract-05-formalized.html
1	looking-machine	TRACTOR FOLKLOGICUS/tract-04.html
1	looking-machine	TRACTOR FOLKLOGICUS/tract-03.html
1	looking-machine	TRACTOR FOLKLOGICUS/tract-02.html
1	looking-machine	TRACTOR FOLKLOGICUS/tract-01.html
1	looking-machine	TRACTOR FOLKLOGICUS/index.html
1	looking-machine	THE FORK/RAILWAY GAME/thousand-tetrad-00.html
1	looking-machine	SHROUDED HISTORY/viz.html
1	looking-machine	SHROUDED HISTORY/visualize2.html
1	looking-machine	SHROUDED HISTORY/visualize.html
1	looking-machine	SHROUDED HISTORY/index.html
1	looking-machine	SHROUDED HISTORY/extract_instances.py
1	looking-machine	SHROUDED HISTORY/compare.html
1	looking-machine	SHROUDED HISTORY/Pixel-Level Mural Reconstruction Prompts.html
1	looking-machine	SHROUDED HISTORY/Legal Analysis of Federal Art Ownership.html
1	looking-machine	SHROUDED HISTORY/Geertzian Analysis of O'Hanlon Mural.html
1	looking-machine	SHROUDED HISTORY/Describing and Generating Art.html
1	looking-machine	PROMPT COMPOSER/PC_PRIME/prompt-chain-lab.html
1	looking-machine	POTTERS_WHEEL/unthinkable_media_engine_single_file_html_atlantis_edition_BET.html
1	looking-machine	POTTERS_WHEEL/temporal_sculptor_gear_editor_web_m_export.html
1	looking-machine	POTTERS_WHEEL/temporal_sculptor_gear_editor_web_m_export (6).html
1	looking-machine	POTTERS_WHEEL/temporal_sculptor_gear_editor_web_m_export (5).html
1	looking-machine	POTTERS_WHEEL/temporal_sculptor_gear_editor_web_m_export (4).html
1	looking-machine	POTTERS_WHEEL/temporal_sculptor_gear_editor_web_m_export (3).html
1	looking-machine	POTTERS_WHEEL/temporal_sculptor_gear_editor_web_m_export (2).html
1	looking-machine	POTTERS_WHEEL/temporal_sculptor_gear_editor_web_m_export (1).html
1	looking-machine	POTTERS_WHEEL/prime_inception_medium_poml_runner_single_file_html.html
1	looking-machine	POTTERS_WHEEL/prime_inception_medium_poml_runner_single_file_html (5).html
1	looking-machine	POTTERS_WHEEL/prime_inception_medium_poml_runner_single_file_html (4).html
1	looking-machine	POTTERS_WHEEL/prime_inception_medium_poml_runner_single_file_html (2).html
1	looking-machine	POTTERS_WHEEL/prime_inception_medium_poml_runner_single_file_html (1).html
1	looking-machine	POTTERS_WHEEL/prime_inception_medium_poml_runner_single_file_BET.html
1	looking-machine	POTTERS_WHEEL/morphic_mergefield_mobile_canvas_prototype_html_css_js_single_file_BET.html
1	looking-machine	POTTERS_WHEEL/morphic_mergefield_mobile_canvas_prototype_html_css_js_single_file_1_BET.html
1	looking-machine	POTTERS_WHEEL/morphic_mergefield_mobile_canvas_prototype_html_css_js_single_file (2).html
1	looking-machine	POTTERS_WHEEL/main_gear_film_engine_v_2-BET.html
1	looking-machine	POTTERS_WHEEL/main_gear_film_engine_pro_arc_mix_controls.html
1	looking-machine	POTTERS_WHEEL/index_minimal.html
1	looking-machine	POTTERS_WHEEL/index.html
1	looking-machine	POTTERS_WHEEL/hyperclay_mobile_mixer_single_file_html_works_with_real_video-blob-BET.html
1	looking-machine	POTTERS_WHEEL/hyperclay_mobile_mixer_single_file_html_works_with_real_video-BET.html
1	looking-machine	POTTERS_WHEEL/hyperclay_mobile_mixer_single_file_html_works_with_real_video (4).html
1	looking-machine	POTTERS_WHEEL/hyperclay_mobile_mixer_single_file_html_works_with_real_video (3).html
1	looking-machine	POTTERS_WHEEL/hyperclay_mobile_mixer_single_file_html_works_with_real_video (2).html
1	looking-machine	POTTERS_WHEEL/hyperclay_fusion_wheel_option_2_prototype_mobile_single_file_BBET.html
1	looking-machine	POTTERS_WHEEL/hyperclay_fusion_wheel_option_2_prototype_mobile_single_file (1).html
1	looking-machine	POTTERS_WHEEL/hyperclay_fusion_wheel_option_2_linear_export_hi_q_sonic_haptic-BETTER.html
1	looking-machine	POTTERS_WHEEL/hyperclay_fusion_wheel_option_2_all_out_poc_ok.html
1	looking-machine	POTTERS_WHEEL/hyperclay_fusion_wheel_option_2_all_out_poc.html
1	looking-machine	POTTERS_WHEEL/hyperclay_fusion_wheel_option_2_all_out_poc (6).html
1	looking-machine	POTTERS_WHEEL/hyperclay_fusion_wheel_option_2_all_out_poc (5).html
1	looking-machine	POTTERS_WHEEL/hyperclay_fusion_wheel_option_2_all_out_poc (4).html
1	looking-machine	POTTERS_WHEEL/hyperclay_fusion_wheel_option_2_all_out_poc (3).html
1	looking-machine	POTTERS_WHEEL/hyperclay_fusion_wheel_option_2_all_out_poc (2).html
1	looking-machine	POTTERS_WHEEL/hyperclay_fusion_wheel_option_2_all_out_poc (1).html
1	looking-machine	POTTERS_WHEEL/hyperclay_fusion_wheel_3_d_mvp_single_file_GREAT.html
1	looking-machine	POTTERS_WHEEL/hyperclay_fusion_wheel_3_d_mvp_single_file-coulda-been.html
1	looking-machine	POTTERS_WHEEL/hyperclay_fusion_wheel_3_d_mvp_single_file-1-BET.html
1	looking-machine	POTTERS_WHEEL/hyperclay_fusion_wheel_3_d_mvp_prototype.html
1	looking-machine	POTTERS_WHEEL/hyperclay_fusion_wheel_3_d_mobile_editor_single_file_html_css_js.html
1	looking-machine	POTTERS_WHEEL/hyperclay_fusion_wheel_3_d_mobile_editor_single_file_html_css_js (1).html
1	looking-machine	POTTERS_WHEEL/gear_narrative_engine_script_wheels_fountain_fdx_import_bet.html
1	looking-machine	POTTERS_WHEEL/gear_narrative_engine_script_wheels_fountain_fdx_import.html
1	looking-machine	POTTERS_WHEEL/gear_narrative_engine_full_send_single_file-BET.html
1	looking-machine	POTTERS_WHEEL/gear_narrative_engine_arc_sequencer_normal_output_16_9-BET.html
1	looking-machine	POTTERS_WHEEL/gear_narrative_engine_arc_sequencer_mechanical_nle.html
1	looking-machine	POTTERS_WHEEL/gear_editing_canvas.html
1	looking-machine	POTTERS_WHEEL/gear_editing_canvas (4).html
1	looking-machine	POTTERS_WHEEL/gear_editing_canvas (3).html
1	looking-machine	POTTERS_WHEEL/gear_editing_canvas (2).html
1	looking-machine	POTTERS_WHEEL/gear_editing_canvas (1).html
1	looking-machine	POTTERS_WHEEL/cinome_sculpting_chamber_mobile_no_deps.html
1	looking-machine	POTTERS_WHEEL/cinome_sculpting_chamber_centered_infinity_mobile_no_deps.html
1	looking-machine	POTTERS_WHEEL/cinematic_data_wall_tetrad_edition_mobile_no_deps.html
1	looking-machine	POTTERS_WHEEL/cinematic_data_wall_helix_weave_mobile_no_deps.html
1	looking-machine	POTTERS_WHEEL/cinematic_data_wall_editor_mobile_v_0.html
1	looking-machine	POTTERS_WHEEL/cinematic_data_wall_editor_mobile_single_file_no_deps.html
1	looking-machine	POTTERS_WHEEL/cinematic_data_wall_editor_mobile_single_file_no_deps (1).html
1	looking-machine	Hephaestus Narrative OS/vss-01.html
1	looking-machine	Hephaestus Narrative OS/sf01.html
1	looking-machine	Hephaestus Narrative OS/pbc-01.html
1	looking-machine	Hephaestus Narrative OS/osf-01.html
1	looking-machine	Hephaestus Narrative OS/or-ba.html
1	looking-machine	Hephaestus Narrative OS/index.html
1	looking-machine	Hephaestus Narrative OS/hnz-43.html
1	looking-machine	Hephaestus Narrative OS/hnz-42.html
1	looking-machine	Hephaestus Narrative OS/hnz-41.html
1	looking-machine	Hephaestus Narrative OS/hnz-40.html
1	looking-machine	Hephaestus Narrative OS/hnz-39.html
1	looking-machine	Hephaestus Narrative OS/hnz-38.html
1	looking-machine	Hephaestus Narrative OS/hn-os-25.html
1	looking-machine	Hephaestus Narrative OS/hn-os-21.html
1	looking-machine	Hephaestus Narrative OS/hn-odd.html
1	looking-machine	Hephaestus Narrative OS/hf-48.html
1	looking-machine	Hephaestus Narrative OS/hf-46.html
1	looking-machine	Hephaestus Narrative OS/hf-45.html
1	looking-machine	Hephaestus Narrative OS/hf-44.html
1	looking-machine	Hephaestus Narrative OS/hf-01.html
1	looking-machine	GAZE/tools/render-feature-cut-video.js
1	looking-machine	GAZE/title-operator.html
1	looking-machine	GAZE/graph-operator.html
1	looking-machine	GAZE/graph-operator-creatureliness.html
1	looking-machine	GAZE/film-harness-01-10.html
1	looking-machine	GAZE/fast-and-furious-grand-prix-title.html
1	looking-machine	GAZE/dune.html
1	looking-machine	GAZE/creatureliness-singular-pages/pages/s10-a10-ag10-10-0.html
1	looking-machine	GAZE/creatureliness-singular-pages/pages/s10-a09-ag09-10-0.html
1	looking-machine	GAZE/creatureliness-singular-pages/pages/s10-a08-ag08-10-0.html
1	looking-machine	GAZE/creatureliness-singular-pages/pages/s10-a07-ag07-10-0.html
1	looking-machine	GAZE/creatureliness-singular-pages/pages/s10-a06-ag06-10-0.html
1	looking-machine	GAZE/creatureliness-singular-pages/pages/s10-a05-ag05-10-0.html
1	looking-machine	GAZE/creatureliness-singular-pages/pages/s10-a04-ag04-10-0.html
1	looking-machine	GAZE/creatureliness-singular-pages/pages/s10-a03-ag03-10-0.html
1	looking-machine	GAZE/creatureliness-singular-pages/pages/s10-a02-ag02-10-0.html
1	looking-machine	GAZE/creatureliness-singular-pages/pages/s10-a01-ag01-10-0.html
1	looking-machine	GAZE/creatureliness-singular-pages/pages/s09-a10-ag10-9-0.html
1	looking-machine	GAZE/creatureliness-singular-pages/pages/s09-a09-ag09-9-0.html
1	looking-machine	GAZE/creatureliness-singular-pages/pages/s09-a08-ag08-9-0.html
1	looking-machine	GAZE/creatureliness-singular-pages/pages/s09-a07-ag07-9-0.html
1	looking-machine	GAZE/creatureliness-singular-pages/pages/s09-a06-ag06-9-0.html
1	looking-machine	GAZE/creatureliness-singular-pages/pages/s09-a05-ag05-9-0.html
1	looking-machine	GAZE/creatureliness-singular-pages/pages/s09-a04-ag04-9-0.html
1	looking-machine	GAZE/creatureliness-singular-pages/pages/s09-a03-ag03-9-0.html
1	looking-machine	GAZE/creatureliness-singular-pages/pages/s09-a02-ag02-9-0.html
1	looking-machine	GAZE/creatureliness-singular-pages/pages/s09-a01-ag01-9-0.html
1	looking-machine	GAZE/creatureliness-singular-pages/pages/s08-a10-ag10-8-0.html
1	looking-machine	GAZE/creatureliness-singular-pages/pages/s08-a09-ag09-8-0.html
1	looking-machine	GAZE/creatureliness-singular-pages/pages/s08-a08-ag08-8-0.html
1	looking-machine	GAZE/creatureliness-singular-pages/pages/s08-a07-ag07-8-0.html
1	looking-machine	GAZE/creatureliness-singular-pages/pages/s08-a06-ag06-8-0.html
1	looking-machine	GAZE/creatureliness-singular-pages/pages/s08-a05-ag05-8-0.html
1	looking-machine	GAZE/creatureliness-singular-pages/pages/s08-a04-ag04-8-0.html
1	looking-machine	GAZE/creatureliness-singular-pages/pages/s08-a03-ag03-8-0.html
1	looking-machine	GAZE/creatureliness-singular-pages/pages/s08-a02-ag02-8-0.html
1	looking-machine	GAZE/creatureliness-singular-pages/pages/s08-a01-ag01-8-0.html
1	looking-machine	GAZE/creatureliness-singular-pages/pages/s07-a10-ag10-7-0.html
1	looking-machine	GAZE/creatureliness-singular-pages/pages/s07-a09-ag09-7-0.html
1	looking-machine	GAZE/creatureliness-singular-pages/pages/s07-a08-ag08-7-0.html
1	looking-machine	GAZE/creatureliness-singular-pages/pages/s07-a07-ag07-7-0.html
1	looking-machine	GAZE/creatureliness-singular-pages/pages/s07-a06-ag06-7-0.html
1	looking-machine	GAZE/creatureliness-singular-pages/pages/s07-a05-ag05-7-0.html
1	looking-machine	GAZE/creatureliness-singular-pages/pages/s07-a04-ag04-7-0.html
1	looking-machine	GAZE/creatureliness-singular-pages/pages/s07-a03-ag03-7-0.html
1	looking-machine	GAZE/creatureliness-singular-pages/pages/s07-a02-ag02-7-0.html
1	looking-machine	GAZE/creatureliness-singular-pages/pages/s07-a01-ag01-7-0.html
1	looking-machine	GAZE/creatureliness-singular-pages/pages/s06-a10-ag10-6-0.html
1	looking-machine	GAZE/creatureliness-singular-pages/pages/s06-a09-ag09-6-0.html
1	looking-machine	GAZE/creatureliness-singular-pages/pages/s06-a08-ag08-6-0.html
1	looking-machine	GAZE/creatureliness-singular-pages/pages/s06-a07-ag07-6-0.html
1	looking-machine	GAZE/creatureliness-singular-pages/pages/s06-a06-ag06-6-0.html
1	looking-machine	GAZE/creatureliness-singular-pages/pages/s06-a05-ag05-6-0.html
1	looking-machine	GAZE/creatureliness-singular-pages/pages/s06-a04-ag04-6-0.html
1	looking-machine	GAZE/creatureliness-singular-pages/pages/s06-a03-ag03-6-0.html
1	looking-machine	GAZE/creatureliness-singular-pages/pages/s06-a02-ag02-6-0.html
1	looking-machine	GAZE/creatureliness-singular-pages/pages/s06-a01-ag01-6-0.html
1	looking-machine	GAZE/creatureliness-singular-pages/pages/s05-a10-ag10-5-0.html
1	looking-machine	GAZE/creatureliness-singular-pages/pages/s05-a09-ag09-5-0.html
1	looking-machine	GAZE/creatureliness-singular-pages/pages/s05-a08-ag08-5-0.html
1	looking-machine	GAZE/creatureliness-singular-pages/pages/s05-a07-ag07-5-0.html
1	looking-machine	GAZE/creatureliness-singular-pages/pages/s05-a06-ag06-5-0.html
1	looking-machine	GAZE/creatureliness-singular-pages/pages/s05-a05-ag05-5-0.html
1	looking-machine	GAZE/creatureliness-singular-pages/pages/s05-a04-ag04-5-0.html
1	looking-machine	GAZE/creatureliness-singular-pages/pages/s05-a03-ag03-5-0.html
1	looking-machine	GAZE/creatureliness-singular-pages/pages/s05-a02-ag02-5-0.html
1	looking-machine	GAZE/creatureliness-singular-pages/pages/s05-a01-ag01-5-0.html
1	looking-machine	GAZE/creatureliness-singular-pages/pages/s04-a10-ag10-4-0.html
1	looking-machine	GAZE/creatureliness-singular-pages/pages/s04-a09-ag09-4-0.html
1	looking-machine	GAZE/creatureliness-singular-pages/pages/s04-a08-ag08-4-0.html
1	looking-machine	GAZE/creatureliness-singular-pages/pages/s04-a07-ag07-4-0.html
1	looking-machine	GAZE/creatureliness-singular-pages/pages/s04-a06-ag06-4-0.html
1	looking-machine	GAZE/creatureliness-singular-pages/pages/s04-a05-ag05-4-0.html
1	looking-machine	GAZE/creatureliness-singular-pages/pages/s04-a04-ag04-4-0.html
1	looking-machine	GAZE/creatureliness-singular-pages/pages/s04-a03-ag03-4-0.html
1	looking-machine	GAZE/creatureliness-singular-pages/pages/s04-a02-ag02-4-0.html
1	looking-machine	GAZE/creatureliness-singular-pages/pages/s04-a01-ag01-4-0.html
1	looking-machine	GAZE/creatureliness-singular-pages/pages/s03-a10-ag10-3-0.html
1	looking-machine	GAZE/creatureliness-singular-pages/pages/s03-a09-ag09-3-0.html
1	looking-machine	GAZE/creatureliness-singular-pages/pages/s03-a08-ag08-3-0.html
1	looking-machine	GAZE/creatureliness-singular-pages/pages/s03-a07-ag07-3-0.html
1	looking-machine	GAZE/creatureliness-singular-pages/pages/s03-a06-ag06-3-0.html
1	looking-machine	GAZE/creatureliness-singular-pages/pages/s03-a05-ag05-3-0.html
1	looking-machine	GAZE/creatureliness-singular-pages/pages/s03-a04-ag04-3-0.html
1	looking-machine	GAZE/creatureliness-singular-pages/pages/s03-a03-ag03-3-0.html
1	looking-machine	GAZE/creatureliness-singular-pages/pages/s03-a02-ag02-3-0.html
1	looking-machine	GAZE/creatureliness-singular-pages/pages/s03-a01-ag01-3-0.html
1	looking-machine	GAZE/creatureliness-singular-pages/pages/s02-a10-ag10-2-0.html
1	looking-machine	GAZE/creatureliness-singular-pages/pages/s02-a09-ag09-2-0.html
1	looking-machine	GAZE/creatureliness-singular-pages/pages/s02-a08-ag08-2-0.html
1	looking-machine	GAZE/creatureliness-singular-pages/pages/s02-a07-ag07-2-0.html
1	looking-machine	GAZE/creatureliness-singular-pages/pages/s02-a06-ag06-2-0.html
1	looking-machine	GAZE/creatureliness-singular-pages/pages/s02-a05-ag05-2-0.html
1	looking-machine	GAZE/creatureliness-singular-pages/pages/s02-a04-ag04-2-0.html
1	looking-machine	GAZE/creatureliness-singular-pages/pages/s02-a03-ag03-2-0.html
1	looking-machine	GAZE/creatureliness-singular-pages/pages/s02-a02-ag02-2-0.html
1	looking-machine	GAZE/creatureliness-singular-pages/pages/s02-a01-ag01-2-0.html
1	looking-machine	GAZE/creatureliness-singular-pages/pages/s01-a10-ag10-1-0.html
1	looking-machine	GAZE/creatureliness-singular-pages/pages/s01-a09-ag09-1-0.html
1	looking-machine	GAZE/creatureliness-singular-pages/pages/s01-a08-ag08-1-0.html
1	looking-machine	GAZE/creatureliness-singular-pages/pages/s01-a07-ag07-1-0.html
1	looking-machine	GAZE/creatureliness-singular-pages/pages/s01-a06-ag06-1-0.html
1	looking-machine	GAZE/creatureliness-singular-pages/pages/s01-a05-ag05-1-0.html
1	looking-machine	GAZE/creatureliness-singular-pages/pages/s01-a04-ag04-1-0.html
1	looking-machine	GAZE/creatureliness-singular-pages/pages/s01-a03-ag03-1-0.html
1	looking-machine	GAZE/creatureliness-singular-pages/pages/s01-a02-ag02-1-0.html
1	looking-machine	GAZE/creatureliness-singular-pages/pages/s01-a01-ag01-1-0.html
1	looking-machine	GAZE/creatureliness-singular-pages/index.html
1	looking-machine	GAZE/creatureliness-radio-intro.html
1	looking-machine	GAZE/creatureliness-manual-pages/index.html
1	looking-machine	GAZE/creatureliness-manual-pages/film-cut.html
1	looking-machine	GAZE/creatureliness-manual-pages/10-morning-wings.html
1	looking-machine	GAZE/creatureliness-manual-pages/09-what-the-cold-teaches-true-detective.html
1	looking-machine	GAZE/creatureliness-manual-pages/08-shelter-of-words-wings.html
1	looking-machine	GAZE/creatureliness-manual-pages/07-operational-hinge-common-side.html
1	looking-machine	GAZE/creatureliness-manual-pages/06-mirror-and-fire-westworld.html
1	looking-machine	GAZE/creatureliness-manual-pages/05-winter-alien.html
1	looking-machine	GAZE/creatureliness-manual-pages/04-animal-ghost-in-shell.html
1	looking-machine	GAZE/creatureliness-manual-pages/03-false-escape-severance.html
1	looking-machine	GAZE/creatureliness-manual-pages/02-crystal-and-burn-andromeda.html
1	looking-machine	GAZE/creatureliness-manual-pages/01-the-split-westworld.html
1	looking-machine	GAZE/creatureliness-manual-flow/pages/s10-a10-ag10-10-0.html
1	looking-machine	GAZE/creatureliness-manual-flow/pages/s10-a09-ag09-10-0.html
1	looking-machine	GAZE/creatureliness-manual-flow/pages/s10-a08-ag08-10-0.html
1	looking-machine	GAZE/creatureliness-manual-flow/pages/s10-a07-ag07-10-0.html
1	looking-machine	GAZE/creatureliness-manual-flow/pages/s10-a06-ag06-10-0.html
1	looking-machine	GAZE/creatureliness-manual-flow/pages/s10-a05-ag05-10-0.html
1	looking-machine	GAZE/creatureliness-manual-flow/pages/s10-a04-ag04-10-0.html
1	looking-machine	GAZE/creatureliness-manual-flow/pages/s10-a03-ag03-10-0.html
1	looking-machine	GAZE/creatureliness-manual-flow/pages/s10-a02-ag02-10-0.html
1	looking-machine	GAZE/creatureliness-manual-flow/pages/s10-a01-ag01-10-0.html
1	looking-machine	GAZE/creatureliness-manual-flow/pages/s09-a10-ag10-9-0.html
1	looking-machine	GAZE/creatureliness-manual-flow/pages/s09-a09-ag09-9-0.html
1	looking-machine	GAZE/creatureliness-manual-flow/pages/s09-a08-ag08-9-0.html
1	looking-machine	GAZE/creatureliness-manual-flow/pages/s09-a07-ag07-9-0.html
1	looking-machine	GAZE/creatureliness-manual-flow/pages/s09-a06-ag06-9-0.html
1	looking-machine	GAZE/creatureliness-manual-flow/pages/s09-a05-ag05-9-0.html
1	looking-machine	GAZE/creatureliness-manual-flow/pages/s09-a04-ag04-9-0.html
1	looking-machine	GAZE/creatureliness-manual-flow/pages/s09-a03-ag03-9-0.html
1	looking-machine	GAZE/creatureliness-manual-flow/pages/s09-a02-ag02-9-0.html
1	looking-machine	GAZE/creatureliness-manual-flow/pages/s09-a01-ag01-9-0.html
1	looking-machine	GAZE/creatureliness-manual-flow/pages/s08-a10-ag10-8-0.html
1	looking-machine	GAZE/creatureliness-manual-flow/pages/s08-a09-ag09-8-0.html
1	looking-machine	GAZE/creatureliness-manual-flow/pages/s08-a08-ag08-8-0.html
1	looking-machine	GAZE/creatureliness-manual-flow/pages/s08-a07-ag07-8-0.html
1	looking-machine	GAZE/creatureliness-manual-flow/pages/s08-a06-ag06-8-0.html
1	looking-machine	GAZE/creatureliness-manual-flow/pages/s08-a05-ag05-8-0.html
1	looking-machine	GAZE/creatureliness-manual-flow/pages/s08-a04-ag04-8-0.html
1	looking-machine	GAZE/creatureliness-manual-flow/pages/s08-a03-ag03-8-0.html
1	looking-machine	GAZE/creatureliness-manual-flow/pages/s08-a02-ag02-8-0.html
1	looking-machine	GAZE/creatureliness-manual-flow/pages/s08-a01-ag01-8-0.html
1	looking-machine	GAZE/creatureliness-manual-flow/pages/s07-a10-ag10-7-0.html
1	looking-machine	GAZE/creatureliness-manual-flow/pages/s07-a09-ag09-7-0.html
1	looking-machine	GAZE/creatureliness-manual-flow/pages/s07-a08-ag08-7-0.html
1	looking-machine	GAZE/creatureliness-manual-flow/pages/s07-a07-ag07-7-0.html
1	looking-machine	GAZE/creatureliness-manual-flow/pages/s07-a06-ag06-7-0.html
1	looking-machine	GAZE/creatureliness-manual-flow/pages/s07-a05-ag05-7-0.html
1	looking-machine	GAZE/creatureliness-manual-flow/pages/s07-a04-ag04-7-0.html
1	looking-machine	GAZE/creatureliness-manual-flow/pages/s07-a03-ag03-7-0.html
1	looking-machine	GAZE/creatureliness-manual-flow/pages/s07-a02-ag02-7-0.html
1	looking-machine	GAZE/creatureliness-manual-flow/pages/s07-a01-ag01-7-0.html
1	looking-machine	GAZE/creatureliness-manual-flow/pages/s06-a10-ag10-6-0.html
1	looking-machine	GAZE/creatureliness-manual-flow/pages/s06-a09-ag09-6-0.html
1	looking-machine	GAZE/creatureliness-manual-flow/pages/s06-a08-ag08-6-0.html
1	looking-machine	GAZE/creatureliness-manual-flow/pages/s06-a07-ag07-6-0.html
1	looking-machine	GAZE/creatureliness-manual-flow/pages/s06-a06-ag06-6-0.html
1	looking-machine	GAZE/creatureliness-manual-flow/pages/s06-a05-ag05-6-0.html
1	looking-machine	GAZE/creatureliness-manual-flow/pages/s06-a04-ag04-6-0.html
1	looking-machine	GAZE/creatureliness-manual-flow/pages/s06-a03-ag03-6-0.html
1	looking-machine	GAZE/creatureliness-manual-flow/pages/s06-a02-ag02-6-0.html
1	looking-machine	GAZE/creatureliness-manual-flow/pages/s06-a01-ag01-6-0.html
1	looking-machine	GAZE/creatureliness-manual-flow/pages/s05-a10-ag10-5-0.html
1	looking-machine	GAZE/creatureliness-manual-flow/pages/s05-a09-ag09-5-0.html
1	looking-machine	GAZE/creatureliness-manual-flow/pages/s05-a08-ag08-5-0.html
1	looking-machine	GAZE/creatureliness-manual-flow/pages/s05-a07-ag07-5-0.html
1	looking-machine	GAZE/creatureliness-manual-flow/pages/s05-a06-ag06-5-0.html
1	looking-machine	GAZE/creatureliness-manual-flow/pages/s05-a05-ag05-5-0.html
1	looking-machine	GAZE/creatureliness-manual-flow/pages/s05-a04-ag04-5-0.html
1	looking-machine	GAZE/creatureliness-manual-flow/pages/s05-a03-ag03-5-0.html
1	looking-machine	GAZE/creatureliness-manual-flow/pages/s05-a02-ag02-5-0.html
1	looking-machine	GAZE/creatureliness-manual-flow/pages/s05-a01-ag01-5-0.html
1	looking-machine	GAZE/creatureliness-manual-flow/pages/s04-a10-ag10-4-0.html
1	looking-machine	GAZE/creatureliness-manual-flow/pages/s04-a09-ag09-4-0.html
1	looking-machine	GAZE/creatureliness-manual-flow/pages/s04-a08-ag08-4-0.html
1	looking-machine	GAZE/creatureliness-manual-flow/pages/s04-a07-ag07-4-0.html
1	looking-machine	GAZE/creatureliness-manual-flow/pages/s04-a06-ag06-4-0.html
1	looking-machine	GAZE/creatureliness-manual-flow/pages/s04-a05-ag05-4-0.html
1	looking-machine	GAZE/creatureliness-manual-flow/pages/s04-a04-ag04-4-0.html
1	looking-machine	GAZE/creatureliness-manual-flow/pages/s04-a03-ag03-4-0.html
1	looking-machine	GAZE/creatureliness-manual-flow/pages/s04-a02-ag02-4-0.html
1	looking-machine	GAZE/creatureliness-manual-flow/pages/s04-a01-ag01-4-0.html
1	looking-machine	GAZE/creatureliness-manual-flow/pages/s03-a10-ag10-3-0.html
1	looking-machine	GAZE/creatureliness-manual-flow/pages/s03-a09-ag09-3-0.html
1	looking-machine	GAZE/creatureliness-manual-flow/pages/s03-a08-ag08-3-0.html
1	looking-machine	GAZE/creatureliness-manual-flow/pages/s03-a07-ag07-3-0.html
1	looking-machine	GAZE/creatureliness-manual-flow/pages/s03-a06-ag06-3-0.html
1	looking-machine	GAZE/creatureliness-manual-flow/pages/s03-a05-ag05-3-0.html
1	looking-machine	GAZE/creatureliness-manual-flow/pages/s03-a04-ag04-3-0.html
1	looking-machine	GAZE/creatureliness-manual-flow/pages/s03-a03-ag03-3-0.html
1	looking-machine	GAZE/creatureliness-manual-flow/pages/s03-a02-ag02-3-0.html
1	looking-machine	GAZE/creatureliness-manual-flow/pages/s03-a01-ag01-3-0.html
1	looking-machine	GAZE/creatureliness-manual-flow/pages/s02-a10-ag10-2-0.html
1	looking-machine	GAZE/creatureliness-manual-flow/pages/s02-a09-ag09-2-0.html
1	looking-machine	GAZE/creatureliness-manual-flow/pages/s02-a08-ag08-2-0.html
1	looking-machine	GAZE/creatureliness-manual-flow/pages/s02-a07-ag07-2-0.html
1	looking-machine	GAZE/creatureliness-manual-flow/pages/s02-a06-ag06-2-0.html
1	looking-machine	GAZE/creatureliness-manual-flow/pages/s02-a05-ag05-2-0.html
1	looking-machine	GAZE/creatureliness-manual-flow/pages/s02-a04-ag04-2-0.html
1	looking-machine	GAZE/creatureliness-manual-flow/pages/s02-a03-ag03-2-0.html
1	looking-machine	GAZE/creatureliness-manual-flow/pages/s02-a02-ag02-2-0.html
1	looking-machine	GAZE/creatureliness-manual-flow/pages/s02-a01-ag01-2-0.html
1	looking-machine	GAZE/creatureliness-manual-flow/pages/s01-a10-ag10-1-0.html
1	looking-machine	GAZE/creatureliness-manual-flow/pages/s01-a09-ag09-1-0.html
1	looking-machine	GAZE/creatureliness-manual-flow/pages/s01-a08-ag08-1-0.html
1	looking-machine	GAZE/creatureliness-manual-flow/pages/s01-a07-ag07-1-0.html
1	looking-machine	GAZE/creatureliness-manual-flow/pages/s01-a06-ag06-1-0.html
1	looking-machine	GAZE/creatureliness-manual-flow/pages/s01-a05-ag05-1-0.html
1	looking-machine	GAZE/creatureliness-manual-flow/pages/s01-a04-ag04-1-0.html
1	looking-machine	GAZE/creatureliness-manual-flow/pages/s01-a03-ag03-1-0.html
1	looking-machine	GAZE/creatureliness-manual-flow/pages/s01-a02-ag02-1-0.html
1	looking-machine	GAZE/creatureliness-manual-flow/pages/s01-a01-ag01-1-0.html
1	looking-machine	GAZE/creatureliness-manual-flow/index.html
1	looking-machine	GAZE/creatureliness-gallery.html
1	looking-machine	GAZE/creatureliness-finals/pages/s10-a10-ag10-10-0.html
1	looking-machine	GAZE/creatureliness-finals/pages/s10-a09-ag09-10-0.html
1	looking-machine	GAZE/creatureliness-finals/pages/s10-a08-ag08-10-0.html
1	looking-machine	GAZE/creatureliness-finals/pages/s10-a07-ag07-10-0.html
1	looking-machine	GAZE/creatureliness-finals/pages/s10-a06-ag06-10-0.html
1	looking-machine	GAZE/creatureliness-finals/pages/s10-a05-ag05-10-0.html
1	looking-machine	GAZE/creatureliness-finals/pages/s10-a04-ag04-10-0.html
1	looking-machine	GAZE/creatureliness-finals/pages/s10-a03-ag03-10-0.html
1	looking-machine	GAZE/creatureliness-finals/pages/s10-a02-ag02-10-0.html
1	looking-machine	GAZE/creatureliness-finals/pages/s10-a01-ag01-10-0.html
1	looking-machine	GAZE/creatureliness-finals/pages/s09-a10-ag10-9-0.html
1	looking-machine	GAZE/creatureliness-finals/pages/s09-a09-ag09-9-0.html
1	looking-machine	GAZE/creatureliness-finals/pages/s09-a08-ag08-9-0.html
1	looking-machine	GAZE/creatureliness-finals/pages/s09-a07-ag07-9-0.html
1	looking-machine	GAZE/creatureliness-finals/pages/s09-a06-ag06-9-0.html
1	looking-machine	GAZE/creatureliness-finals/pages/s09-a05-ag05-9-0.html
1	looking-machine	GAZE/creatureliness-finals/pages/s09-a04-ag04-9-0.html
1	looking-machine	GAZE/creatureliness-finals/pages/s09-a03-ag03-9-0.html
1	looking-machine	GAZE/creatureliness-finals/pages/s09-a02-ag02-9-0.html
1	looking-machine	GAZE/creatureliness-finals/pages/s09-a01-ag01-9-0.html
1	looking-machine	GAZE/creatureliness-finals/pages/s08-a10-ag10-8-0.html
1	looking-machine	GAZE/creatureliness-finals/pages/s08-a09-ag09-8-0.html
1	looking-machine	GAZE/creatureliness-finals/pages/s08-a08-ag08-8-0.html
1	looking-machine	GAZE/creatureliness-finals/pages/s08-a07-ag07-8-0.html
1	looking-machine	GAZE/creatureliness-finals/pages/s08-a06-ag06-8-0.html
1	looking-machine	GAZE/creatureliness-finals/pages/s08-a05-ag05-8-0.html
1	looking-machine	GAZE/creatureliness-finals/pages/s08-a04-ag04-8-0.html
1	looking-machine	GAZE/creatureliness-finals/pages/s08-a03-ag03-8-0.html
1	looking-machine	GAZE/creatureliness-finals/pages/s08-a02-ag02-8-0.html
1	looking-machine	GAZE/creatureliness-finals/pages/s08-a01-ag01-8-0.html
1	looking-machine	GAZE/creatureliness-finals/pages/s07-a10-ag10-7-0.html
1	looking-machine	GAZE/creatureliness-finals/pages/s07-a09-ag09-7-0.html
1	looking-machine	GAZE/creatureliness-finals/pages/s07-a08-ag08-7-0.html
1	looking-machine	GAZE/creatureliness-finals/pages/s07-a07-ag07-7-0.html
1	looking-machine	GAZE/creatureliness-finals/pages/s07-a06-ag06-7-0.html
1	looking-machine	GAZE/creatureliness-finals/pages/s07-a05-ag05-7-0.html
1	looking-machine	GAZE/creatureliness-finals/pages/s07-a04-ag04-7-0.html
1	looking-machine	GAZE/creatureliness-finals/pages/s07-a03-ag03-7-0.html
1	looking-machine	GAZE/creatureliness-finals/pages/s07-a02-ag02-7-0.html
1	looking-machine	GAZE/creatureliness-finals/pages/s07-a01-ag01-7-0.html
1	looking-machine	GAZE/creatureliness-finals/pages/s06-a10-ag10-6-0.html
1	looking-machine	GAZE/creatureliness-finals/pages/s06-a09-ag09-6-0.html
1	looking-machine	GAZE/creatureliness-finals/pages/s06-a08-ag08-6-0.html
1	looking-machine	GAZE/creatureliness-finals/pages/s06-a07-ag07-6-0.html
1	looking-machine	GAZE/creatureliness-finals/pages/s06-a06-ag06-6-0.html
1	looking-machine	GAZE/creatureliness-finals/pages/s06-a05-ag05-6-0.html
1	looking-machine	GAZE/creatureliness-finals/pages/s06-a04-ag04-6-0.html
1	looking-machine	GAZE/creatureliness-finals/pages/s06-a03-ag03-6-0.html
1	looking-machine	GAZE/creatureliness-finals/pages/s06-a02-ag02-6-0.html
1	looking-machine	GAZE/creatureliness-finals/pages/s06-a01-ag01-6-0.html
1	looking-machine	GAZE/creatureliness-finals/pages/s05-a10-ag10-5-0.html
1	looking-machine	GAZE/creatureliness-finals/pages/s05-a09-ag09-5-0.html
1	looking-machine	GAZE/creatureliness-finals/pages/s05-a08-ag08-5-0.html
1	looking-machine	GAZE/creatureliness-finals/pages/s05-a07-ag07-5-0.html
1	looking-machine	GAZE/creatureliness-finals/pages/s05-a06-ag06-5-0.html
1	looking-machine	GAZE/creatureliness-finals/pages/s05-a05-ag05-5-0.html
1	looking-machine	GAZE/creatureliness-finals/pages/s05-a04-ag04-5-0.html
1	looking-machine	GAZE/creatureliness-finals/pages/s05-a03-ag03-5-0.html
1	looking-machine	GAZE/creatureliness-finals/pages/s05-a02-ag02-5-0.html
1	looking-machine	GAZE/creatureliness-finals/pages/s05-a01-ag01-5-0.html
1	looking-machine	GAZE/creatureliness-finals/pages/s04-a10-ag10-4-0.html
1	looking-machine	GAZE/creatureliness-finals/pages/s04-a09-ag09-4-0.html
1	looking-machine	GAZE/creatureliness-finals/pages/s04-a08-ag08-4-0.html
1	looking-machine	GAZE/creatureliness-finals/pages/s04-a07-ag07-4-0.html
1	looking-machine	GAZE/creatureliness-finals/pages/s04-a06-ag06-4-0.html
1	looking-machine	GAZE/creatureliness-finals/pages/s04-a05-ag05-4-0.html
1	looking-machine	GAZE/creatureliness-finals/pages/s04-a04-ag04-4-0.html
1	looking-machine	GAZE/creatureliness-finals/pages/s04-a03-ag03-4-0.html
1	looking-machine	GAZE/creatureliness-finals/pages/s04-a02-ag02-4-0.html
1	looking-machine	GAZE/creatureliness-finals/pages/s04-a01-ag01-4-0.html
1	looking-machine	GAZE/creatureliness-finals/pages/s03-a10-ag10-3-0.html
1	looking-machine	GAZE/creatureliness-finals/pages/s03-a09-ag09-3-0.html
1	looking-machine	GAZE/creatureliness-finals/pages/s03-a08-ag08-3-0.html
1	looking-machine	GAZE/creatureliness-finals/pages/s03-a07-ag07-3-0.html
1	looking-machine	GAZE/creatureliness-finals/pages/s03-a06-ag06-3-0.html
1	looking-machine	GAZE/creatureliness-finals/pages/s03-a05-ag05-3-0.html
1	looking-machine	GAZE/creatureliness-finals/pages/s03-a04-ag04-3-0.html
1	looking-machine	GAZE/creatureliness-finals/pages/s03-a03-ag03-3-0.html
1	looking-machine	GAZE/creatureliness-finals/pages/s03-a02-ag02-3-0.html
1	looking-machine	GAZE/creatureliness-finals/pages/s03-a01-ag01-3-0.html
1	looking-machine	GAZE/creatureliness-finals/pages/s02-a10-ag10-2-0.html
1	looking-machine	GAZE/creatureliness-finals/pages/s02-a09-ag09-2-0.html
1	looking-machine	GAZE/creatureliness-finals/pages/s02-a08-ag08-2-0.html
1	looking-machine	GAZE/creatureliness-finals/pages/s02-a07-ag07-2-0.html
1	looking-machine	GAZE/creatureliness-finals/pages/s02-a06-ag06-2-0.html
1	looking-machine	GAZE/creatureliness-finals/pages/s02-a05-ag05-2-0.html
1	looking-machine	GAZE/creatureliness-finals/pages/s02-a04-ag04-2-0.html
1	looking-machine	GAZE/creatureliness-finals/pages/s02-a03-ag03-2-0.html
1	looking-machine	GAZE/creatureliness-finals/pages/s02-a02-ag02-2-0.html
1	looking-machine	GAZE/creatureliness-finals/pages/s02-a01-ag01-2-0.html
1	looking-machine	GAZE/creatureliness-finals/pages/s01-a10-ag10-1-0.html
1	looking-machine	GAZE/creatureliness-finals/pages/s01-a09-ag09-1-0.html
1	looking-machine	GAZE/creatureliness-finals/pages/s01-a08-ag08-1-0.html
1	looking-machine	GAZE/creatureliness-finals/pages/s01-a07-ag07-1-0.html
1	looking-machine	GAZE/creatureliness-finals/pages/s01-a06-ag06-1-0.html
1	looking-machine	GAZE/creatureliness-finals/pages/s01-a05-ag05-1-0.html
1	looking-machine	GAZE/creatureliness-finals/pages/s01-a04-ag04-1-0.html
1	looking-machine	GAZE/creatureliness-finals/pages/s01-a03-ag03-1-0.html
1	looking-machine	GAZE/creatureliness-finals/pages/s01-a02-ag02-1-0.html
1	looking-machine	GAZE/creatureliness-finals/pages/s01-a01-ag01-1-0.html
1	looking-machine	GAZE/creatureliness-finals/index.html
1	looking-machine	GAZE/bass.html
1	looking-machine	GAZE/10.html
1	looking-machine	GAZE/09.html
1	looking-machine	GAZE/08.html
1	looking-machine	GAZE/07.html
1	looking-machine	GAZE/06.html
1	looking-machine	GAZE/05.html
1	looking-machine	GAZE/04.html
1	looking-machine	GAZE/03.html
1	looking-machine	GAZE/02.html
1	looking-machine	GAZE/01.html
1	looking-machine	FUSE/owe7.html
1	looking-machine	FUSE/owe6.html
1	looking-machine	FUSE/owe5.html
1	looking-machine	FUSE/owe4.html
1	looking-machine	FUSE/owe3.html
1	looking-machine	FUSE/owe2.html
1	looking-machine	FUSE/owe-1.html
1	looking-machine	FUSE/m4.html
1	looking-machine	FUSE/m2.html
1	looking-machine	FUSE/m1.html
1	looking-machine	FUSE/iyex.html
1	looking-machine	FUSE/iyeti.html
1	looking-machine	FUSE/ipflex.html
1	looking-machine	FUSE/ip-flex-free.html
1	looking-machine	FUSE/ip-flex-free-10.html
1	looking-machine	FUSE/ip-flex-free-09.html
1	looking-machine	FUSE/ip-flex-free-08.html
1	looking-machine	FUSE/ip-flex-free-07.html
1	looking-machine	FUSE/ip-flex-free-06.html
1	looking-machine	FUSE/ip-flex-free-05.html
1	looking-machine	FUSE/ip-flex-free-04.html
1	looking-machine	FUSE/ip-flex-free-03.html
1	looking-machine	FUSE/ip-flex-free-02.html
1	looking-machine	FUSE/ip-flex-02.html
1	looking-machine	FUSE/index.html
1	looking-machine	FUSE/ilex.html
1	looking-machine	FUSE/ibex.html
1	looking-machine	FUSE/gs4.html
1	looking-machine	FUSE/gs3.html
1	looking-machine	FUSE/gs2.html
1	looking-machine	FUSE/gs2-plus.html
1	looking-machine	FUSE/gs2-core.html
1	looking-machine	FUSE/gs2-base.html
1	looking-machine	FUSE/gs1.html
1	looking-machine	FUSE/gs-dev.html
1	looking-machine	FUSE/gm9.html
1	looking-machine	FUSE/gm8.html
1	looking-machine	FUSE/gm7.html
1	looking-machine	FUSE/gm6.html
1	looking-machine	FUSE/gm5.html
1	looking-machine	FUSE/gm4.html
1	looking-machine	FUSE/gm3.html
1	looking-machine	FUSE/gm2.html
1	looking-machine	FUSE/gm10.html
1	looking-machine	FUSE/gm1.html
1	looking-machine	FUSE/gm-ooo.html
1	looking-machine	FUSE/gg2.html
1	looking-machine	FUSE/gg1.html
1	looking-machine	FUSE/gf5.html
1	looking-machine	FUSE/gf4.html
1	looking-machine	FUSE/gf3.html
1	looking-machine	FUSE/gf2.html
1	looking-machine	FUSE/gf1.html
1	looking-machine	FUSE/g9.html
1	looking-machine	FUSE/g8.html
1	looking-machine	FUSE/g7.html
1	looking-machine	FUSE/g6.html
1	looking-machine	FUSE/g5.html
1	looking-machine	FUSE/g4.html
1	looking-machine	FUSE/g3.html
1	looking-machine	FUSE/g2.html
1	looking-machine	FUSE/g13.html
1	looking-machine	FUSE/g12.html
1	looking-machine	FUSE/g11.html
1	looking-machine	FUSE/g10.html
1	looking-machine	FUSE/g1.html
1	looking-machine	FUSE/fu9.html
1	looking-machine	FUSE/fu8.html
1	looking-machine	FUSE/fu7.html
1	looking-machine	FUSE/fu6.html
1	looking-machine	FUSE/fu5.html
1	looking-machine	FUSE/fu4.html
1	looking-machine	FUSE/fu3.html
1	looking-machine	FUSE/fu2.html
1	looking-machine	FUSE/fu11.html
1	looking-machine	FUSE/fu10.html
1	looking-machine	FUSE/fu1.html
1	looking-machine	FUSE/f7.html
1	looking-machine	FUSE/f6.html
1	looking-machine	FUSE/f5.html
1	looking-machine	FUSE/f4.html
1	looking-machine	FUSE/f3.html
1	looking-machine	FUSE/f2.html
1	looking-machine	FUSE/f1.html
1	looking-machine	FUSE/extract_html_titles.py
1	looking-machine	FUSE/ecd9.html
1	looking-machine	FUSE/ecd8.html
1	looking-machine	FUSE/ecd7.html
1	looking-machine	FUSE/ecd6.html
1	looking-machine	FUSE/ecd5.html
1	looking-machine	FUSE/ecd4.html
1	looking-machine	FUSE/ecd3.html
1	looking-machine	FUSE/ecd23.html
1	looking-machine	FUSE/ecd22.html
1	looking-machine	FUSE/ecd21.html
1	looking-machine	FUSE/ecd20.html
1	looking-machine	FUSE/ecd2.html
1	looking-machine	FUSE/ecd19.html
1	looking-machine	FUSE/ecd18.html
1	looking-machine	FUSE/ecd17.html
1	looking-machine	FUSE/ecd16.html
1	looking-machine	FUSE/ecd15.html
1	looking-machine	FUSE/ecd14.html
1	looking-machine	FUSE/ecd13.html
1	looking-machine	FUSE/ecd12.html
1	looking-machine	FUSE/ecd11.html
1	looking-machine	FUSE/ecd10.html
1	looking-machine	FUSE/ecd1.html
1	looking-machine	FUSE/ecd-u5.html
1	looking-machine	FUSE/ecd-u4.html
1	looking-machine	FUSE/ecd-u3.html
1	looking-machine	FUSE/ecd-u2.html
1	looking-machine	FUSE/ecd-u1.html
1	looking-machine	FUSE/ecd-fu-odd.html
1	looking-machine	ETHICS INFRASTRUCTURE/paper.html
1	looking-machine	ETHICS INFRASTRUCTURE/index.html
1	looking-machine	ETHICS INFRASTRUCTURE/hub-of-hubs.html
1	looking-machine	ETHICS INFRASTRUCTURE/ethics_infra_hub (7).html
1	looking-machine	ETHICS INFRASTRUCTURE/ethics_infra_hub (6).html
1	looking-machine	ETHICS INFRASTRUCTURE/ethics_infra_hub (5).html
1	looking-machine	ETHICS INFRASTRUCTURE/ethics_infra_hub (4).html
1	looking-machine	ETHICS INFRASTRUCTURE/ethics_infra_hub (3).html
1	looking-machine	ETHICS INFRASTRUCTURE/ethics_infra_hub (2).html
1	looking-machine	ETHICS INFRASTRUCTURE/ethics_infra_hub (1).html
1	looking-machine	ETHICS INFRASTRUCTURE/bindex.html
1	looking-machine	EOS/operating-system/index.html
1	looking-machine	EOS/operating-system/games/tide-turner/parent/index.html
1	looking-machine	EOS/operating-system/games/tide-turner/child_ttl1/index.html
1	looking-machine	EOS/operating-system/games/sky-lantern-relay/parent/index.html
1	looking-machine	EOS/operating-system/games/sky-lantern-relay/child_ttl1/index.html
1	looking-machine	EOS/operating-system/games/lumen-loom/parent/index.html
1	looking-machine	EOS/operating-system/games/lumen-loom/child_ttl1/index.html
1	looking-machine	EOS/operating-system/games/echo-meadow/parent/index.html
1	looking-machine	EOS/operating-system/games/echo-meadow/child_ttl1/index.html
1	looking-machine	EOS/operating-system/games/bloom-orbit/parent/index.html
1	looking-machine	EOS/operating-system/games/bloom-orbit/child_ttl1/index.html
1	looking-machine	EOS/operating-system/games/aurora-chimes/parent/index.html
1	looking-machine	EOS/operating-system/games/aurora-chimes/child_ttl1/index.html
1	looking-machine	DYAD/tournament.html
1	looking-machine	DYAD/scan-assets.js
1	looking-machine	DYAD/reader.html
1	looking-machine	DYAD/parse-chapters-final-verdicts.js
1	looking-machine	DYAD/onyx-thumb.html
1	looking-machine	DYAD/mapping.html
1	looking-machine	DYAD/index.html
1	looking-machine	DYAD/generate_narratives_index.py
1	looking-machine	DYAD/generate-bracket.js
1	looking-machine	DYAD/extract-ontology.js
1	looking-machine	DYAD/create-chapter-folders.js
1	looking-machine	DYAD/bracket_diagnostic.py
1	looking-machine	DYAD/bracket.html
1	looking-machine	DYAD/analyze-themes.js
1	looking-machine	CAN/hyperclay.html
1	looking-machine	CAN/hyperclay-trex.html
1	looking-machine	CAN/hyperclay-trex-refined.html
1	looking-machine	CAN/hyperclay-trex-minimal.html
1	looking-machine	CAN/hyperclay-trex-color.html
1	looking-machine	CAN/hyperclay-studio.html
1	looking-machine	CAN/hyperclay-sonifier.html
1	looking-machine	CAN/hyperclay-rex.html
1	looking-machine	CAN/hyperclay-quad.html
1	looking-machine	CAN/hyperclay-index.html
1	looking-machine	CAN/hyperclay-edit.html
1	looking-machine	CAN/hyperclay-drex.html
1	looking-machine	CAN/hyperclay-deck.html
1	looking-machine	CAN/hyperclay-crispr.html
1	looking-machine	CAN/hyperclay-cinema.html
1	looking-machine	CAN/hyperclay-blend.html
1	looking-machine	2400_25/tools/export_structured.py
1	looking-machine	2400_25/tdl-03.html
1	looking-machine	2400_25/tdl-02.html
1	looking-machine	2400_25/tdl-01.html
1	looking-machine	2400_25/real-cal.html
1	looking-machine	2400_25/os-dope-00.html
1	looking-machine	2400_25/os-dope-00 copy.html
1	looking-machine	2400_25/mission-00.html
1	looking-machine	2400_25/lmc_2400_course_operating_system_os_interactive_prototype.jsx
1	looking-machine	2400_25/lmc2400_enculturation_timeline.html
1	looking-machine	2400_25/index.html
1	looking-machine	2400_25/f25-structured.html
1	looking-machine	2400_25/f25-01.html
1	looking-machine	2400_25/f25-00.html
1	looking-machine	2400_25/codex-export.html
1	looking-machine	2400_25/calendar-ticker.html
1	looking-machine	2400_25/bateson-03-good.html
1	looking-machine	2400_25/bateson-02.html
1	looking-machine	2400_25/bateson-01-BET.html
1	looking-machine	2400_25/arcas-04-lineage-game-clicky.html
1	looking-machine	2400_25/arcas-03-symbolic-biosphere.html
1	looking-machine	2400_25/arcas-02-victor-os-syntigration-timeline_GOOD.html
1	looking-machine	2400_25/arcas-01-agent-sim.html
1	looking-machine	2400_25/arcas-00.html
1	looking-machine	2400_25/app-template.html
1	liquid-bridge	neuro-optic.html
1	liquid-bridge	lindex.html
1	liquid-bridge	gindex.html
1	liquid-bridge	bridge.html
1	life-star	life-star/index.html
1	life-star	life-star/9.html
1	life-star	life-star/8.html
1	life-star	life-star/7.html
1	life-star	life-star/6.html
1	life-star	life-star/5.html
1	life-star	life-star/4.html
1	life-star	life-star/3.html
1	life-star	life-star/2.html
1	life-star	life-star/11.html
1	life-star	life-star/10.html
1	life-star	life-star/1.html
1	life-star	life-star.html
1	life-star	index.html
1	life-star	helicopter/index.html
1	life-star	helicopter/9.html
1	life-star	helicopter/8.html
1	life-star	helicopter/7.html
1	life-star	helicopter/6.html
1	life-star	helicopter/5.html
1	life-star	helicopter/4.html
1	life-star	helicopter/3.html
1	life-star	helicopter/2.html
1	life-star	helicopter/10.html
1	life-star	helicopter/1.html
1	life-star	helicopter.html
1	liberty-machines	vape-loop.html
1	liberty-machines	the-smoke-of-liberty.html
1	liberty-machines	sra-01.html
1	liberty-machines	sra-00.html
1	liberty-machines	pp-00.html
1	liberty-machines	map-01.html
1	liberty-machines	map-00.html
1	liberty-machines	lp-00.html
1	liberty-machines	index.html
1	liberty-machines	hw-00.html
1	liberty-machines	bs-01.html
1	liberty-machines	bs-00.html
1	liberty-machines	base-00.html
1	liberty-machines	Thank-You-For-Being-Free.html
1	leasing-vibes	watch-your-tone.html
1	leasing-vibes	prompt-viewer.html
1	leasing-vibes	mclu.html
1	leasing-vibes	mclu-01.html
1	leasing-vibes	mclu-00.html
1	leasing-vibes	index.html
1	leasing-vibes	image-viewer.html
1	leasing-vibes	geertz.html
1	latent-sculptor	tailwind.config.ts
1	latent-sculptor	src/lib/utils.ts
1	latent-sculptor	src/hooks/use-toast.ts
1	latent-sculptor	src/hooks/use-mobile.tsx
1	latent-sculptor	src/components/ui/tooltip.tsx
1	latent-sculptor	src/components/ui/toaster.tsx
1	latent-sculptor	src/components/ui/toast.tsx
1	latent-sculptor	src/components/ui/textarea.tsx
1	latent-sculptor	src/components/ui/tabs.tsx
1	latent-sculptor	src/components/ui/table.tsx
1	latent-sculptor	src/components/ui/switch.tsx
1	latent-sculptor	src/components/ui/slider.tsx
1	latent-sculptor	src/components/ui/sidebar.tsx
1	latent-sculptor	src/components/ui/sheet.tsx
1	latent-sculptor	src/components/ui/separator.tsx
1	latent-sculptor	src/components/ui/select.tsx
1	latent-sculptor	src/components/ui/scroll-area.tsx
1	latent-sculptor	src/components/ui/radio-group.tsx
1	latent-sculptor	src/components/ui/progress.tsx
1	latent-sculptor	src/components/ui/popover.tsx
1	latent-sculptor	src/components/ui/menubar.tsx
1	latent-sculptor	src/components/ui/label.tsx
1	latent-sculptor	src/components/ui/input.tsx
1	latent-sculptor	src/components/ui/form.tsx
1	latent-sculptor	src/components/ui/dropdown-menu.tsx
1	latent-sculptor	src/components/ui/dialog.tsx
1	latent-sculptor	src/components/ui/collapsible.tsx
1	latent-sculptor	src/components/ui/checkbox.tsx
1	latent-sculptor	src/components/ui/chart.tsx
1	latent-sculptor	src/components/ui/carousel.tsx
1	latent-sculptor	src/components/ui/card.tsx
1	latent-sculptor	src/components/ui/calendar.tsx
1	latent-sculptor	src/components/ui/button.tsx
1	latent-sculptor	src/components/ui/badge.tsx
1	latent-sculptor	src/components/ui/avatar.tsx
1	latent-sculptor	src/components/ui/alert.tsx
1	latent-sculptor	src/components/ui/alert-dialog.tsx
1	latent-sculptor	src/components/ui/accordion.tsx
1	latent-sculptor	next-env.d.ts
1	latent-sculptor	nanoid.d.ts
1	k2.html	xr2.html
1	k2.html	xr.html
1	k2.html	xr-os.html
1	k2.html	xr-os-16.html
1	k2.html	xr-os-15.html
1	k2.html	xr-os-14.html
1	k2.html	xr-os-12.html
1	k2.html	xr-os-11.html
1	k2.html	xr-os-10.html
1	k2.html	xr-os-09.html
1	k2.html	xr-os-07.html
1	k2.html	xr-os-06.html
1	k2.html	xr-os-05.html
1	k2.html	xr-os-04.html
1	k2.html	xr-os-03.html
1	k2.html	xr-os-02.html
1	k2.html	xr-os-01.html
1	k2.html	x2.html
1	k2.html	x1.html
1	k2.html	vfl-mo.html
1	k2.html	tz-270.html
1	k2.html	tonnetz.html
1	k2.html	taz.html
1	k2.html	scala-live.html
1	k2.html	rlm/rlm_local.py
1	k2.html	rlm/rlm_core.py
1	k2.html	rlm/rlm_cli.py
1	k2.html	rlm/playlist_agent.py
1	k2.html	rlm/midi_writer.py
1	k2.html	rlm/eno_reframer.py
1	k2.html	rlm/dataset_loaders.py
1	k2.html	rlm/composer.py
1	k2.html	op1.html
1	k2.html	ol-05.html
1	k2.html	ol-03.html
1	k2.html	ol-02.html
1	k2.html	ol-01.html
1	k2.html	lati.html
1	k2.html	latent-engine.html
1	k2.html	ibm2.html
1	k2.html	ibm.html
1	k2.html	hec-01.html
1	k2.html	gcr.html
1	k2.html	evo3.html
1	k2.html	evo.html
1	k2.html	ecr.html
1	k2.html	dcr.html
1	k2.html	crate-4.html
1	k2.html	crate-3.html
1	k2.html	crate-2.html
1	k2.html	crate-120.html
1	k2.html	chronos.html
1	k2.html	bfs.html
1	k2.html	atek.html
1	k2.html	a1.html
1	k2.html	a-shield.html
1	k2.html	88.html
1	jdb-ripple-remix	video-up-explorer.html
1	jdb-ripple-remix	tools/video_up_catalog.py
1	jdb-ripple-remix	system-core-instrument.html
1	jdb-ripple-remix	screening.html
1	jdb-ripple-remix	screening-minimal.html
1	jdb-ripple-remix	screen-min.html
1	jdb-ripple-remix	rrc-runtime.js
1	jdb-ripple-remix	rp-04.html
1	jdb-ripple-remix	rp-03.html
1	jdb-ripple-remix	rp-02.html
1	jdb-ripple-remix	ripples-integrated.html
1	jdb-ripple-remix	ripple-rrc.html
1	jdb-ripple-remix	ripple-llm-adapter.js
1	jdb-ripple-remix	ripple-core.html
1	jdb-ripple-remix	ripple-ai.js
1	jdb-ripple-remix	r-eng-02.html
1	jdb-ripple-remix	prompt-beta-causal.html
1	jdb-ripple-remix	promp-c-angel-trace.html
1	jdb-ripple-remix	ort.html
1	jdb-ripple-remix	moss.html
1	jdb-ripple-remix	moss-wings-bayesian.html
1	jdb-ripple-remix	moss-omni.html
1	jdb-ripple-remix	moss-om-reality-warper.html
1	jdb-ripple-remix	evo.html
1	jdb-ripple-remix	evo-03.html
1	jdb-ripple-remix	evo-02.html
1	jdb-ripple-remix	blue-orchid.html
1	jdb-ripple-remix	blue-orchid-super.html
1	jdb-ripple-remix	blue-orchid-cinematic-souls.html
1	itinerant-prompt	unified_almanack.html
1	itinerant-prompt	sovereign_almanack.html
1	itinerant-prompt	skeptical_almanack.html
1	itinerant-prompt	relational_almanack.html
1	itinerant-prompt	pluralistic_almanack.html
1	itinerant-prompt	operative_almanack.html
1	itinerant-prompt	index_backup.html
1	itinerant-prompt	index.html
1	itinerant-prompt	emergent_almanack.html
1	itinerant-prompt	civilization_almanack.html
1	itinerant-prompt	apple.html
1	itinerant-prompt	alman.html
1	itinerant-prompt	agentic_almanack.html
1	island-ecology	rcc-eco.html
1	island-ecology	rcc-eco-gnn.html
1	island-ecology	mobile.js
1	island-ecology	mobile.css
1	island-ecology	make_videos_v4.py
1	island-ecology	make_videos_v3.py
1	island-ecology	make_videos_v2.py
1	island-ecology	make_videos.py
1	island-ecology	index_of_indexes.html
1	island-ecology	ecology-engine.js
1	island-ecology	designer-fictionalizer.html
1	island-ecology	cmem.html
1	island-ecology	clinic.html
1	island-ecology	clinic-00.html
1	island-ecology	cheap-rcc.html
1	island-ecology	achilles_operator_manual_mobile.html
1	island-ecology	achilles-rlm-engine.html
1	island-ecology	achilles-rlm-cheap.html
1	island-ecology	achilles-photosphere-orchestra.html
1	island-ecology	BEES ON A TRAIN/train-engine.js
1	island-ecology	BEES ON A TRAIN/sim-engine.js
1	island-ecology	BEES ON A TRAIN/screenplay-director.js
1	island-ecology	BEES ON A TRAIN/route-engine.js
1	island-ecology	BEES ON A TRAIN/prism-engine.js
1	island-ecology	BEES ON A TRAIN/library-engine.js
1	island-ecology	BEES ON A TRAIN/jockey-engine.js
1	island-ecology	BEES ON A TRAIN/hive-logger.js
1	island-ecology	BEES ON A TRAIN/hive-engine.js
1	island-ecology	BEES ON A TRAIN/data.js
1	iran-sugarscape-scholars-canvas	index.html
1	iran-sugarscape-abm	iranian_sugarscape_abm_labeled_v_2_mfttu.html
1	iran-sugarscape-abm	Badindex.html
1	intron	owe7.html
1	intron	owe6.html
1	intron	owe5.html
1	intron	owe4.html
1	intron	owe3.html
1	intron	owe2.html
1	intron	owe-1.html
1	intron	m4.html
1	intron	m2.html
1	intron	m1.html
1	intron	iyex.html
1	intron	iyeti.html
1	intron	ipflex.html
1	intron	ip-flex-free.html
1	intron	ip-flex-free-10.html
1	intron	ip-flex-free-09.html
1	intron	ip-flex-free-08.html
1	intron	ip-flex-free-07.html
1	intron	ip-flex-free-06.html
1	intron	ip-flex-free-05.html
1	intron	ip-flex-free-04.html
1	intron	ip-flex-free-03.html
1	intron	ip-flex-free-02.html
1	intron	ip-flex-02.html
1	intron	index.html
1	intron	ilex.html
1	intron	ibex.html
1	intron	gs4.html
1	intron	gs3.html
1	intron	gs2.html
1	intron	gs2-plus.html
1	intron	gs2-core.html
1	intron	gs2-base.html
1	intron	gs1.html
1	intron	gs-dev.html
1	intron	gm9.html
1	intron	gm8.html
1	intron	gm7.html
1	intron	gm6.html
1	intron	gm5.html
1	intron	gm4.html
1	intron	gm3.html
1	intron	gm2.html
1	intron	gm10.html
1	intron	gm1.html
1	intron	gm-ooo.html
1	intron	gg2.html
1	intron	gg1.html
1	intron	gf5.html
1	intron	gf4.html
1	intron	gf3.html
1	intron	gf2.html
1	intron	gf1.html
1	intron	g9.html
1	intron	g8.html
1	intron	g7.html
1	intron	g6.html
1	intron	g5.html
1	intron	g4.html
1	intron	g3.html
1	intron	g2.html
1	intron	g13.html
1	intron	g12.html
1	intron	g11.html
1	intron	g10.html
1	intron	g1.html
1	intron	fu9.html
1	intron	fu8.html
1	intron	fu7.html
1	intron	fu6.html
1	intron	fu5.html
1	intron	fu4.html
1	intron	fu3.html
1	intron	fu2.html
1	intron	fu11.html
1	intron	fu10.html
1	intron	fu1.html
1	intron	f7.html
1	intron	f6.html
1	intron	f5.html
1	intron	f4.html
1	intron	f3.html
1	intron	f2.html
1	intron	f1.html
1	intron	extract_html_titles.py
1	intron	ecd9.html
1	intron	ecd8.html
1	intron	ecd7.html
1	intron	ecd6.html
1	intron	ecd5.html
1	intron	ecd4.html
1	intron	ecd3.html
1	intron	ecd23.html
1	intron	ecd22.html
1	intron	ecd21.html
1	intron	ecd20.html
1	intron	ecd2.html
1	intron	ecd19.html
1	intron	ecd18.html
1	intron	ecd17.html
1	intron	ecd16.html
1	intron	ecd15.html
1	intron	ecd14.html
1	intron	ecd13.html
1	intron	ecd12.html
1	intron	ecd11.html
1	intron	ecd10.html
1	intron	ecd1.html
1	intron	ecd-u5.html
1	intron	ecd-u4.html
1	intron	ecd-u3.html
1	intron	ecd-u2.html
1	intron	ecd-u1.html
1	intron	ecd-fu-odd.html
1	imc	Windex.html
1	imc	Kindex.html
1	imc	Bindex.html
1	hyperclay-editor	son-mod-19.html
1	hyperclay-editor	son-mod-18.html
1	hyperclay-editor	son-mod-17.html
1	hyperclay-editor	son-mod-16.html
1	hyperclay-editor	son-mod-15.html
1	hyperclay-editor	son-mod-14.html
1	hyperclay-editor	son-mod-13.html
1	hyperclay-editor	son-mod-12.html
1	hyperclay-editor	son-mod-11.html
1	hyperclay-editor	son-mod-10.html
1	hyperclay-editor	son-mod-09.html
1	hyperclay-editor	son-mod-08.html
1	hyperclay-editor	son-mod-07.html
1	hyperclay-editor	son-mod-06.html
1	hyperclay-editor	son-mod-04.html
1	hyperclay-editor	son-mod-03.html
1	hyperclay-editor	son-mod-02.html
1	hyperclay-editor	son-mod-01.html
1	hyperclay-editor	root2.html
1	hyperclay-editor	root-clay.html
1	hyperclay-editor	pca/victor-toolkit.js
1	hyperclay-editor	pca/title-sequence-template.js
1	hyperclay-editor	pca/tempo-os.html
1	hyperclay-editor	pca/tempo-os-victor-demo.html
1	hyperclay-editor	pca/surreal.html
1	hyperclay-editor	pca/surreal-os-victor-index.html
1	hyperclay-editor	pca/surreal-os-victor-index-old.html
1	hyperclay-editor	pca/style.css
1	hyperclay-editor	pca/scale-os-victor-demo.html
1	hyperclay-editor	pca/pca-01.html
1	hyperclay-editor	pca/morph-os-victor-demo.html
1	hyperclay-editor	pca/mirror-os.html
1	hyperclay-editor	pca/mirror-os-victor-demo.html
1	hyperclay-editor	pca/light-os-victor-demo.html
1	hyperclay-editor	pca/index.html
1	hyperclay-editor	pca/archive-os-victor-demo.html
1	hyperclay-editor	pca/app.js
1	hyperclay-editor	pca/anomaly-os-victor-demo.html
1	hyperclay-editor	index.html
1	hyperclay-editor	bluefoot/index.html
1	hyperclay-editor	bluefoot/exported-assets (7)/script_1.py
1	hyperclay-editor	bluefoot/exported-assets (7)/script.py
1	hyperclay-editor	bluefoot/exported-assets (7)/chart_script_2.py
1	hyperclay-editor	bluefoot/exported-assets (7)/chart_script_1.py
1	hyperclay-editor	bluefoot/exported-assets (7)/chart_script.py
1	hyperclay-editor	bluefoot/exported-assets (7) 2/script_1.py
1	hyperclay-editor	bluefoot/exported-assets (7) 2/script.py
1	hyperclay-editor	bluefoot/exported-assets (7) 2/chart_script_2.py
1	hyperclay-editor	bluefoot/exported-assets (7) 2/chart_script_1.py
1	hyperclay-editor	bluefoot/exported-assets (7) 2/chart_script.py
1	hyperclay-editor	bluefoot/ai_studio_code - 2025-09-26T095445.597.html
1	hyperclay-editor	bluefoot/ai_studio_code - 2025-09-26T094726.487.html
1	hyperclay-editor	bluefoot/ai_studio_code - 2025-09-26T094607.661.html
1	hyperclay-editor	VOLHOLLA_AIR/vols.html
1	hyperclay-editor	VOLHOLLA_AIR/vols-04.html
1	hyperclay-editor	VOLHOLLA_AIR/vols-03.html
1	hyperclay-editor	VOLHOLLA_AIR/vols-02.html
1	hyperclay-editor	VOLHOLLA_AIR/volholla_single_file_b_b_website_index.html
1	hyperclay-editor	VOLHOLLA_AIR/volholla_single_file_b_b_website_index (1).html
1	hyperclay-editor	VOLHOLLA_AIR/vol.html
1	hyperclay-editor	VOLHOLLA_AIR/index.html
1	hyperclay-editor	VOLHOLLA_AIR/exported-assets (9)/script_1.py
1	hyperclay-editor	VOLHOLLA_AIR/exported-assets (9)/script.py
1	hyperclay-editor	VOLHOLLA_AIR/exported-assets (9)/chart_script_1.py
1	hyperclay-editor	VOLHOLLA_AIR/exported-assets (9)/chart_script.py
1	hyperclay-editor	VOLHOLLA_AIR/exported-assets (8)/script_3.py
1	hyperclay-editor	VOLHOLLA_AIR/exported-assets (8)/script_2.py
1	hyperclay-editor	VOLHOLLA_AIR/exported-assets (8)/script_1.py
1	hyperclay-editor	VOLHOLLA_AIR/exported-assets (8)/script.py
1	hyperclay-editor	VOLHOLLA_AIR/exported-assets (8)/chart_script.py
1	hyperclay-editor	VOLHOLLA_AIR/exported-assets (10)/style.css
1	hyperclay-editor	VOLHOLLA_AIR/exported-assets (10)/index.html
1	hyperclay-editor	VOLHOLLA_AIR/exported-assets (10)/app.js
1	hyperclay-editor	VOLHOLLA_AIR/analysis.html
1	hyperclay-editor	PROMPT COMPOSER/PC_PRIME/prompt-chain-lab.html
1	hyperclay-editor	POTTERS_WHEEL/unthinkable_media_engine_single_file_html_atlantis_edition_BET.html
1	hyperclay-editor	POTTERS_WHEEL/temporal_sculptor_gear_editor_web_m_export.html
1	hyperclay-editor	POTTERS_WHEEL/temporal_sculptor_gear_editor_web_m_export (6).html
1	hyperclay-editor	POTTERS_WHEEL/temporal_sculptor_gear_editor_web_m_export (5).html
1	hyperclay-editor	POTTERS_WHEEL/temporal_sculptor_gear_editor_web_m_export (4).html
1	hyperclay-editor	POTTERS_WHEEL/temporal_sculptor_gear_editor_web_m_export (3).html
1	hyperclay-editor	POTTERS_WHEEL/temporal_sculptor_gear_editor_web_m_export (2).html
1	hyperclay-editor	POTTERS_WHEEL/temporal_sculptor_gear_editor_web_m_export (1).html
1	hyperclay-editor	POTTERS_WHEEL/prime_inception_medium_poml_runner_single_file_html.html
1	hyperclay-editor	POTTERS_WHEEL/prime_inception_medium_poml_runner_single_file_html (5).html
1	hyperclay-editor	POTTERS_WHEEL/prime_inception_medium_poml_runner_single_file_html (4).html
1	hyperclay-editor	POTTERS_WHEEL/prime_inception_medium_poml_runner_single_file_html (2).html
1	hyperclay-editor	POTTERS_WHEEL/prime_inception_medium_poml_runner_single_file_html (1).html
1	hyperclay-editor	POTTERS_WHEEL/prime_inception_medium_poml_runner_single_file_BET.html
1	hyperclay-editor	POTTERS_WHEEL/morphic_mergefield_mobile_canvas_prototype_html_css_js_single_file_BET.html
1	hyperclay-editor	POTTERS_WHEEL/morphic_mergefield_mobile_canvas_prototype_html_css_js_single_file_1_BET.html
1	hyperclay-editor	POTTERS_WHEEL/morphic_mergefield_mobile_canvas_prototype_html_css_js_single_file (2).html
1	hyperclay-editor	POTTERS_WHEEL/main_gear_film_engine_v_2-BET.html
1	hyperclay-editor	POTTERS_WHEEL/main_gear_film_engine_pro_arc_mix_controls.html
1	hyperclay-editor	POTTERS_WHEEL/index_minimal.html
1	hyperclay-editor	POTTERS_WHEEL/index.html
1	hyperclay-editor	POTTERS_WHEEL/hyperclay_mobile_mixer_single_file_html_works_with_real_video-blob-BET.html
1	hyperclay-editor	POTTERS_WHEEL/hyperclay_mobile_mixer_single_file_html_works_with_real_video-BET.html
1	hyperclay-editor	POTTERS_WHEEL/hyperclay_mobile_mixer_single_file_html_works_with_real_video (4).html
1	hyperclay-editor	POTTERS_WHEEL/hyperclay_mobile_mixer_single_file_html_works_with_real_video (3).html
1	hyperclay-editor	POTTERS_WHEEL/hyperclay_mobile_mixer_single_file_html_works_with_real_video (2).html
1	hyperclay-editor	POTTERS_WHEEL/hyperclay_fusion_wheel_option_2_prototype_mobile_single_file_BBET.html
1	hyperclay-editor	POTTERS_WHEEL/hyperclay_fusion_wheel_option_2_prototype_mobile_single_file (1).html
1	hyperclay-editor	POTTERS_WHEEL/hyperclay_fusion_wheel_option_2_linear_export_hi_q_sonic_haptic-BETTER.html
1	hyperclay-editor	POTTERS_WHEEL/hyperclay_fusion_wheel_option_2_all_out_poc_ok.html
1	hyperclay-editor	POTTERS_WHEEL/hyperclay_fusion_wheel_option_2_all_out_poc.html
1	hyperclay-editor	POTTERS_WHEEL/hyperclay_fusion_wheel_option_2_all_out_poc (6).html
1	hyperclay-editor	POTTERS_WHEEL/hyperclay_fusion_wheel_option_2_all_out_poc (5).html
1	hyperclay-editor	POTTERS_WHEEL/hyperclay_fusion_wheel_option_2_all_out_poc (4).html
1	hyperclay-editor	POTTERS_WHEEL/hyperclay_fusion_wheel_option_2_all_out_poc (3).html
1	hyperclay-editor	POTTERS_WHEEL/hyperclay_fusion_wheel_option_2_all_out_poc (2).html
1	hyperclay-editor	POTTERS_WHEEL/hyperclay_fusion_wheel_option_2_all_out_poc (1).html
1	hyperclay-editor	POTTERS_WHEEL/hyperclay_fusion_wheel_3_d_mvp_single_file_GREAT.html
1	hyperclay-editor	POTTERS_WHEEL/hyperclay_fusion_wheel_3_d_mvp_single_file-coulda-been.html
1	hyperclay-editor	POTTERS_WHEEL/hyperclay_fusion_wheel_3_d_mvp_single_file-1-BET.html
1	hyperclay-editor	POTTERS_WHEEL/hyperclay_fusion_wheel_3_d_mvp_prototype.html
1	hyperclay-editor	POTTERS_WHEEL/hyperclay_fusion_wheel_3_d_mobile_editor_single_file_html_css_js.html
1	hyperclay-editor	POTTERS_WHEEL/hyperclay_fusion_wheel_3_d_mobile_editor_single_file_html_css_js (1).html
1	hyperclay-editor	POTTERS_WHEEL/gear_narrative_engine_script_wheels_fountain_fdx_import_bet.html
1	hyperclay-editor	POTTERS_WHEEL/gear_narrative_engine_script_wheels_fountain_fdx_import.html
1	hyperclay-editor	POTTERS_WHEEL/gear_narrative_engine_full_send_single_file-BET.html
1	hyperclay-editor	POTTERS_WHEEL/gear_narrative_engine_arc_sequencer_normal_output_16_9-BET.html
1	hyperclay-editor	POTTERS_WHEEL/gear_narrative_engine_arc_sequencer_mechanical_nle.html
1	hyperclay-editor	POTTERS_WHEEL/gear_editing_canvas.html
1	hyperclay-editor	POTTERS_WHEEL/gear_editing_canvas (4).html
1	hyperclay-editor	POTTERS_WHEEL/gear_editing_canvas (3).html
1	hyperclay-editor	POTTERS_WHEEL/gear_editing_canvas (2).html
1	hyperclay-editor	POTTERS_WHEEL/gear_editing_canvas (1).html
1	hyperclay-editor	POTTERS_WHEEL/cinome_sculpting_chamber_mobile_no_deps.html
1	hyperclay-editor	POTTERS_WHEEL/cinome_sculpting_chamber_centered_infinity_mobile_no_deps.html
1	hyperclay-editor	POTTERS_WHEEL/cinematic_data_wall_tetrad_edition_mobile_no_deps.html
1	hyperclay-editor	POTTERS_WHEEL/cinematic_data_wall_helix_weave_mobile_no_deps.html
1	hyperclay-editor	POTTERS_WHEEL/cinematic_data_wall_editor_mobile_v_0.html
1	hyperclay-editor	POTTERS_WHEEL/cinematic_data_wall_editor_mobile_single_file_no_deps.html
1	hyperclay-editor	POTTERS_WHEEL/cinematic_data_wall_editor_mobile_single_file_no_deps (1).html
1	hyperclay-editor	FUSE/owe7.html
1	hyperclay-editor	FUSE/owe6.html
1	hyperclay-editor	FUSE/owe5.html
1	hyperclay-editor	FUSE/owe4.html
1	hyperclay-editor	FUSE/owe3.html
1	hyperclay-editor	FUSE/owe2.html
1	hyperclay-editor	FUSE/owe-1.html
1	hyperclay-editor	FUSE/m4.html
1	hyperclay-editor	FUSE/m2.html
1	hyperclay-editor	FUSE/m1.html
1	hyperclay-editor	FUSE/iyex.html
1	hyperclay-editor	FUSE/iyeti.html
1	hyperclay-editor	FUSE/ipflex.html
1	hyperclay-editor	FUSE/ip-flex-free.html
1	hyperclay-editor	FUSE/ip-flex-free-10.html
1	hyperclay-editor	FUSE/ip-flex-free-09.html
1	hyperclay-editor	FUSE/ip-flex-free-08.html
1	hyperclay-editor	FUSE/ip-flex-free-07.html
1	hyperclay-editor	FUSE/ip-flex-free-06.html
1	hyperclay-editor	FUSE/ip-flex-free-05.html
1	hyperclay-editor	FUSE/ip-flex-free-04.html
1	hyperclay-editor	FUSE/ip-flex-free-03.html
1	hyperclay-editor	FUSE/ip-flex-free-02.html
1	hyperclay-editor	FUSE/ip-flex-02.html
1	hyperclay-editor	FUSE/index.html
1	hyperclay-editor	FUSE/ilex.html
1	hyperclay-editor	FUSE/ibex.html
1	hyperclay-editor	FUSE/gs4.html
1	hyperclay-editor	FUSE/gs3.html
1	hyperclay-editor	FUSE/gs2.html
1	hyperclay-editor	FUSE/gs2-plus.html
1	hyperclay-editor	FUSE/gs2-core.html
1	hyperclay-editor	FUSE/gs2-base.html
1	hyperclay-editor	FUSE/gs1.html
1	hyperclay-editor	FUSE/gs-dev.html
1	hyperclay-editor	FUSE/gm9.html
1	hyperclay-editor	FUSE/gm8.html
1	hyperclay-editor	FUSE/gm7.html
1	hyperclay-editor	FUSE/gm6.html
1	hyperclay-editor	FUSE/gm5.html
1	hyperclay-editor	FUSE/gm4.html
1	hyperclay-editor	FUSE/gm3.html
1	hyperclay-editor	FUSE/gm2.html
1	hyperclay-editor	FUSE/gm10.html
1	hyperclay-editor	FUSE/gm1.html
1	hyperclay-editor	FUSE/gm-ooo.html
1	hyperclay-editor	FUSE/gg2.html
1	hyperclay-editor	FUSE/gg1.html
1	hyperclay-editor	FUSE/gf5.html
1	hyperclay-editor	FUSE/gf4.html
1	hyperclay-editor	FUSE/gf3.html
1	hyperclay-editor	FUSE/gf2.html
1	hyperclay-editor	FUSE/gf1.html
1	hyperclay-editor	FUSE/g9.html
1	hyperclay-editor	FUSE/g8.html
1	hyperclay-editor	FUSE/g7.html
1	hyperclay-editor	FUSE/g6.html
1	hyperclay-editor	FUSE/g5.html
1	hyperclay-editor	FUSE/g4.html
1	hyperclay-editor	FUSE/g3.html
1	hyperclay-editor	FUSE/g2.html
1	hyperclay-editor	FUSE/g13.html
1	hyperclay-editor	FUSE/g12.html
1	hyperclay-editor	FUSE/g11.html
1	hyperclay-editor	FUSE/g10.html
1	hyperclay-editor	FUSE/g1.html
1	hyperclay-editor	FUSE/fu9.html
1	hyperclay-editor	FUSE/fu8.html
1	hyperclay-editor	FUSE/fu7.html
1	hyperclay-editor	FUSE/fu6.html
1	hyperclay-editor	FUSE/fu5.html
1	hyperclay-editor	FUSE/fu4.html
1	hyperclay-editor	FUSE/fu3.html
1	hyperclay-editor	FUSE/fu2.html
1	hyperclay-editor	FUSE/fu11.html
1	hyperclay-editor	FUSE/fu10.html
1	hyperclay-editor	FUSE/fu1.html
1	hyperclay-editor	FUSE/f7.html
1	hyperclay-editor	FUSE/f6.html
1	hyperclay-editor	FUSE/f5.html
1	hyperclay-editor	FUSE/f4.html
1	hyperclay-editor	FUSE/f3.html
1	hyperclay-editor	FUSE/f2.html
1	hyperclay-editor	FUSE/f1.html
1	hyperclay-editor	FUSE/extract_html_titles.py
1	hyperclay-editor	FUSE/ecd9.html
1	hyperclay-editor	FUSE/ecd8.html
1	hyperclay-editor	FUSE/ecd7.html
1	hyperclay-editor	FUSE/ecd6.html
1	hyperclay-editor	FUSE/ecd5.html
1	hyperclay-editor	FUSE/ecd4.html
1	hyperclay-editor	FUSE/ecd3.html
1	hyperclay-editor	FUSE/ecd23.html
1	hyperclay-editor	FUSE/ecd22.html
1	hyperclay-editor	FUSE/ecd21.html
1	hyperclay-editor	FUSE/ecd20.html
1	hyperclay-editor	FUSE/ecd2.html
1	hyperclay-editor	FUSE/ecd19.html
1	hyperclay-editor	FUSE/ecd18.html
1	hyperclay-editor	FUSE/ecd17.html
1	hyperclay-editor	FUSE/ecd16.html
1	hyperclay-editor	FUSE/ecd15.html
1	hyperclay-editor	FUSE/ecd14.html
1	hyperclay-editor	FUSE/ecd13.html
1	hyperclay-editor	FUSE/ecd12.html
1	hyperclay-editor	FUSE/ecd11.html
1	hyperclay-editor	FUSE/ecd10.html
1	hyperclay-editor	FUSE/ecd1.html
1	hyperclay-editor	FUSE/ecd-u5.html
1	hyperclay-editor	FUSE/ecd-u4.html
1	hyperclay-editor	FUSE/ecd-u3.html
1	hyperclay-editor	FUSE/ecd-u2.html
1	hyperclay-editor	FUSE/ecd-u1.html
1	hyperclay-editor	FUSE/ecd-fu-odd.html
1	hyperclay-editor	EOS/operating-system/index.html
1	hyperclay-editor	EOS/operating-system/games/tide-turner/parent/index.html
1	hyperclay-editor	EOS/operating-system/games/tide-turner/child_ttl1/index.html
1	hyperclay-editor	EOS/operating-system/games/sky-lantern-relay/parent/index.html
1	hyperclay-editor	EOS/operating-system/games/sky-lantern-relay/child_ttl1/index.html
1	hyperclay-editor	EOS/operating-system/games/lumen-loom/parent/index.html
1	hyperclay-editor	EOS/operating-system/games/lumen-loom/child_ttl1/index.html
1	hyperclay-editor	EOS/operating-system/games/echo-meadow/parent/index.html
1	hyperclay-editor	EOS/operating-system/games/echo-meadow/child_ttl1/index.html
1	hyperclay-editor	EOS/operating-system/games/bloom-orbit/parent/index.html
1	hyperclay-editor	EOS/operating-system/games/bloom-orbit/child_ttl1/index.html
1	hyperclay-editor	EOS/operating-system/games/aurora-chimes/parent/index.html
1	hyperclay-editor	EOS/operating-system/games/aurora-chimes/child_ttl1/index.html
1	hyperclay-editor	CAN/hyperclay.html
1	hyperclay-editor	CAN/hyperclay-trex.html
1	hyperclay-editor	CAN/hyperclay-trex-refined.html
1	hyperclay-editor	CAN/hyperclay-trex-minimal.html
1	hyperclay-editor	CAN/hyperclay-trex-color.html
1	hyperclay-editor	CAN/hyperclay-studio.html
1	hyperclay-editor	CAN/hyperclay-sonifier.html
1	hyperclay-editor	CAN/hyperclay-rex.html
1	hyperclay-editor	CAN/hyperclay-quad.html
1	hyperclay-editor	CAN/hyperclay-index.html
1	hyperclay-editor	CAN/hyperclay-edit.html
1	hyperclay-editor	CAN/hyperclay-drex.html
1	hyperclay-editor	CAN/hyperclay-deck.html
1	hyperclay-editor	CAN/hyperclay-crispr.html
1	hyperclay-editor	CAN/hyperclay-cinema.html
1	hyperclay-editor	CAN/hyperclay-blend.html
1	hyperclay-editor	2400_25/tools/export_structured.py
1	hyperclay-editor	2400_25/tdl-03.html
1	hyperclay-editor	2400_25/tdl-02.html
1	hyperclay-editor	2400_25/tdl-01.html
1	hyperclay-editor	2400_25/real-cal.html
1	hyperclay-editor	2400_25/os-dope-00.html
1	hyperclay-editor	2400_25/os-dope-00 copy.html
1	hyperclay-editor	2400_25/mission-00.html
1	hyperclay-editor	2400_25/lmc_2400_course_operating_system_os_interactive_prototype.jsx
1	hyperclay-editor	2400_25/lmc2400_enculturation_timeline.html
1	hyperclay-editor	2400_25/index.html
1	hyperclay-editor	2400_25/f25-structured.html
1	hyperclay-editor	2400_25/f25-01.html
1	hyperclay-editor	2400_25/f25-00.html
1	hyperclay-editor	2400_25/codex-export.html
1	hyperclay-editor	2400_25/calendar-ticker.html
1	hyperclay-editor	2400_25/bateson-03-good.html
1	hyperclay-editor	2400_25/bateson-02.html
1	hyperclay-editor	2400_25/bateson-01-BET.html
1	hyperclay-editor	2400_25/arcas-04-lineage-game-clicky.html
1	hyperclay-editor	2400_25/arcas-03-symbolic-biosphere.html
1	hyperclay-editor	2400_25/arcas-02-victor-os-syntigration-timeline_GOOD.html
1	hyperclay-editor	2400_25/arcas-01-agent-sim.html
1	hyperclay-editor	2400_25/arcas-00.html
1	hyperclay-editor	2400_25/app-template.html
1	human-as-media	explorer.html
1	holo-project	viewer-app.js
1	holo-project	thousand-tetrad.html
1	holo-project	rfi.html
1	holo-project	projection-viewer.html
1	holo-project	projection-viewer-v2.html
1	holo-project	projection-viewer-core.js
1	holo-project	nd-back-02.html
1	holo-project	minimal-viewer-template.html
1	holo-project	holo-index.html
1	holo-project	halograph.html
1	holo-project	grid-thinking-viewer.html
1	holo-project	fork-01.html
1	hephaestus-narrative-os	vss-01.html
1	hephaestus-narrative-os	sf01.html
1	hephaestus-narrative-os	pbc-01.html
1	hephaestus-narrative-os	osf-01.html
1	hephaestus-narrative-os	or-ba.html
1	hephaestus-narrative-os	index.html
1	hephaestus-narrative-os	hnz-43.html
1	hephaestus-narrative-os	hnz-42.html
1	hephaestus-narrative-os	hnz-41.html
1	hephaestus-narrative-os	hnz-40.html
1	hephaestus-narrative-os	hnz-39.html
1	hephaestus-narrative-os	hnz-38.html
1	hephaestus-narrative-os	hn-os-25.html
1	hephaestus-narrative-os	hn-os-21.html
1	hephaestus-narrative-os	hn-odd.html
1	hephaestus-narrative-os	hf-48.html
1	hephaestus-narrative-os	hf-46.html
1	hephaestus-narrative-os	hf-45.html
1	hephaestus-narrative-os	hf-44.html
1	hephaestus-narrative-os	hf-01.html
1	head-neuroglow	stl-mri-viewer.html
1	head-neuroglow	redex.html
1	head-neuroglow	red.html
1	head-neuroglow	red-33.html
1	head-neuroglow	neuroglow_v3-plus.html
1	head-neuroglow	neuroglow-v4-mic.html
1	head-neuroglow	head3d.html
1	head-neuroglow	head3c.html
1	head-neuroglow	head-up.html
1	head-neuroglow	head-evolution.html
1	head-neuroglow	head-evo-04.html
1	head-neuroglow	head-evo-03.html
1	head-neuroglow	head-dipper.html
1	head-neuroglow	head-clipper.html
1	haunted-tools	toolbox_toolbox_index_cards.html
1	haunted-tools	styled-tools.html
1	haunted-tools	sontag-photo-album-enhanced.html
1	haunted-tools	social_design_toolkit_bold_collapsible.html
1	haunted-tools	method_kit_decks_neutral_card_grid_single.html
1	haunted-tools	metaphors_toolkit_collage_cards_activities_inline.html
1	haunted-tools	lunchables_tray_ui_playful_compartment.html
1	haunted-tools	huanted-tool.html
1	haunted-tools	haunted-tools-base.html
1	haunted-tools	first_aid_readiness_helper_single.html
1	haunted-tools	ethical_explorer_pack_caution_ui_single.html
1	haunted-tools	du_boisian_visualization_toolkit_single.html
1	haunted-tools	cup_urban_pedagogy_kit_single_file.html
1	haunted-tools	brainiac_kit_1959_schematic.html
1	haunted-tools	bell_labs_science_kits_crystallography_mid_century.html
1	hamlets-napkin	index.html
1	growing-entanglements	watts_strogatz_small_world_paper_with_code_single_file_html.html
1	growing-entanglements	schelling_segregation_paper_with_code_single_file.html
1	growing-entanglements	new-code-paper.html
1	growing-entanglements	mason_rebe_land_paper_with_code_single_file_html.html
1	growing-entanglements	iruba_model_paper_with_code_single_file_html.html
1	growing-entanglements	epstein_civil_violence_paper_with_code_single_file.html
1	growing-entanglements	epstein_civil_violence_model_single_file.html
1	growing-entanglements	ccim_cross_cultural_interaction_model_single_file.html
1	growing-entanglements	axelrod_cultural_dissemination_paper_with_code_single_file.html
1	grid-os-	Old.html
1	golden-river	scripts/prompt-diff.js
1	golden-river	scripts/aggregate-scorecards.js
1	golden-river	groll.html
1	golden-lens	zine/page-10-back.html
1	golden-lens	zine/page-09-chapter3.html
1	golden-lens	zine/page-08-insert.html
1	golden-lens	zine/page-07-overlay.html
1	golden-lens	zine/page-06-chapter2.html
1	golden-lens	zine/page-05-tools.html
1	golden-lens	zine/page-04-rebus.html
1	golden-lens	zine/page-03-chapter1.html
1	golden-lens	zine/page-02-intro.html
1	golden-lens	zine/page-01-cover.html
1	golden-lens	zine/ops.html
1	golden-lens	zine/index.html
1	golden-lens	zine/grid-06-holler.html
1	golden-lens	zine/grid-05-blank.html
1	golden-lens	zine/grid-04-glowball.html
1	golden-lens	zine/grid-03-spectacles.html
1	golden-lens	zine/grid-02-edgar.html
1	golden-lens	zine/grid-01-prism.html
1	golden-lens	edgar-vision.html
1	golden-lens	edgar-ritual.html
1	golden-lens	edgar-obj.html
1	golden-lens	edgar-gui.html
1	golden-lens	edgar-feed.html
1	golden-lens	edgar-db.html
1	golden-lens	11.html
1	golden-lens	10.html
1	gob	worldtext-prompt-operator.html
1	gob	prompt-workflow-mobile.html
1	gob	parse_world_text_double.py
1	gob	parse_asclepius_rod.py
1	gob	heilig-completions-mobile.html
1	gob	extract_worldtext_templates.py
1	gob	extract_asclepius_templates.py
1	gob	asclepius-zen-reader.html
1	gob	asclepius-prompt-operator.html
1	gob	asclepius-hub-analysis.html
1	gob	asclepius-completions-mobile.html
1	gob	asclepius-agentic-shift-atlas.html
1	gob	SAG/final-essay-reader.html
1	gob	RUN_ALONG/ado-reader.html
1	gob	PIGEONS/sub-index.js
1	gob	PIGEONS/sub-index.html
1	gob	PIGEONS/orcon-y.html
1	gob	PIGEONS/orcon-x.html
1	gob	FARM-TO-SCREEN/verification-premium-corpus.html
1	gob	FARM-TO-SCREEN/verification-premium-corpus-zettelkasten.html
1	gob	FARM-TO-SCREEN/verification-premium-corpus-ripples-essay-forge.html
1	gob	FARM-TO-SCREEN/parsed_master_analyst/generate_weaponized_essays.py
1	gob	FARM-TO-SCREEN/parse_master_analyst.py
1	gob	FARM-TO-SCREEN/engine.html
1	gob	FARM-TO-SCREEN/cgomh-a3.html
1	gob	FARM-TO-SCREEN/analyst-workbench.html
1	gob	04-OS-HEILIG.html
1	genoma	FUSE/owe7.html
1	genoma	FUSE/owe6.html
1	genoma	FUSE/owe5.html
1	genoma	FUSE/owe4.html
1	genoma	FUSE/owe3.html
1	genoma	FUSE/owe2.html
1	genoma	FUSE/owe-1.html
1	genoma	FUSE/m4.html
1	genoma	FUSE/m2.html
1	genoma	FUSE/m1.html
1	genoma	FUSE/iyex.html
1	genoma	FUSE/iyeti.html
1	genoma	FUSE/ipflex.html
1	genoma	FUSE/ip-flex-free.html
1	genoma	FUSE/ip-flex-free-10.html
1	genoma	FUSE/ip-flex-free-09.html
1	genoma	FUSE/ip-flex-free-08.html
1	genoma	FUSE/ip-flex-free-07.html
1	genoma	FUSE/ip-flex-free-06.html
1	genoma	FUSE/ip-flex-free-05.html
1	genoma	FUSE/ip-flex-free-04.html
1	genoma	FUSE/ip-flex-free-03.html
1	genoma	FUSE/ip-flex-free-02.html
1	genoma	FUSE/ip-flex-02.html
1	genoma	FUSE/index.html
1	genoma	FUSE/ilex.html
1	genoma	FUSE/ibex.html
1	genoma	FUSE/gs4.html
1	genoma	FUSE/gs3.html
1	genoma	FUSE/gs2.html
1	genoma	FUSE/gs2-plus.html
1	genoma	FUSE/gs2-core.html
1	genoma	FUSE/gs2-base.html
1	genoma	FUSE/gs1.html
1	genoma	FUSE/gs-dev.html
1	genoma	FUSE/gm9.html
1	genoma	FUSE/gm8.html
1	genoma	FUSE/gm7.html
1	genoma	FUSE/gm6.html
1	genoma	FUSE/gm5.html
1	genoma	FUSE/gm4.html
1	genoma	FUSE/gm3.html
1	genoma	FUSE/gm2.html
1	genoma	FUSE/gm10.html
1	genoma	FUSE/gm1.html
1	genoma	FUSE/gm-ooo.html
1	genoma	FUSE/gg2.html
1	genoma	FUSE/gg1.html
1	genoma	FUSE/gf5.html
1	genoma	FUSE/gf4.html
1	genoma	FUSE/gf3.html
1	genoma	FUSE/gf2.html
1	genoma	FUSE/gf1.html
1	genoma	FUSE/g9.html
1	genoma	FUSE/g8.html
1	genoma	FUSE/g7.html
1	genoma	FUSE/g6.html
1	genoma	FUSE/g5.html
1	genoma	FUSE/g4.html
1	genoma	FUSE/g3.html
1	genoma	FUSE/g2.html
1	genoma	FUSE/g13.html
1	genoma	FUSE/g12.html
1	genoma	FUSE/g11.html
1	genoma	FUSE/g10.html
1	genoma	FUSE/g1.html
1	genoma	FUSE/fu9.html
1	genoma	FUSE/fu8.html
1	genoma	FUSE/fu7.html
1	genoma	FUSE/fu6.html
1	genoma	FUSE/fu5.html
1	genoma	FUSE/fu4.html
1	genoma	FUSE/fu3.html
1	genoma	FUSE/fu2.html
1	genoma	FUSE/fu11.html
1	genoma	FUSE/fu10.html
1	genoma	FUSE/fu1.html
1	genoma	FUSE/f7.html
1	genoma	FUSE/f6.html
1	genoma	FUSE/f5.html
1	genoma	FUSE/f4.html
1	genoma	FUSE/f3.html
1	genoma	FUSE/f2.html
1	genoma	FUSE/f1.html
1	genoma	FUSE/extract_html_titles.py
1	genoma	FUSE/ecd9.html
1	genoma	FUSE/ecd8.html
1	genoma	FUSE/ecd7.html
1	genoma	FUSE/ecd6.html
1	genoma	FUSE/ecd5.html
1	genoma	FUSE/ecd4.html
1	genoma	FUSE/ecd3.html
1	genoma	FUSE/ecd23.html
1	genoma	FUSE/ecd22.html
1	genoma	FUSE/ecd21.html
1	genoma	FUSE/ecd20.html
1	genoma	FUSE/ecd2.html
1	genoma	FUSE/ecd19.html
1	genoma	FUSE/ecd18.html
1	genoma	FUSE/ecd17.html
1	genoma	FUSE/ecd16.html
1	genoma	FUSE/ecd15.html
1	genoma	FUSE/ecd14.html
1	genoma	FUSE/ecd13.html
1	genoma	FUSE/ecd12.html
1	genoma	FUSE/ecd11.html
1	genoma	FUSE/ecd10.html
1	genoma	FUSE/ecd1.html
1	genoma	FUSE/ecd-u5.html
1	genoma	FUSE/ecd-u4.html
1	genoma	FUSE/ecd-u3.html
1	genoma	FUSE/ecd-u2.html
1	genoma	FUSE/ecd-u1.html
1	genoma	FUSE/ecd-fu-odd.html
1	gene	scope.html
1	gene	index.html
1	gene	editor.html
1	gene	docs.html
1	gaze	worldtext-prompt-operator.html
1	gaze	prompt-workflow-mobile.html
1	gaze	parse_world_text_double.py
1	gaze	parse_asclepius_rod.py
1	gaze	heilig-completions-mobile.html
1	gaze	extract_worldtext_templates.py
1	gaze	extract_asclepius_templates.py
1	gaze	data-dermis-intro.html
1	gaze	data-dermis-06.html
1	gaze	data-dermis-05.html
1	gaze	data-dermis-04.html
1	gaze	data-dermis-03.html
1	gaze	data-dermis-02.html
1	gaze	data-dermis-01.html
1	gaze	data-dermis-00.html
1	gaze	asclepius-zen-reader.html
1	gaze	asclepius-prompt-operator.html
1	gaze	asclepius-hub-analysis.html
1	gaze	asclepius-completions-mobile.html
1	gaze	asclepius-agentic-shift-atlas.html
1	gaze	SAG/final-essay-reader.html
1	gaze	RUN_ALONG/ado-reader.html
1	gaze	PIGEONS/sub-index.js
1	gaze	PIGEONS/sub-index.html
1	gaze	PIGEONS/orcon-y.html
1	gaze	PIGEONS/orcon-x.html
1	gaze	FARM-TO-SCREEN/verification-premium-corpus.html
1	gaze	FARM-TO-SCREEN/verification-premium-corpus-zettelkasten.html
1	gaze	FARM-TO-SCREEN/verification-premium-corpus-ripples-essay-forge.html
1	gaze	FARM-TO-SCREEN/parsed_master_analyst/generate_weaponized_essays.py
1	gaze	FARM-TO-SCREEN/parse_master_analyst.py
1	gaze	FARM-TO-SCREEN/engine.html
1	gaze	FARM-TO-SCREEN/cgomh-a3.html
1	gaze	FARM-TO-SCREEN/analyst-workbench.html
1	gaze	04-OS-HEILIG.html
1	fuzzy-linkography	think_tool.js
1	fuzzy-linkography	think.html
1	fuzzy-linkography	key-geo.html
1	fuzzy-linkography	index.html
1	fuzzy-linkography	geo.html
1	fuzzy-linkography	explainer.html
1	fuzzy-linkography	deep-geo.html
1	fuzzy-linkography	app.js
1	func-sub	video-showcase.html
1	func-sub	tra.html
1	func-sub	tra-mobile-rails.html
1	func-sub	tra-mobile-nodes.html
1	func-sub	tra-grid-3d.html
1	func-sub	tindex.html
1	func-sub	t8-sonic.html
1	func-sub	t7-sonic.html
1	func-sub	t6-sonic.html
1	func-sub	t5-sonic.html
1	func-sub	t4.html
1	func-sub	t3.html
1	func-sub	t2.html
1	func-sub	t1.html
1	func-sub	t0.html
1	func-sub	t-space-index.html
1	func-sub	shed-frame.html
1	func-sub	orbit-graph (1).html
1	func-sub	node-viewer-integration.js
1	func-sub	node-dataset-viewer.html
1	func-sub	integrated-node-viewer.html
1	func-sub	integrate-psychograph-updates.js
1	func-sub	index 14.html
1	func-sub	index (13).html
1	func-sub	func-orb.html
1	func-sub	func-orb-centaur.html
1	func-sub	dsl-training-grounds.js
1	func-sub	dsl-02.js
1	func-sub	dsl-02.html
1	func-sub	dsl-01.html
1	func-sub	clean-welcome.html
1	func-sub	cb.html
1	func-sub	ai-duo-reader.html
1	func-sub	SHED-INTEGRATE-GROUND-IMPLEMENTATION.js
1	fourth-shield	forge/page-9.html
1	fourth-shield	forge/page-8.html
1	fourth-shield	forge/page-7.html
1	fourth-shield	forge/page-6.html
1	fourth-shield	forge/page-5.html
1	fourth-shield	forge/page-4.html
1	fourth-shield	forge/page-3.html
1	fourth-shield	forge/page-2.html
1	fourth-shield	forge/page-1.html
1	forkit	tilth-parts-manual-reference.html
1	forkit	thick_data_merged.js
1	forkit	thick_data_manual.js
1	forkit	thick_data_indented.js
1	forkit	thick-loop.html
1	forkit	tet-03-portfolio.html
1	forkit	tet-02-tracks.html
1	forkit	tet-01-petrov.html
1	forkit	tet-00.html
1	forkit	telo.html
1	forkit	olog-index.html
1	forkit	merge_thick_data.py
1	forkit	fork-thick-helix.html
1	forkit	fork-dna-looper.html
1	forkit	fork-dna-looper-v2.html
1	forkit	f12.html
1	forkit	f1.html
1	forkit	eet.html
1	forkit	e3.html
1	forkit	e1.html
1	forkit	disc-data-example.html
1	forkit	d2.html
1	forkit	ch9.html
1	forkit	ch8.html
1	forkit	ch7.html
1	forkit	ch6.html
1	forkit	ch5.html
1	forkit	ch4.html
1	forkit	ch3.html
1	forkit	ch10.html
1	forkit	ch1.html
1	forkit	bon-07.html
1	forkit	bon-05.html
1	forkit	bon-04.html
1	forkit	bon-03.html
1	forkit	bon-02.html
1	forkit	bon-01.html
1	forkit	archive/co.html
1	forkit	archive/a2.html
1	forkit	archive/a00.html
1	forkit	archive/a0.html
1	forkit	a1.html
1	forkit	ETHICS-HELIX-TROLLEY.html
1	fish-town	trout-town.html
1	fish-town	trout-town-fed.html
1	fish-town	the-glass.html
1	fish-town	sf-prime.html
1	fish-town	sankofa-docs.js
1	fish-town	physics-sand.html
1	fish-town	index.html
1	fish-town	fish-op.html
1	fish-town	fish-agents.html
1	fish-town	f-town-00.html
1	fish-town	f-tide-00.html
1	fish-town	f-spawn-00.html
1	fish-town	f-sense-00.html
1	fish-town	f-school-00.html
1	fish-town	f-predator-00.html
1	fish-town	f-plus-00.html
1	fish-town	f-morph-00.html
1	fish-town	f-mind-00.html
1	fish-town	f-cycle-00.html
1	fish-town	f-confine-00.html
1	fish-town	aberrations.html
1	fish-town	OPERATIVE/wolfdung-signals.html
1	fish-town	OPERATIVE/sanko-00.html
1	fish-town	OPERATIVE/paintlock-duels.html
1	fish-town	OPERATIVE/index.html
1	fish-town	OPERATIVE/honesty-megaphone.html
1	fish-town	OPERATIVE/council-of-echoes.html
1	feedfall	wreck.html
1	feedfall	vss.html
1	feedfall	vs-stty.html
1	feedfall	vs-stacker.html
1	feedfall	vs-plu.html
1	feedfall	video_stacker_pro_filmic_v_2_100_tv_layouts_calm_mode.html
1	feedfall	video_full.html
1	feedfall	video-stacker-02.html
1	feedfall	video-02.html
1	feedfall	video-01.html
1	feedfall	pyramid-scene.html
1	feedfall	pyramid-poetry.html
1	feedfall	prod.html
1	feedfall	multi-mode.html
1	feedfall	jj.html
1	feedfall	ivst.html
1	feedfall	inicio.html
1	feedfall	index-launcher.html
1	feedfall	hut.html
1	feedfall	hom.html
1	feedfall	feed-to-water.html
1	feedfall	eno-crt.html
1	feedfall	crt-stack.html
1	feedfall	atlantis-explorer.html
1	excavator	index.html
1	excavator	ai-07.html
1	ethics-infrastructure	progress-update.html
1	ethics-infrastructure	prime-update.html
1	ethics-infrastructure	hub-of-hubs.html
1	ethics-infrastructure	ethics_infra_hub (7).html
1	ethics-infrastructure	ethics_infra_hub (6).html
1	ethics-infrastructure	ethics_infra_hub (5).html
1	ethics-infrastructure	ethics_infra_hub (4).html
1	ethics-infrastructure	ethics_infra_hub (3).html
1	ethics-infrastructure	ethics_infra_hub (2).html
1	ethics-infrastructure	ethics_infra_hub (1).html
1	ethics-infrastructure	bindex.html
1	epir	index.html
1	eos	operating-system/index.html
1	eos	operating-system/games/tide-turner/parent/index.html
1	eos	operating-system/games/tide-turner/child_ttl1/index.html
1	eos	operating-system/games/sky-lantern-relay/parent/index.html
1	eos	operating-system/games/sky-lantern-relay/child_ttl1/index.html
1	eos	operating-system/games/lumen-loom/parent/index.html
1	eos	operating-system/games/lumen-loom/child_ttl1/index.html
1	eos	operating-system/games/echo-meadow/parent/index.html
1	eos	operating-system/games/echo-meadow/child_ttl1/index.html
1	eos	operating-system/games/bloom-orbit/parent/index.html
1	eos	operating-system/games/bloom-orbit/child_ttl1/index.html
1	eos	operating-system/games/aurora-chimes/parent/index.html
1	eos	operating-system/games/aurora-chimes/child_ttl1/index.html
1	eos	dream-machine.html
1	eos	OUROBOROS/index.html
1	eos	OUROBOROS/gaze-explorer.html
1	eos	OUROBOROS/gaze-explorer-mobile.html
1	eos	OUROBOROS/film-gaze-snake.html
1	eos	CODEX/parse_to_codex.py
1	eos	CODEX/parse_sections_to_json.py
1	eos	CODEX/parse_sections_formatted.py
1	eos	CODEX/parse_notes.py
1	eos	CODEX/parse_exact_turns.py
1	eos	CODEX/parse_by_turns.py
1	eos	CODEX/mulvey_codex_raw.js
1	eos	CODEX/film_codex_raw.js
1	eos	CODEX/file-browser-02.html
1	eos	CODEX/extract_codex_data.py
1	eos	CODEX/extract_codex_data.js
1	eos	CODEX/codex_viewer.html
1	eos	CODEX/codex_universal.html
1	eos	CODEX/codex_scroll.html
1	eos	CODEX/codex_hypertext.html
1	eos	CODEX/codex-uni.html
1	eos	CODEX/codex-uni-data.js
1	eos	CODEX/codex-plt.html
1	eos	CODEX/codex-please.html
1	eos	CODEX/clean_notes.py
1	enos-garden	style.css
1	enos-garden	index.html
1	enos-garden	app.js
1	encoded-power	validate-codex.html
1	encoded-power	stuart-hall.html
1	encoded-power	mini-index.html
1	encoded-power	index.html
1	encoded-power	football.html
1	encoded-power	football-03.html
1	encoded-power	football-02.html
1	encoded-power	die-on-a-hill.html
1	encoded-power	codex-of-the-cracks.html
1	encoded-power	codex-live.html
1	encoded-power	code-playbook-intro.html
1	encoded-power	code-cracker.html
1	encoded-power	brand-command.html
1	encoded-power	ar-04.html
1	encoded-power	ar-03.html
1	encoded-power	algo-reflections.html
1	encoded-power	algo-reflections-02.html
1	encoded-power	VIEWER/styles.css
1	encoded-power	VIEWER/index.html
1	encoded-power	VIEWER/app.js
1	encoded-power	TETRAFORMER/tactic.html
1	encoded-power	TETRAFORMER/decode-cards.html
1	encoded-power	TETRAFORMER/cartridge.html
1	encoded-power	TETRAFORMER/cards-print.html
1	encoded-power	TETRAFORMER/cards-duel.html
1	encoded-power	TETRAFORMER/card.html
1	encoded-power	SPECULATE/notes-02.html
1	ecology-of-media	index.html
1	eco-media	index.html
1	echoes-algos	sound-engine.html
1	echoes-algos	schafer_bird_dj_acoustic_ecology_instrument_single_file (1).html
1	echoes-algos	index.html
1	dyad	tournament.html
1	dyad	scan-assets.js
1	dyad	reader.html
1	dyad	parse-chapters-final-verdicts.js
1	dyad	onyx-thumb.html
1	dyad	mapping.html
1	dyad	index.html
1	dyad	generate_narratives_index.py
1	dyad	generate-bracket.js
1	dyad	extract-ontology.js
1	dyad	create-chapter-folders.js
1	dyad	bracket_diagnostic.py
1	dyad	bracket.html
1	dyad	analyze-themes.js
1	dust-empire	update_final_soundtrack.py
1	dust-empire	split_and_score.py
1	dust-empire	request.py
1	dust-empire	music_video.html
1	dust-empire	mosaic.html
1	dust-empire	create_music_video.py
1	dust-empire	add_soundtrack.py
1	dream-organ	index.html
1	dream-organ	dream-organ-player.html
1	dream-organ	dream-organ-00.html
1	dream-organ	do-05.html
1	dream-organ	do-04.html
1	dream-organ	do-03.html
1	dream-organ	do-02.html
1	dream-organ	do-011.html
1	dream-organ	do-010.html
1	dream-organ	do-009.html
1	dream-organ	do-008.html
1	dream-organ	do-006.html
1	dream-organ	do-000.html
1	dirty-disclosure	wydo-00.html
1	dirty-disclosure	provenance-00.html
1	dirty-disclosure	prime-index.html
1	dirty-disclosure	nested-double-bind-00.html
1	dirty-disclosure	index.html
1	dirty-disclosure	disclosure-theatre-01.html
1	dirty-disclosure	disclosure-theatre-00.html
1	dirty-disclosure	disc-00.html
1	dirty-disclosure	dd-index.html
1	dirty-disclosure	dd-ind-01.html
1	dirty-disclosure	dd-ind-00.html
1	dirty-disclosure	dd-02.html
1	dirty-disclosure	dd-01.html
1	design-brief	world-op.html
1	design-brief	poml-op.html
1	design-brief	index.html
1	design-brief	diegetic-op.html
1	design-brief	diegetic-op-engine.js
1	design-brief	diegetic-op-data.js
1	design-brief	04-catalog.html
1	design-brief	03-quick.html
1	design-brief	02-repair.html
1	design-brief	01-film.html
1	culture-mind-body	orca-world.html
1	culture-mind-body	orca-synth.html
1	culture-mind-body	orca-maze.html
1	culture-mind-body	orca-archive.html
1	culture-mind-body	index.html
1	culture-mind-body	dual-map-00.html
1	culture-mind-body	coincidence-engine.html
1	culture-mind-body	coincidence-00.html
1	culture-mind-body	aether-tuner.html
1	crest	workbench.html
1	crest	scenes.html
1	crest	scene-theater.html
1	crest	oc.html
1	crest	living_shield.html
1	crest	index.html
1	crest	crest/words.html
1	crest	crest/vincula.html
1	crest	crest/triple.html
1	crest	crest/scroll.html
1	crest	crest/index.html
1	crest	crest/f2.html
1	crest	crest/conquers.html
1	crest	crest/by-will.html
1	crest	crest/action-over-words.html
1	crest	analysis.html
1	crest	SHIELD/01.html
1	core-age	watson-slopwright.html
1	core-age	wall-top-atg.html
1	core-age	wag-yark.html
1	core-age	wag-were-twilight.html
1	core-age	wag-grid-walk.html
1	core-age	wag-frank-unified.html
1	core-age	wag-frank-tetrad.html
1	core-age	wag-frank-tetrad-unif.html
1	core-age	wag-frank-tetrad-term.html
1	core-age	wag-frank-tetrad-studio.html
1	core-age	wag-frank-tetrad-olog.html
1	core-age	wag-frank-tetrad-inception.html
1	core-age	wag-frank-terminal.html
1	core-age	wag-frank-studio.html
1	core-age	wag-frank-olog.html
1	core-age	wag-brave.html
1	core-age	verify_neuro_system.html
1	core-age	trubador-archive.html
1	core-age	training-manual.html
1	core-age	trail-olog-starter/enrich_trail_data.py
1	core-age	trail-olog-starter/courage-trail-olog.html
1	core-age	trail-olog-starter copy/enrich_trail_data.py
1	core-age	trail-olog-starter copy/courage-trail-olog.html
1	core-age	trail-olog-starter 2/enrich_trail_data.py
1	core-age	trail-olog-starter 2/courage-trail-olog.html
1	core-age	timber-master.html
1	core-age	timber-master-v2.html
1	core-age	thousand-tetrad.html
1	core-age	test_mpd_export.html
1	core-age	temporal-mesh-lab.html
1	core-age	system-monitor.html
1	core-age	small-future-scenarios-inject.js
1	core-age	scene-picker.js
1	core-age	pathology-report-viewer.html
1	core-age	onyx.html
1	core-age	onyx-unified.html
1	core-age	onyx-storytelling.html
1	core-age	onyx-scenes.html
1	core-age	onyx-remade.html
1	core-age	onyx-reactor.html
1	core-age	onyx-presentation.html
1	core-age	onyx-media.html
1	core-age	onyx-branch.html
1	core-age	ontology-conveyor.html
1	core-age	onto-ancestor.html
1	core-age	neuro-tutorial.html
1	core-age	neuro-studio.html
1	core-age	multimanual.html
1	core-age	multi-move.html
1	core-age	multi-move-bones.html
1	core-age	multi-good.html
1	core-age	mpd-line-grid-viewer.html
1	core-age	mpd-data-explorer.html
1	core-age	mfs.html
1	core-age	mfr.html
1	core-age	mento-385.html
1	core-age	mento-370.html
1	core-age	mento-369 copy.html
1	core-age	manual.html
1	core-age	line-22-autopsy.html
1	core-age	lim.html
1	core-age	lim-base.html
1	core-age	legos-to-ldraw-bridge.html
1	core-age	legos-gpt-manual.html
1	core-age	lego-v2-executable.html
1	core-age	lego-sonification.js
1	core-age	lego-auto-mapper.html
1	core-age	lego-3d-architect.html
1	core-age	lab-hub.html
1	core-age	l-system-ontology-weaver.html
1	core-age	knowledge-hub.html
1	core-age	inject_data.js
1	core-age	index 16.html
1	core-age	index (22).html
1	core-age	inception-tetrad-code-editor.html
1	core-age	inception-horseman.html
1	core-age	inception-harness.html
1	core-age	inception-editor.html
1	core-age	grid-walk.html
1	core-age	grid-walk copy.html
1	core-age	grid-nav.html
1	core-age	glb-mento-moe copy.html
1	core-age	generate-small-futures.js
1	core-age	gar-tao-explainer.html
1	core-age	gar-onyx-studio.html
1	core-age	gar-onyx-server.js
1	core-age	gar-onyx-presentation.html
1	core-age	gar-onyx-bridge.js
1	core-age	gar-07.html
1	core-age	gar-03.html
1	core-age	gar-02.html
1	core-age	gar-00.html
1	core-age	frank-unified.css
1	core-age	frank-base.js
1	core-age	find_missing.py
1	core-age	etymology.html
1	core-age	enrich_trail_data.py
1	core-age	egri-worksheet.html
1	core-age	dna.html
1	core-age	disentangling-strategy.html
1	core-age	courage_annotated.html
1	core-age	courage.html
1	core-age	convert-scenarios-to-js.js
1	core-age	brick_haven_tutorial.html
1	core-age	brick-haven-previs.html
1	core-age	brick-haven-central.html
1	core-age	atg-core-genome.html
1	core-age	assembly-line.html
1	core-age	assembly-line-single-mesh.html
1	core-age	assemble_genome.js
1	core-age	architecture-decision-matrix.html
1	core-age	TIMBER-tutorial.html
1	core-age	LEGOS-tutorial-primal.html
1	codon	FUSE/owe7.html
1	codon	FUSE/owe6.html
1	codon	FUSE/owe5.html
1	codon	FUSE/owe4.html
1	codon	FUSE/owe3.html
1	codon	FUSE/owe2.html
1	codon	FUSE/owe-1.html
1	codon	FUSE/m4.html
1	codon	FUSE/m2.html
1	codon	FUSE/m1.html
1	codon	FUSE/iyex.html
1	codon	FUSE/iyeti.html
1	codon	FUSE/ipflex.html
1	codon	FUSE/ip-flex-free.html
1	codon	FUSE/ip-flex-free-10.html
1	codon	FUSE/ip-flex-free-09.html
1	codon	FUSE/ip-flex-free-08.html
1	codon	FUSE/ip-flex-free-07.html
1	codon	FUSE/ip-flex-free-06.html
1	codon	FUSE/ip-flex-free-05.html
1	codon	FUSE/ip-flex-free-04.html
1	codon	FUSE/ip-flex-free-03.html
1	codon	FUSE/ip-flex-free-02.html
1	codon	FUSE/ip-flex-02.html
1	codon	FUSE/index.html
1	codon	FUSE/ilex.html
1	codon	FUSE/ibex.html
1	codon	FUSE/gs4.html
1	codon	FUSE/gs3.html
1	codon	FUSE/gs2.html
1	codon	FUSE/gs2-plus.html
1	codon	FUSE/gs2-core.html
1	codon	FUSE/gs2-base.html
1	codon	FUSE/gs1.html
1	codon	FUSE/gs-dev.html
1	codon	FUSE/gm9.html
1	codon	FUSE/gm8.html
1	codon	FUSE/gm7.html
1	codon	FUSE/gm6.html
1	codon	FUSE/gm5.html
1	codon	FUSE/gm4.html
1	codon	FUSE/gm3.html
1	codon	FUSE/gm2.html
1	codon	FUSE/gm10.html
1	codon	FUSE/gm1.html
1	codon	FUSE/gm-ooo.html
1	codon	FUSE/gg2.html
1	codon	FUSE/gg1.html
1	codon	FUSE/gf5.html
1	codon	FUSE/gf4.html
1	codon	FUSE/gf3.html
1	codon	FUSE/gf2.html
1	codon	FUSE/gf1.html
1	codon	FUSE/g9.html
1	codon	FUSE/g8.html
1	codon	FUSE/g7.html
1	codon	FUSE/g6.html
1	codon	FUSE/g5.html
1	codon	FUSE/g4.html
1	codon	FUSE/g3.html
1	codon	FUSE/g2.html
1	codon	FUSE/g13.html
1	codon	FUSE/g12.html
1	codon	FUSE/g11.html
1	codon	FUSE/g10.html
1	codon	FUSE/g1.html
1	codon	FUSE/fu9.html
1	codon	FUSE/fu8.html
1	codon	FUSE/fu7.html
1	codon	FUSE/fu6.html
1	codon	FUSE/fu5.html
1	codon	FUSE/fu4.html
1	codon	FUSE/fu3.html
1	codon	FUSE/fu2.html
1	codon	FUSE/fu11.html
1	codon	FUSE/fu10.html
1	codon	FUSE/fu1.html
1	codon	FUSE/f7.html
1	codon	FUSE/f6.html
1	codon	FUSE/f5.html
1	codon	FUSE/f4.html
1	codon	FUSE/f3.html
1	codon	FUSE/f2.html
1	codon	FUSE/f1.html
1	codon	FUSE/extract_html_titles.py
1	codon	FUSE/ecd9.html
1	codon	FUSE/ecd8.html
1	codon	FUSE/ecd7.html
1	codon	FUSE/ecd6.html
1	codon	FUSE/ecd5.html
1	codon	FUSE/ecd4.html
1	codon	FUSE/ecd3.html
1	codon	FUSE/ecd23.html
1	codon	FUSE/ecd22.html
1	codon	FUSE/ecd21.html
1	codon	FUSE/ecd20.html
1	codon	FUSE/ecd2.html
1	codon	FUSE/ecd19.html
1	codon	FUSE/ecd18.html
1	codon	FUSE/ecd17.html
1	codon	FUSE/ecd16.html
1	codon	FUSE/ecd15.html
1	codon	FUSE/ecd14.html
1	codon	FUSE/ecd13.html
1	codon	FUSE/ecd12.html
1	codon	FUSE/ecd11.html
1	codon	FUSE/ecd10.html
1	codon	FUSE/ecd1.html
1	codon	FUSE/ecd-u5.html
1	codon	FUSE/ecd-u4.html
1	codon	FUSE/ecd-u3.html
1	codon	FUSE/ecd-u2.html
1	codon	FUSE/ecd-u1.html
1	codon	FUSE/ecd-fu-odd.html
1	codex-reader	spencer-brown-analysis-of-text.py
1	codex-reader	reader.html
1	codex-reader	reader-codex-pro-genoma.html
1	codex-reader	reader-codex-808.html
1	codex-reader	reader-codex-09.html
1	codex-reader	reader-codex-06.html
1	codex-reader	reader-codex-05.html
1	codex-reader	reader-codex-04.html
1	codex-reader	reader-codex-03.html
1	codex-reader	reader-codex-02.html
1	codex-reader	reader-codex-01.html
1	codex-reader	parse_script.py
1	codex-reader	moo-dang-critical-theory-paper.py
1	codex-reader	john-olivers-despair-index.py
1	codex-reader	chat.html
1	codex-reader	ai-generated-content-floods-social-media.py
1	chrono-mix	index.html
1	chrono-mix	impossible_time_machine_mobile_web_app (6).html
1	cb	90d.html
1	can-think	index.html
1	can-think	index (8).html
1	can-think	ai_studio_code - 2025-10-23T151401.244.html
1	can-think	244.html
1	can-think	023.html
1	can-think	008.html
1	cage	style.css
1	cage	linguistic-perception-loom.zip/style.css
1	cage	linguistic-perception-loom.zip/index.html
1	cage	linguistic-perception-loom.zip/app.js
1	cage	index.html
1	cage	chart_script_1.py
1	cage	chart_script.py
1	cage	app.js
1	bluefoot	index.html
1	bluefoot	exported-assets (7)/script_1.py
1	bluefoot	exported-assets (7)/script.py
1	bluefoot	exported-assets (7)/chart_script_2.py
1	bluefoot	exported-assets (7)/chart_script_1.py
1	bluefoot	exported-assets (7)/chart_script.py
1	bluefoot	exported-assets (7) 2/script_1.py
1	bluefoot	exported-assets (7) 2/script.py
1	bluefoot	exported-assets (7) 2/chart_script_2.py
1	bluefoot	exported-assets (7) 2/chart_script_1.py
1	bluefoot	exported-assets (7) 2/chart_script.py
1	bluefoot	ai_studio_code - 2025-09-26T095445.597.html
1	bluefoot	ai_studio_code - 2025-09-26T094726.487.html
1	bluefoot	ai_studio_code - 2025-09-26T094607.661.html
1	bifurcator	bifurcator.html
1	babeldu	libabel-os-03.html
1	babeldu	libabel-os-02.html
1	babeldu	libabel-os-01.html
1	babeldu	index.html
1	babeldu	bxe-01.html
1	aura-after-copies	better.html
1	aura-after-copies	aura_after_copies_slide_deck_single_file_html.html
1	aura-after-copies	aura_after_copies_categorical_field_theory_self_contained_html.html
1	aura-after-copies	ai_studio_code - 2025-09-10T142025.020.html
1	atg-3	void-management-slides.html
1	atg-3	void-management-annotated.html
1	atg-3	uto.html
1	atg-3	tractor-field.html
1	atg-3	toolkit-reflection.html
1	atg-3	thousand-tetrad.html
1	atg-3	thesis-terrain.html
1	atg-3	thesis-pathways.html
1	atg-3	rocky-branch.html
1	atg-3	repo-map.html
1	atg-3	pattern-glossary.html
1	atg-3	intervention-atlas.html
1	atg-3	enrich_trail_data.py
1	atg-3	data/epir-plus.html
1	atg-3	cse-05.html
1	atg-3	cse-04.html
1	atg-3	cse-03.html
1	atg-3	cse-02.html
1	atg-3	cse-01.html
1	atg-3	creator-trail-hub.html
1	atg-3	corpus-engine.html
1	atg-3	base-00.html
1	atg-3	atg-unified-terrain.html
1	atg-3	atg-technical-genome.html
1	atg-3	atg-olog-topo.html
1	atg-3	atg-master-terrain.html
1	atg-3	atg-3-unified.html
1	atg-3	atg-3-topo.html
1	atg-3	atg-3-full-index.html
1	atg-3	atg-2-topo.html
1	atg-3	atg-2-atlas.html
1	atg-3	ai_studio_code - 2025-12-11T053957.431.html
1	atg-3	SHUFFLE/forager/scene-forager.html
1	atg-3	SHUFFLE/forager/rocky-glossary.html
1	atg-3	SHUFFLE/forager/index.html
1	atg-3	SHUFFLE/extract_citations.py
1	arkadu	voronoi-warfare.html
1	arkadu	voronoi-test.html
1	arkadu	voronoi-depth-test.html
1	arkadu	topology-strata.html
1	arkadu	topology-pro.html
1	arkadu	terrain-explorer.html
1	arkadu	terrain-clean.html
1	arkadu	terrain-3d.html
1	arkadu	terrain-3d-pro.html
1	arkadu	strata-deep.html
1	arkadu	stereo-decks.html
1	arkadu	shell/terminal.html
1	arkadu	scale-verify.py
1	arkadu	organic-evolution.html
1	arkadu	organic-comparison.html
1	arkadu	navigator.html
1	arkadu	media-ecology-life.html
1	arkadu	lidar-scan.html
1	arkadu	kern/primitive_scan.py
1	arkadu	kern/ekphrasis_trace.py
1	arkadu	kern/deep_scan.py
1	arkadu	kern/analyze.py
1	arkadu	index.html
1	arkadu	genoma-sequencer.py
1	arkadu	genoma-scope.html
1	arkadu	genoma-editor.html
1	arkadu	generate-gitignore.py
1	arkadu	generate-deep-test-data.py
1	arkadu	erode-accrete.html
1	arkadu	ekphrasis-topology.html
1	arkadu	ecology-spatial.html
1	arkadu	ecology-pro.html
1	arkadu	ecology-fluid.html
1	arkadu	ecology-data.js
1	arkadu	ecology-3d.html
1	arkadu	dla-turbo.html
1	arkadu	decks.html
1	arkadu	data-test.html
1	arkadu	chamber-voronoi.html
1	arkadu	chamber-organic.html
1	arkadu	chamber-organic-voronoi.html
1	arkadu	chamber-nested.html
1	arkadu	chamber-explorer.html
1	arkadu	ca-erode-accrete.html
1	arkadu	bonus-frame.html
1	arkadu	arkadu-scan.py
1	arkadu	approach-fusion-voronoi.html
1	arkadu	approach-fusion-real.html
1	arkadu	approach-comparison-tool.html
1	arkadu	approach-8-infinite-organic.html
1	arkadu	approach-7-depth-test.html
1	arkadu	approach-6-depth-test.html
1	arkadu	approach-4b-sediment-simple.html
1	arkadu	approach-4-depth-test.html
1	arkadu	approach-3-depth-test.html
1	arkadu	approach-2-depth-test.html
1	arkadu	approach-1-depth-test.html
1	arkadu	analyze-provenance.py
1	arkadu	TRUE-ARKADU.html
1	arkadu	ARKADU-ECOLOGY.html
1	aritificial-life	worlding-engine.html
1	aritificial-life	worlding-core.html
1	aritificial-life	loading.html
1	aritificial-life	index.html
1	aritificial-life	docs.html
1	aritificial-life	5-1-train.html
1	angel-meets-algo	novus-assembly.html
1	angel-meets-algo	index.html
1	angel-meets-algo	i8.html
1	angel-meets-algo	i7.html
1	angel-meets-algo	i6.html
1	angel-meets-algo	i5.html
1	angel-meets-algo	i4.html
1	angel-meets-algo	i3.html
1	angel-meets-algo	i2.html
1	angel-meets-algo	i1.html
1	angel-meets-algo	i.html
1	angel-meets-algo	e1.html
1	angel-meets-algo	e0.html
1	angel-meets-algo	d3.html
1	angel-meets-algo	d2.html
1	angel-meets-algo	d1.html
1	angel-meets-algo	d0.html
1	angel-meets-algo	c2.html
1	angel-meets-algo	c1.html
1	angel-meets-algo	c0.html
1	angel-meets-algo	b5.html
1	angel-meets-algo	b4.html
1	angel-meets-algo	b3.html
1	angel-meets-algo	b2.html
1	angel-meets-algo	b1.html
1	angel-meets-algo	b0.html
1	angel-meets-algo	ai_studio_code - 2025-09-11T035253.411.html
1	angel-meets-algo	a4.html
1	angel-meets-algo	a3.html
1	angel-meets-algo	a2.html
1	angel-meets-algo	a1.html
1	angel-meets-algo	a0.html
1	alien-child	index.html
1	alien-child	fly-eye-index.html
1	alien-child	fly-eye-11.html
1	alien-child	fly-eye-10.html
1	alien-child	fly-eye-09.html
1	alien-child	fly-eye-08.html
1	alien-child	fly-eye-07.html
1	alien-child	fly-eye-06.html
1	alien-child	fly-eye-05.html
1	alien-child	fly-eye-04.html
1	alien-child	fly-eye-03.html
1	alien-child	fly-eye-02.html
1	alien-child	fly-eye-01.html
1	alien-child	fly-eye-00.html
1	alien-child	alien-grid-viewer.html
1	alien-child	alien-dome-viewer.html
1	acm	tm-06-rot.html
1	acm	tm-05-collapse.html
1	acm	tm-02.html
1	acm	tm-01.html
1	acm	tm-00.html
1	acm	the-feed-00.html
1	acm	slop-08-washer.html
1	acm	slop-07-trash.html
1	acm	print-production.html
1	acm	ey-04-heuristic.html
1	acm	ey-03-deck.html
1	acm	ey-02-speed.html
1	acm	ey-01-defense.html
1	acm	explain-yourself.html
1	acm	dew-01.html
1	acm	dew-00.html
1	acm	cardbank.html
1	acm	anti-crisis-protocol.html
1	acm	acm-core.html
1	acm	acm-03.html
1	acm	acm-02.html
1	acm	acm-01.html
1	achilles-orchestra	upright.html
1	achilles-orchestra	train-brain-19.html
1	achilles-orchestra	rcc-eco.html
1	achilles-orchestra	rcc-eco-gnn.html
1	achilles-orchestra	ok.html
1	achilles-orchestra	ok-plus.html
1	achilles-orchestra	newish.html
1	achilles-orchestra	new-rip.html
1	achilles-orchestra	laundry.html
1	achilles-orchestra	cme-003.html
1	achilles-orchestra	cme-002.html
1	achilles-orchestra	cme-001.html
1	achilles-orchestra	cme-000.html
1	achilles-orchestra	carriage.html
1	achilles-orchestra	an02.html
1	achilles-orchestra	PROCESS/tchaikovsky-ripple-simulator.html
1	achilles-orchestra	PROCESS/tchaikovsky-ripple-simulator-v2.html
1	achilles-orchestra	PROCESS/rcc-eco.html
1	achilles-orchestra	PROCESS/prompt-differential-inception-lab.html
1	achilles-orchestra	PROCESS/preview (9).html
1	achilles-orchestra	PROCESS/preview (8).html
1	achilles-orchestra	PROCESS/preview (7).html
1	achilles-orchestra	PROCESS/preview (19).html
1	achilles-orchestra	PROCESS/preview (18).html
1	achilles-orchestra	PROCESS/preview (17).html
1	achilles-orchestra	PROCESS/preview (16).html
1	achilles-orchestra	PROCESS/preview (15).html
1	achilles-orchestra	PROCESS/preview (14).html
1	achilles-orchestra	PROCESS/preview (13).html
1	achilles-orchestra	PROCESS/preview (12).html
1	achilles-orchestra	PROCESS/preview (11).html
1	achilles-orchestra	PROCESS/preview (10).html
1	achilles-orchestra	PROCESS/omega-convergence-console.html
1	achilles-orchestra	PROCESS/index.html
1	achilles-orchestra	PROCESS/cultural_memory_machine_serious_stablecamera.html
1	achilles-orchestra	PROCESS/cultural_memory_machine_serious_refined.html
1	achilles-orchestra	PROCESS/cultural_memory_machine_serious_nospin.html
1	achilles-orchestra	PROCESS/cultural_memory_machine_serious.html
1	achilles-orchestra	PROCESS/cultural_memory_machine_interior_oriented.html
1	achilles-orchestra	PROCESS/cultural_memory_machine_interior.html
1	achilles-orchestra	PROCESS/cultural_memory_machine.html
1	achilles-orchestra	PROCESS/cultural-memory-express.html
1	achilles-orchestra	PROCESS/cultural-memory-express (1).html
1	achilles-orchestra	PROCESS/colab.html
1	achilles-orchestra	PROCESS/colab-v3.html
1	achilles-orchestra	PROCESS/colab-v3 (2).html
1	achilles-orchestra	PROCESS/colab-v2.html
1	achilles-orchestra	PROCESS/archive_car_threejs.html
1	achilles-orchestra	PROCESS/archive_car_threejs (2).html
1	achilles-orchestra	PROCESS/archive_car_threejs (1).html
1	achilles-orchestra	PROCESS/ai_studio_code - 2026-03-12T005652.970.html
1	achilles-orchestra	PROCESS/ai_studio_code - 2026-03-12T005203.152.html
1	achilles-orchestra	PROCESS/ai_studio_code - 2026-03-12T004257.159.html
1	achilles-orchestra	PROCESS/ai_studio_code - 2026-03-12T001602.663.html
1	achilles-orchestra	PROCESS/ai_studio_code - 2026-03-12T000613.903.html
1	achilles-orchestra	PROCESS/ai_studio_code - 2026-03-11T235403.339.html
1	achilles-orchestra	MESH-GNN/ripples.html
1	achilles-orchestra	MESH-GNN/rcc-eco-shieldfield.html
1	achilles-orchestra	MESH-GNN/ouro-revo.html
1	achilles-orchestra	MESH-GNN/ouro-harness.html
1	achilles-orchestra	MESH-GNN/ouro-ecology-orchestra.html
1	achilles-orchestra	MESH-GNN/achilles-photosphere-orchestra.html
1	achilles-orchestra	MESH-GNN/achilles-photosphere-orchestra-gemini.html
1	abundant-nes	volumetric_venn_cubes_mobile_draggable_dock.html
1	abundant-nes	volumetric_venn_cubes_mobile_draggable_dock (9).html
1	abundant-nes	volumetric_venn_cubes_mobile_draggable_dock (8).html
1	abundant-nes	volumetric_venn_cubes_mobile_draggable_dock (7).html
1	abundant-nes	volumetric_venn_cubes_mobile_draggable_dock (6).html
1	abundant-nes	volumetric_venn_cubes_mobile_draggable_dock (5).html
1	abundant-nes	volumetric_venn_cubes_mobile_draggable_dock (4).html
1	abundant-nes	volumetric_venn_cubes_mobile_draggable_dock (3).html
1	abundant-nes	volumetric_venn_cubes_mobile_draggable_dock (2).html
1	abundant-nes	volumetric_venn_cubes_mobile_draggable_dock (14).html
1	abundant-nes	volumetric_venn_cubes_mobile_draggable_dock (13).html
1	abundant-nes	volumetric_venn_cubes_mobile_draggable_dock (12).html
1	abundant-nes	volumetric_venn_cubes_mobile_draggable_dock (11).html
1	abundant-nes	volumetric_venn_cubes_mobile_draggable_dock (10).html
1	abundant-nes	volumetric_venn_cubes_mobile_draggable_dock (1).html
1	abundant-nes	volumetric_media_nexus_unthinkable_applied.html
1	abundant-nes	volumetric_media_nexus_unthinkable_applied (4).html
1	abundant-nes	volumetric_media_nexus_unthinkable_applied (3).html
1	abundant-nes	volumetric_media_nexus_unthinkable_applied (2).html
1	abundant-nes	volumetric_media_nexus_unthinkable_applied (1).html
1	abundant-nes	volumetric_cube_stacks_overlap_nexus_gully_edition.html
1	abundant-nes	volumetric_cube_stacks_overlap_nexus_gully_edition (1).html
1	abundant-nes	vol_stacks_isometric_sequencer_demo_single_file_canvas.html
1	abundant-nes	vol_stacks_isometric_sequencer_demo_single_file_canvas (6).html
1	abundant-nes	vol_stacks_isometric_sequencer_demo_single_file_canvas (5).html
1	abundant-nes	vol_stacks_isometric_sequencer_demo_single_file_canvas (4).html
1	abundant-nes	vol_stacks_isometric_sequencer_demo_single_file_canvas (3).html
1	abundant-nes	vol_stacks_isometric_sequencer_demo_single_file_canvas (2).html
1	abundant-nes	vol_stacks_isometric_sequencer_demo_single_file_canvas (1).html
1	abundant-nes	vol_media_master_alley_stack_prototype_v_1.html
1	abundant-nes	vol_media_master_alley_stack_prototype_v_1 (1).html
1	abundant-nes	vol_media_edge_controls_as_pure_stacks.html
1	abundant-nes	vol_media_decks_v_5_canvas_only_data_stacks.html
1	abundant-nes	vol_media_decks_v_5_canvas_only_data_stacks (3).html
1	abundant-nes	vol_media_decks_v_5_canvas_only_data_stacks (2).html
1	abundant-nes	vol_media_decks_v_5_canvas_only_data_stacks (1).html
1	abundant-nes	vol_media_decks_v_20_edge_docks_fit_frustum_see_through_popup_single_file.html
1	abundant-nes	vol_media_decks_v_20_edge_docks_fit_frustum_see_through_popup_single_file (1).html
1	abundant-nes	vol_media_decks_v_19_stack_symmetric_hud_clear_alley.html
1	abundant-nes	vol_media_decks_v_19_stack_symmetric_hud_clear_alley (2).html
1	abundant-nes	vol_media_decks_v_19_stack_symmetric_hud_clear_alley (1).html
1	abundant-nes	vol_media_decks_v_19_musical_banks_coin_ontology_poml_aware.html
1	abundant-nes	vol_media_decks_v_18_musical_banks_stacks_of_coins_erewhon_fusion.html
1	abundant-nes	vol_media_decks_v7.html
1	abundant-nes	vol_media_decks_v6.html
1	abundant-nes	vol_media_decks_everything_is_a_stack_v_20_hud_density_mega_mode.html
1	abundant-nes	vol_media_decks_everything_is_a_stack_v_20_hud_density_mega_mode (6).html
1	abundant-nes	vol_media_decks_everything_is_a_stack_v_20_hud_density_mega_mode (5).html
1	abundant-nes	vol_media_decks_everything_is_a_stack_v_20_hud_density_mega_mode (4).html
1	abundant-nes	vol_media_decks_everything_is_a_stack_v_20_hud_density_mega_mode (3).html
1	abundant-nes	vol_media_decks_everything_is_a_stack_v_20_hud_density_mega_mode (2).html
1	abundant-nes	vol_media_decks_everything_is_a_stack_v_20_hud_density_mega_mode (1).html
1	abundant-nes	venn_32_glowing_stack_index_single_file.html
1	abundant-nes	venn_32_glowing_stack_index_single_file (9).html
1	abundant-nes	venn_32_glowing_stack_index_single_file (9) (1).html
1	abundant-nes	venn_32_glowing_stack_index_single_file (8).html
1	abundant-nes	venn_32_glowing_stack_index_single_file (7).html
1	abundant-nes	venn_32_glowing_stack_index_single_file (6).html
1	abundant-nes	venn_32_glowing_stack_index_single_file (5).html
1	abundant-nes	venn_32_glowing_stack_index_single_file (4).html
1	abundant-nes	venn_32_glowing_stack_index_single_file (3).html
1	abundant-nes	venn_32_glowing_stack_index_single_file (2).html
1	abundant-nes	venn_32_glowing_stack_index_single_file (12).html
1	abundant-nes	venn_32_glowing_stack_index_single_file (11).html
1	abundant-nes	venn_32_glowing_stack_index_single_file (10).html
1	abundant-nes	venn_32_glowing_stack_index_single_file (1).html
1	abundant-nes	think_the_unthinkable_sonic_instrument_single_file.html
1	abundant-nes	tetrad_tetrahedron_engine_single_file_html_css_js_three.html
1	abundant-nes	tetrad_tetrahedron.html
1	abundant-nes	tetrad_tetrahedron (2).html
1	abundant-nes	tetrad_tetrahedron (1).html
1	abundant-nes	tetrad_gizmo_temporal_media_control_surface_single_file_prototype.html
1	abundant-nes	tetrad_gizmo_temporal_media_control_surface_single_file_prototype (2).html
1	abundant-nes	tetrad_gizmo_temporal_media_control_surface_single_file_prototype (1).html
1	abundant-nes	temporal_hypertetrahedron.html
1	abundant-nes	temporal_hypertetrahedron (8).html
1	abundant-nes	temporal_hypertetrahedron (7).html
1	abundant-nes	temporal_hypertetrahedron (6).html
1	abundant-nes	temporal_hypertetrahedron (5).html
1	abundant-nes	temporal_hypertetrahedron (4).html
1	abundant-nes	temporal_hypertetrahedron (3).html
1	abundant-nes	temporal_hypertetrahedron (2).html
1	abundant-nes	temporal_hypertetrahedron (1).html
1	abundant-nes	stack_index_minimal_preview_single_file_html.html
1	abundant-nes	stack_index_minimal_preview_single_file_html (9).html
1	abundant-nes	stack_index_minimal_preview_single_file_html (8).html
1	abundant-nes	stack_index_minimal_preview_single_file_html (7).html
1	abundant-nes	stack_index_minimal_preview_single_file_html (6).html
1	abundant-nes	stack_index_minimal_preview_single_file_html (5).html
1	abundant-nes	stack_index_minimal_preview_single_file_html (4).html
1	abundant-nes	stack_index_minimal_preview_single_file_html (3).html
1	abundant-nes	stack_index_minimal_preview_single_file_html (2).html
1	abundant-nes	stack_index_minimal_preview_single_file_html (12).html
1	abundant-nes	stack_index_minimal_preview_single_file_html (11).html
1	abundant-nes	stack_index_minimal_preview_single_file_html (10).html
1	abundant-nes	stack_index_minimal_preview_single_file_html (1).html
1	abundant-nes	spuddy_western_poster_town_accessible_v_2 (2).html
1	abundant-nes	spuddy_improved_single_file_html_v_2 (1).html
1	abundant-nes	spatiotemporal_tetrad_tetrahedron_mobile_three_js_canvas_show_dont_tell.html
1	abundant-nes	spatiotemporal_tetrad_tetrahedron_mobile_three_js_canvas_show_dont_tell (3).html
1	abundant-nes	spatiotemporal_tetrad_tetrahedron_mobile_three_js_canvas_show_dont_tell (1).html
1	abundant-nes	sonic_media_for_thinking_the_unthinkable_mobile_instrument_single_file.html
1	abundant-nes	sonic_forager_single_file_experimental_media_artifact_html_css_js.html
1	abundant-nes	sea_sequencer_responsive_edge_controls_v_2.html
1	abundant-nes	saul_bass_video_door_single_file_no_react.html
1	abundant-nes	saul_bass_video_door_single_file_no_react (1).html
1	abundant-nes	rhm_venn_stacks_v2b.html
1	abundant-nes	rhm_venn_stacks_v2.html
1	abundant-nes	rhm_venn_stacks_v1.html
1	abundant-nes	rhm_ultralite_v8.html
1	abundant-nes	rhm_three_v9g_overlap.html
1	abundant-nes	rhm_three_v9f_camera.html
1	abundant-nes	rhm_three_v9e_cards.html
1	abundant-nes	rhm_three_v9d_venn.html
1	abundant-nes	rhm_three_v9c_depth.html
1	abundant-nes	rhm_three_v9b_crisp.html
1	abundant-nes	rhm_three_v9b_crisp (1).html
1	abundant-nes	rhm_three_v9.html
1	abundant-nes	rhm_postits.html
1	abundant-nes	rhm_postits (1).html
1	abundant-nes	rhm_faces_reader_v2.html
1	abundant-nes	rhm_faces_reader.html
1	abundant-nes	rhm_faces_reader (1).html
1	abundant-nes	rhm_dom_v7h_read_guaranteed.html
1	abundant-nes	rhm_dom_v7g_auto_fit.html
1	abundant-nes	rhm_dom_v7f_fix_stacks_colors_overlay.html
1	abundant-nes	rhm_dom_v7e_mobile_cards.html
1	abundant-nes	rhm_dom_v7d_mobile_pro.html
1	abundant-nes	rhm_dom_v7c_mobile.html
1	abundant-nes	rhm_dom_v7b.html
1	abundant-nes	rhm_deck_overlap.html
1	abundant-nes	rhm_cards_on_face_v5.html
1	abundant-nes	rhm_cards_on_face_v4a.html
1	abundant-nes	rhm_cards_on_face_v4.html
1	abundant-nes	rhm_cards_on_face_v3.html
1	abundant-nes	rhm_cards_on_face.html
1	abundant-nes	rhm_32_layer_instrument.html
1	abundant-nes	radio_v2.html
1	abundant-nes	radio.html
1	abundant-nes	polished_tv_train_canvas_intro_final.html
1	abundant-nes	platos_laundry_three.html
1	abundant-nes	platos_laundry_three (1).html
1	abundant-nes	platos_laundry_front_door_sepia_physics_cloth_emitter.html
1	abundant-nes	orca_empathy_is_the_apex_predator_single_file_deck.html
1	abundant-nes	orca_empathy_is_the_apex_predator_single_file_deck (6).html
1	abundant-nes	orca_empathy_is_the_apex_predator_single_file_deck (5).html
1	abundant-nes	orca_empathy_is_the_apex_predator_single_file_deck (4).html
1	abundant-nes	orca_empathy_is_the_apex_predator_single_file_deck (3).html
1	abundant-nes	orca_empathy_is_the_apex_predator_single_file_deck (2).html
1	abundant-nes	orca_empathy_is_the_apex_predator_single_file_deck (1).html
1	abundant-nes	orca_empathy_is_the_apex_predator_mobile_slide_deck_single_file_html.html
1	abundant-nes	orca_deck_predator_paradox_update_single_file_html.html
1	abundant-nes	orca_deck_predator_paradox_update_single_file_html (3).html
1	abundant-nes	orca_deck_predator_paradox_update_single_file_html (2).html
1	abundant-nes	orca_deck_predator_paradox_update_single_file_html (1).html
1	abundant-nes	muybridge_bullet_time_media_for_thinking_the_unthinkable_mobile.html
1	abundant-nes	muybridge_bullet_time_media_for_thinking_the_unthinkable_mobile (5).html
1	abundant-nes	muybridge_bullet_time_media_for_thinking_the_unthinkable_mobile (4).html
1	abundant-nes	muybridge_bullet_time_media_for_thinking_the_unthinkable_mobile (3).html
1	abundant-nes	muybridge_bullet_time_media_for_thinking_the_unthinkable_mobile (2).html
1	abundant-nes	muybridge_bullet_time_media_for_thinking_the_unthinkable_mobile (1).html
1	abundant-nes	minimal_canvas_odometer_speech_gated_single_file.html
1	abundant-nes	index.html
1	abundant-nes	hypnosis_clock_odometer_single_file_index.html
1	abundant-nes	hypertetrahedral_temporal_control_surface_pure_show_dont_tell_single_file_three.html
1	abundant-nes	hypertetrahedral_temporal_control_gizmo_single_file_three_js_html_css_js.html
1	abundant-nes	hypertetrahedral_temporal_control_gizmo_single_file_three_js_html_css_js (2).html
1	abundant-nes	hypertetrahedral_temporal_control_gizmo_single_file_three_js_html_css_js (1).html
1	abundant-nes	hypertetrahedral_hypertext_gizmo_single_file_mobile_html_css_js.html
1	abundant-nes	hypertetrahedral_hypertext_gizmo_single_file_mobile_html_css_js (7).html
1	abundant-nes	hypertetrahedral_hypertext_gizmo_single_file_mobile_html_css_js (6).html
1	abundant-nes	hypertetrahedral_hypertext_gizmo_single_file_mobile_html_css_js (5).html
1	abundant-nes	hypertetrahedral_hypertext_gizmo_single_file_mobile_html_css_js (4).html
1	abundant-nes	hypertetrahedral_hypertext_gizmo_single_file_mobile_html_css_js (3).html
1	abundant-nes	hypertetrahedral_hypertext_gizmo_single_file_mobile_html_css_js (2).html
1	abundant-nes	hypertetrahedral_hypertext_gizmo_single_file_mobile_html_css_js (1).html
1	abundant-nes	hypertet_thickened_prompt_gizmo_single_file_html_css_js_three.html
1	abundant-nes	geo_tetrad_cultural_os_mobile_first_fullscreen_sound.html
1	abundant-nes	excavator_engine_single_file_ritual_interface.html
1	abundant-nes	excavator_engine_single_file_ritual_interface (1).html
1	abundant-nes	echoes_algorithms_performance_lecture_single_file.html
1	abundant-nes	echoes_algorithms_mobile_one_file_presentation.html
1	abundant-nes	echoes_algorithms_live_audio_presentation_single_file_mobile_first.html
1	abundant-nes	echoes_algorithms_experimental_soundtrack_engine_single_file.html
1	abundant-nes	chips_fries_quadrant_business_model_canvases_single_file_html (1).html
1	abundant-nes	bullet_time_mobile_unthinkable_v_2_mobile_first_bret_victor_refactor.html
1	abundant-nes	bullet_time_mobile_unthinkable_v_2_mobile_first_bret_victor_refactor (6).html
1	abundant-nes	bullet_time_mobile_unthinkable_v_2_mobile_first_bret_victor_refactor (5).html
1	abundant-nes	bullet_time_mobile_unthinkable_v_2_mobile_first_bret_victor_refactor (4).html
1	abundant-nes	bullet_time_mobile_unthinkable_v_2_mobile_first_bret_victor_refactor (3).html
1	abundant-nes	bullet_time_mobile_unthinkable_v_2_mobile_first_bret_victor_refactor (2).html
1	abundant-nes	bullet_time_mobile_unthinkable_v_2_mobile_first_bret_victor_refactor (1).html
1	abundant-nes	bullet_time_camera_array_mobile_cinematic_debug_single_file.html
1	abundant-nes	btine_v_2_western_filmmaking_engine_edge_ring_scenes_persistence.html
1	abundant-nes	btine_v_2_western_filmmaking_engine_edge_ring_scenes_persistence (4).html
1	abundant-nes	btine_v_2_western_filmmaking_engine_edge_ring_scenes_persistence (3).html
1	abundant-nes	btine_v_2_western_filmmaking_engine_edge_ring_scenes_persistence (2).html
1	abundant-nes	btine_v_2_western_filmmaking_engine_edge_ring_scenes_persistence (1).html
1	abundant-nes	arc_test.html
1	abundant-nes	arc_designer.html
1	abundant-nes	apple_soviet_kruger_odometer_index.html
1	abundant-nes	ai_studio_code - 2025-09-29T063158.556.html
1	abundant-nes	ai_studio_code - 2025-09-29T062954.621.html
1	abundant-nes	ai_studio_code - 2025-09-29T062545.571.html
1	abundant-nes	ai_studio_code - 2025-09-29T062400.817.html
1	abundant-nes	ai_studio_code - 2025-09-29T062016.252.html
1	abundant-nes	ai_studio_code - 2025-09-29T061225.796.html
1	abundant-nes	ai_studio_code - 2025-09-29T060923.271.html
1	abundant-nes	ai_studio_code - 2025-09-29T060650.719.html
1	abundant-nes	ai_studio_code - 2025-09-29T060434.942.html
1	abundant-nes	ai_studio_code - 2025-09-29T060142.289.html
1	abundant-nes	ai_studio_code - 2025-09-29T055839.345.html
1	abundant-nes	ai_studio_code - 2025-09-29T055523.212.html
1	abundant-nes	ai_studio_code - 2025-09-29T055158.580.html
1	abundant-nes	ai_studio_code - 2025-09-25T152537.831.html
1	abundant-nes	ai_studio_code - 2025-09-25T152226.073.html
1	abundant-nes	ai_studio_code - 2025-09-25T152010.895.html
1	abundant-nes	abunes-07.html
1	abundant-nes	abundant_nes_mobile_terminal_hub_single_file_html.html
1	abundant-nes	abundant_nes_mobile_terminal_hub_single_file_html (7).html
1	abundant-nes	abundant_nes_mobile_terminal_hub_single_file_html (5).html
1	abundant-nes	abundant_nes_mobile_terminal_hub_single_file_html (4).html
1	abc-flix	sensorama-sankofa.html
1	abc-flix	old-one.html
1	abc-flix	icaro-spo.html
1	abc-flix	icaro-spiral.html
1	abc-flix	icaro-sp.html
1	abc-flix	icaro-pro-bus-pt.html
1	abc-flix	icaro-port.html
1	abc-flix	icaro-port-01.html
1	abc-flix	icaro-flow.html
1	abc-flix	icaro-flow-sp.html
1	abc-flix	icaro-fleece.html
1	abc-flix	icaro-ato.html
1	abc-flix	icaro-achilles.html
1	abc-flix	harness-pt.html
1	abc-flix	crt.html
1	abc-flix	colosseum.html
1	abc-flix	colosseum-viewer.html
1	abc-flix	c-bus-pt.html
1	abc-flix	WIDE/c.html
1	abc-flix	WIDE/b.html
1	abc-flix	WIDE/a.html
1	abc-flix	TUBE/tactile_arc_tunnel_section_surgery.html
1	abc-flix	TUBE/sensorama_vr_futures_cone_refined.html
1	abc-flix	TUBE/sensorama_vr_futures_cone_density.html
1	abc-flix	TUBE/sensorama_vr_cone_wall_clean_ux.html
1	abc-flix	TUBE/sensorama_scot_mobile_planner.html
1	abc-flix	TUBE/riverbed_video_editor_prototype.html
1	abc-flix	TUBE/persistent_sensorama_cone_single_file_html.html
1	abc-flix	TUBE/parts/zoke.html
1	abc-flix	TUBE/parts/yoke.html
1	abc-flix	TUBE/parts/xtra.html
1	abc-flix	TUBE/parts/xray.html
1	abc-flix	TUBE/parts/xloco.html
1	abc-flix	TUBE/parts/xl.html
1	abc-flix	TUBE/parts/what.html
1	abc-flix	TUBE/parts/volume.html
1	abc-flix	TUBE/parts/uv.html
1	abc-flix	TUBE/parts/tv.html
1	abc-flix	TUBE/parts/suppressor.html
1	abc-flix	TUBE/parts/stem.html
1	abc-flix	TUBE/parts/socket.html
1	abc-flix	TUBE/parts/shield.html
1	abc-flix	TUBE/parts/screen.html
1	abc-flix	TUBE/parts/plate.html
1	abc-flix	TUBE/parts/pin.html
1	abc-flix	TUBE/parts/phosphor.html
1	abc-flix	TUBE/parts/op.html
1	abc-flix	TUBE/parts/neck.html
1	abc-flix	TUBE/parts/mica.html
1	abc-flix	TUBE/parts/mask.html
1	abc-flix	TUBE/parts/heater.html
1	abc-flix	TUBE/parts/gun.html
1	abc-flix	TUBE/parts/grid.html
1	abc-flix	TUBE/parts/getter.html
1	abc-flix	TUBE/parts/funnel.html
1	abc-flix	TUBE/parts/filament.html
1	abc-flix	TUBE/parts/faceplate.html
1	abc-flix	TUBE/parts/envelope.html
1	abc-flix	TUBE/parts/deflector.html
1	abc-flix	TUBE/parts/cathode.html
1	abc-flix	TUBE/parts/bulb.html
1	abc-flix	TUBE/parts/beam.html
1	abc-flix	TUBE/parts/base.html
1	abc-flix	TUBE/parts/anode.html
1	abc-flix	TUBE/icaro_stepping_stone_operator.html
1	abc-flix	TUBE/icaro_slice_trial_mode.html
1	abc-flix	TUBE/icaro_patch_policy_operator.html
1	abc-flix	TUBE/icaro-state-lens-operator.html
1	abc-flix	TUBE/icaro-slice-court-1.html
1	abc-flix	TUBE/icaro-nsds-operator-patch-rl-fast.html
1	abc-flix	TUBE/clip_surgery_bay_single_file_html.html
1	abc-flix	TUBE/circle.html
1	abc-flix	TUBE/circle-00.html
1	abc-flix	TUBE/b.html
1	abc-flix	TUBE/archive/sensorama_projector_responsive_single_file.html
1	abc-flix	TUBE/archive/sensorama_projector_responsive_single_file (1).html
1	abc-flix	TUBE/archive/preview (55).html
1	abc-flix	TUBE/archive/preview (54).html
1	abc-flix	TUBE/archive/preview (53).html
1	abc-flix	TUBE/archive/preview (52).html
1	abc-flix	TUBE/archive/preview (51).html
1	abc-flix	TUBE/archive/preview (50).html
1	abc-flix	TUBE/archive/preview (49).html
1	abc-flix	TUBE/archive/preview (48).html
1	abc-flix	TUBE/archive/preview (47).html
1	abc-flix	TUBE/archive/preview (46).html
1	abc-flix	TUBE/archive/preview (45).html
1	abc-flix	TUBE/archive/preview (44).html
1	abc-flix	TUBE/archive/preview (43).html
1	abc-flix	TUBE/archive/preview (42).html
1	abc-flix	TUBE/archive/preview (41).html
1	abc-flix	TUBE/archive/preview (40).html
1	abc-flix	TUBE/archive/preview (39).html
1	abc-flix	TUBE/archive/preview (38).html
1	abc-flix	TUBE/archive/preview (37).html
1	abc-flix	TUBE/archive/preview (36).html
1	abc-flix	TUBE/archive/preview (35).html
1	abc-flix	TUBE/archive/preview (34).html
1	abc-flix	TUBE/archive/preview (33).html
1	abc-flix	TUBE/archive/preview (32).html
1	abc-flix	TUBE/archive/preview (31).html
1	abc-flix	TUBE/archive/preview (30).html
1	abc-flix	TUBE/archive/preview (29).html
1	abc-flix	TUBE/archive/icaro_predict_compare_train_burn_lab.html
1	abc-flix	TUBE/archive/icaro_predict_compare_train_burn_lab (2).html
1	abc-flix	TUBE/archive/icaro_predict_compare_train_burn_lab (1).html
1	abc-flix	TUBE/archive/icaro_patch_policy_operator (2).html
1	abc-flix	TUBE/archive/icaro_patch_policy_operator (1).html
1	abc-flix	TUBE/archive/gemini-code-1777137858420.html
1	abc-flix	TUBE/archive/gemini-code-1777137368469.html
1	abc-flix	TUBE/archive/gemini-code-1777072354415.html
1	abc-flix	TUBE/archive/arc_tunnel_operator_single_file (1).html
1	abc-flix	TUBE/archive/arc_tunnel_operator_full_single_file (1).html
1	abc-flix	TUBE/archive/arc_splice_operator_editor (1).html
1	abc-flix	TUBE/arc_tunnel_riverbed_editor.html
1	abc-flix	TUBE/arc_tunnel_operator_single_file.html
1	abc-flix	TUBE/arc_tunnel_operator_full_single_file.html
1	abc-flix	TUBE/arc_tunnel_beast_single_file.html
1	abc-flix	TUBE/arc_splice_section_bay.html
1	abc-flix	TUBE/arc_splice_operator_editor.html
1	abc-flix	TUBE/arc_splice_operator_3dth.html
1	abc-flix	TUBE/a.html
1	abc-flix	TUBE/NEW ART/use-03.html
1	abc-flix	TUBE/NEW ART/use-02.html
1	abc-flix	TUBE/NEW ART/use-01.html
1	abc-flix	TUBE/NEW ART/use-00.html
1	abc-flix	TAX-FUTURE/take.html
1	abc-flix	TAX-FUTURE/stacked-00.html
1	abc-flix	TAX-FUTURE/single-00.html
1	abc-flix	TAX-FUTURE/sector_instrument.html
1	abc-flix	TAX-FUTURE/scot-00.html
1	abc-flix	TAX-FUTURE/quad-slice-good.html
1	abc-flix	TAX-FUTURE/preview (33).html
1	abc-flix	TAX-FUTURE/gemini-code-1777063156713.html
1	abc-flix	TAX-FUTURE/gemini-code-1777062423049.html
1	abc-flix	TAX-FUTURE/gemini-code-1777060467757.html
1	abc-flix	TAX-FUTURE/gemini-code-1777059913357.html
1	abc-flix	TAX-FUTURE/future_parallel_four_slices_tight.html
1	abc-flix	TAX-FUTURE/exper-00.html
1	abc-flix	TAX-FUTURE/d.html
1	abc-flix	TAX-FUTURE/c.html
1	abc-flix	TAX-FUTURE/bone-00.html
1	abc-flix	TAX-FUTURE/b.html
1	abc-flix	TAX-FUTURE/a.html
1	abc-flix	SWARMS_01/icaro_swarm_resonance_operator.html
1	abc-flix	SWARMS_01/icaro_nsds_analyze_operator.html
1	abc-flix	SWARMS_01/icaro-policy-trainer-final.html
1	abc-flix	SWARMS_01/icaro-flow-resonance.html
1	abc-flix	SWARMS/test_riverbed.py
1	abc-flix	SWARMS/swarm-oo.html
1	abc-flix	SWARMS/rl-single-agent.html
1	abc-flix	SWARMS/rl-playback.html
1	abc-flix	SWARMS/rl-multi-agent.html
1	abc-flix	SWARMS/rl-hierarchical.html
1	abc-flix	SWARMS/rl-beflix-coder.html
1	abc-flix	SWARMS/riverbed.py
1	abc-flix	SWARMS/riverbed-viewer.html
1	abc-flix	SWARMS/newo.html
1	abc-flix	SWARMS/icaro_swarm_resonance_operator.html
1	abc-flix	SWARMS/icaro_pro_v_2_single_file.html
1	abc-flix	SWARMS/icaro_nsds_analyze_operator.html
1	abc-flix	SWARMS/icaro_latent_choreography_kernel.html
1	abc-flix	SWARMS/icaro-swarm-operator.html
1	abc-flix	SWARMS/icaro-resonance-console.html
1	abc-flix	SWARMS/icaro-pro-v2.html
1	abc-flix	SWARMS/icaro-policy-trainer-final.html
1	abc-flix	SWARMS/icaro-policy-console.html
1	abc-flix	SWARMS/icaro-nsds-operator.html
1	abc-flix	SWARMS/icaro-flow-v2.html
1	abc-flix	SWARMS/icaro-flow-resonance.html
1	abc-flix	SWARMS/icaro-flow-console.html
1	abc-flix	SWARMS/icaro-compiler.html
1	abc-flix	SWARMS/icaro-choreography.html
1	abc-flix	SWARMS/harness_video.py
1	abc-flix	SWARMS/dwig-annotator.html
1	abc-flix	RIPPLES/xy-00.html
1	abc-flix	RIPPLES/xx-00.html
1	abc-flix	KIMI/ad-00.html
1	abc-flix	GEMINI/ax-00.html
1	abc-flix	GEMINI/af-00.html
1	abc-flix	GEMINI/ae-00.html
1	abc-flix	GEMINI/aa-00.html
1	abc-flix	CLAUDE/icaro-ship.html
1	abc-flix	CLAUDE/de-00.html
1	abc-flix	CLAUDE/bc-00.html
1	abc-flix	AETHEL/runner.js
1	abc-flix	AETHEL/orchestrator.js
1	abc-flix	AETHEL/dashboard.html
1	abc-flix	AETHEL/ambient.html
1	RIP	world-engine.html
1	RIP	rs2.html
1	RIP	rs2-orca.html
1	RIP	rs1.html
1	RIP	ort.html
1	RIP	orca.html
1	RIP	orca-08.html
1	RIP	moss.html
1	RIP	llm-compat.js
1	RIP	index.html
1	LEGOS	thousand/script_8.py
1	LEGOS	thousand/script_7.py
1	LEGOS	thousand/script_6.py
1	LEGOS	thousand/script_5.py
1	LEGOS	thousand/script_4.py
1	LEGOS	thousand/script_3.py
1	LEGOS	thousand/script_2.py
1	LEGOS	thousand/script_1.py
1	LEGOS	thousand/script.py
1	LEGOS	thousand-multi.html
1	LEGOS	technogenesis-multi.html
1	LEGOS	legos-liberation-engine-multichannel.html
1	LEGOS	index.html
1	12-specs	r1.html
1	12-specs	index.html
1	1000-small-futures	view-ring-memory.html
1	1000-small-futures	tutorial-system.js
1	1000-small-futures	tutorial-scenes.js
1	1000-small-futures	tutorial-overlay.js
1	1000-small-futures	thousands-tutorial.html
1	1000-small-futures	thousands-technogenesis.html
1	1000-small-futures	thousand-tet-tut.html
1	1000-small-futures	thousand-ring.html
1	1000-small-futures	thousand-railyard.html
1	1000-small-futures	thousand-railyard-001.html
1	1000-small-futures	thousand-multi.html
1	1000-small-futures	thousand-medical.html
1	1000-small-futures	thousand-lle.html
1	1000-small-futures	thousand-lives-sim.html
1	1000-small-futures	thousand-lives-godlevel.html
1	1000-small-futures	thousand-king-tut copy.html
1	1000-small-futures	thousand-feedloop.html
1	1000-small-futures	thousand-cultural.html
1	1000-small-futures	theory-map.html
1	1000-small-futures	temporal-index.js
1	1000-small-futures	session-viewer.html
1	1000-small-futures	session-viewer-styles.css
1	1000-small-futures	session-viewer-main.js
1	1000-small-futures	session-viewer-filmic.js
1	1000-small-futures	session-viewer-filmic.html
1	1000-small-futures	session-viewer-filmic-OLD.html
1	1000-small-futures	scenario-generator.html
1	1000-small-futures	ring-memory-viewer.html
1	1000-small-futures	ring-buffer.js
1	1000-small-futures	ouside-rad.html
1	1000-small-futures	ouside-rad-futures.html
1	1000-small-futures	logos-center.html
1	1000-small-futures	lle-multi.html
1	1000-small-futures	TEST_TOUR.html
1	1000-small-futures	ONBOARDING_SYSTEM.js
1	1000-small-futures	GUIDED_TOUR.js
1	1000-small-futures	CULTURAL SYSTEMS ENGINEER/pragmatic-rationality-os.html
1	1000-small-futures	CONTEXTUAL_TOUR_OLD.js
1	1000-small-futures	CONTEXTUAL_TOUR.js
1	1000-small-futures	CARTRIDGE_BROWSER_OLD.html
1	1000-small-futures	CARTRIDGE_BROWSER_BROKEN.html
1	1000-small-futures	1000-small-per/script_8.py
1	1000-small-futures	1000-small-per/script_7.py
1	1000-small-futures	1000-small-per/script_6.py
1	1000-small-futures	1000-small-per/script_5.py
1	1000-small-futures	1000-small-per/script_4.py
1	1000-small-futures	1000-small-per/script_3.py
1	1000-small-futures	1000-small-per/script_2.py
1	1000-small-futures	1000-small-per/script_1.py
1	1000-small-futures	1000-small-per/script.py
1	1000-small-futures	1000-small-futures-simulation.html
1	1000-medical	index.html
