score	touches	lines	bytes	repo	path
286.52	39	1550	115394	tractor-dce-gyo	index.html
237.94	29	3658	148394	moto	VOLHOLLA/index.html
231.19	27	5232	259638	island-ecology	BEES ON A TRAIN/twine-bridge.html
222.26	27	3758	174528	moto	mandalla.html
216.01	28	2240	105135	moto	VOLHOLLA/song-page.js
198.82	26	2093	103460	moto	VOLHOLLA/album-page.js
198.67	25	2825	140759	moto	op2.html
197.93	24	3815	174745	core-age	courage-genome.html
184.47	26	1205	64032	moto	index.html
152.32	16	13625	699580	tractor-dce-gyo	wag-viewer-prime-integration-20251112-055341 copy/wag-courage.html
144.32	20	1360	61061	moto	mandalla-deck.html
100.90	16	547	19901	moto	mandalla-deck-ns.html
93.22	15	499	17447	moto	mandalla-ns.html
77.17	11	1113	46797	sense-ritual	aaa.html
74.86	11	902	70812	ripples	index.html
63.46	10	569	24558	core-age	sequence_genome.js
63.24	7	8382	439330	tractor-dce-gyo	wag-viewer-prime-integration-20251112-055341 copy/wag-grace-editor.html
61.31	10	459	18308	abc-flix	index.html
61.17	11	259	9420	latent-sculptor	src/components/latent-sculptor/latent-sculptor-page.tsx
59.97	12	147	5323	latent-sculptor	src/components/latent-sculptor/sidebar.tsx
58.58	9	670	23900	ethics-infrastructure	index.html
50.93	6	4859	229091	abc-flix	icaro-pro.html
50.21	6	4304	250863	sense-ritual	STONE/swipe-quartz-frag-04.html
46.56	6	2343	83681	sense-ritual	garden.html
46.48	7	764	21316	tractor-dce-gyo	swiss-frank-grace-studio.html
45.28	6	1892	77805	core-age	courage-trail-olog.html
44.57	6	1682	77149	tractor-dce-gyo	wag-master.html
44.24	6	1592	53954	core-age	index.html
43.96	7	533	15604	acm	index.html
43.35	6	1372	29326	moto	VOLHOLLA/album-page.css
42.51	6	1192	82159	momsaic	sanko-00.html
42.30	7	420	15678	1000-small-futures	index.html
41.16	5	3757	129803	tractor-dce-gyo	wag-viewer-prime-integration-20251112-055341 copy/assembly-line.html
39.97	5	2962	155795	abc-flix	icaro-pro-bus.html
38.51	5	2211	96648	tractor-dce-gyo	mento-369.html
37.88	7	223	8723	latent-sculptor	src/components/latent-sculptor/parameter-node.tsx
36.97	5	1624	67464	tractor-dce-gyo	wag-were.html
36.79	6	459	18308	abc-flix	harness.html
36.67	5	1530	80085	core-age	pattern-glossary.html
35.85	5	1299	30036	moto	VOLHOLLA/song-page.css
34.69	7	141	6074	latent-sculptor	src/ai/flows/image-generation-flow.ts
34.20	5	933	47461	abc-flix	icaro-ripple.html
33.39	7	117	5966	latent-sculptor	src/components/latent-sculptor/pipeline-visualizer.tsx
33.34	5	786	31947	hyperclay-editor	son-mod-20.html
33.02	4	3842	162747	tractor-dce-gyo	onyx-thumb.html
32.48	4	3361	145660	abc-flix	c-bus.html
32.32	4	3225	136194	holo-project	holo-project.html
31.47	5	540	17483	k2.html	index.html
31.35	5	528	32330	acm	protocols/ey-03-deck.html
31.28	4	2491	74381	wh-ripple	orange-grid-viewer.html
31.25	4	2470	111742	ripples	orca-shield-18.html
31.20	4	2439	85391	wag-gallery	wag-gold-gallery.html
30.87	4	2246	86666	synesthetic-flux-console	superflux.html
30.86	5	478	12879	tractor-dce-gyo	Brickfilm_Studio_Kit/REALITY MEDIA_MOMENTO/momento.html
30.75	5	468	13323	meets	index.html
30.62	5	456	16915	tractor-dce-gyo	wag-viewer-prime-integration-20251112-055341 copy/beta-prime-engine.js
30.60	4	2098	158368	novus-groove	imc-00.html
30.55	5	449	23954	smith-deck	index.html
30.55	5	449	23954	prompt-smith	index.html
30.35	4	1974	90856	momsaic	bflix-cell.html
30.16	4	1879	125970	novus-groove	new-bone.html
30.08	4	1845	61723	gob	worldtext-completions-mobile.html
30.08	4	1845	61723	gaze	worldtext-completions-mobile.html
30.05	4	1831	81376	tractor-dce-gyo	mento-368.html
29.94	5	398	12332	fourth-shield	index.html
29.36	4	1538	48867	wh-ripple	live-demos.html
29.16	4	1464	47831	fourth-shield	crisis/index.html
29.13	4	1454	58795	ripples	orca-moss-16.html
29.03	5	331	10842	sense-ritual	index.html
27.99	3	11264	504194	1000-small-futures	thousand-tetrad.html
27.98	4	1091	73238	imc	index.html
27.89	4	1065	35436	moto	nab-fol.html
26.97	4	847	30001	holo-project	index.html
26.93	4	839	28522	tractor-dce-gyo	Brickfilm_Studio_Kit/REALITY MEDIA_MOMENTO/momento_capture_app.js
26.84	3	7670	320794	func-sub	func-orb-training.html
26.70	4	791	34458	atg-3	index.html
26.04	4	670	23900	ethics-infrastructure	igo.html
25.99	4	662	24907	ripples	orca-shield-23.html
25.91	3	5636	736801	golden-river	golden-remote.html
25.72	4	619	25047	ripples	orca-docs.html
25.69	3	5232	259596	island-ecology	ARCADE/twine-bridge.html
25.46	4	580	25861	func-sub	func-index.html
25.35	4	564	25075	jdb-ripple-remix	index.html
25.02	3	4181	185858	jdb-ripple-remix	ripple-engine.html
24.79	4	490	16918	gob	index.html
24.79	4	490	16918	gaze	index.html
24.46	3	3473	155968	island-ecology	BEES ON A TRAIN/skill-analyzer.html
24.37	4	442	18899	1000-small-futures	CARTRIDGE_BROWSER.html
24.28	3	3272	139204	holo-project	holo-talk.html
23.82	3	2807	129996	tractor-dce-gyo	onyx-tail.html
23.78	3	2772	104291	atg-3	SHUFFLE/forager/rocky-forager.html
23.32	4	339	14594	tractor-dce-gyo	wag-viewer-prime-integration-20251112-055341 copy/swiss-docs.html
23.28	3	2345	98851	tractor-dce-gyo	wag-symbiogene.html
23.13	3	2230	98376	the-republic	compare.html
22.81	3	2002	70730	tractor-dce-gyo	minifigurator-02.html
22.71	3	1940	80778	role-deck	courage-trail-olog.html
22.58	3	1859	46251	tractor-dce-gyo	wag-viewer-prime-integration-20251112-055341 copy/examples/js/loaders/LDrawLoader.js
22.39	3	1741	64409	moto	mall-time.html
22.15	3	1606	59654	ripples	orca-08.html
21.97	3	1513	75407	operation-describe	worldtext-reader.html
21.89	3	1472	66967	tractor-dce-gyo	onyx-abs.html
21.61	3	1342	51089	sense-ritual	time-alley.html
21.48	3	1284	54148	golden-river	scripts/build-golden-remote.js
21.33	3	1224	49480	the-republic	screenplay-assembly.html
21.27	3	1199	52672	ripples	orca-shield-17.html
20.89	3	1057	40850	wave	index.html
20.72	3	998	31518	role-deck	HUB.html
20.71	3	994	41665	tractor-dce-gyo	trubador-suite.html
20.63	3	969	35858	moto	mem.html
20.58	3	952	572237	island-ecology	ARCADE/data.js
20.53	3	936	28777	meets	slideshow.html
20.33	3	875	27006	tractor-dce-gyo	wag-frank.html
20.32	3	874	32849	bifurcator	index.html
20.30	3	868	37253	moto	man-mix.html
20.14	3	821	32801	liquid-bridge	index.html
20.12	3	818	26353	tractor-dce-gyo	wag-viewer-prime-integration-20251112-055341 copy/swiss-designator.html
19.88	3	754	30903	synesthetic-flux-console	index.html
19.51	3	666	37856	sympathetic-magic	view-02.html
19.42	3	646	21841	ripples	orca-shield-21.html
19.39	3	640	22442	ripples	orca-shield-22.html
19.37	3	636	26845	the-republic	treatment.html
19.20	3	600	28020	tractor-dce-gyo	wag-work.html
18.97	3	556	16123	tractor-dce-gyo	homer.html
18.96	3	555	23097	sympathetic-magic	index.html
18.95	3	553	22224	tractor-dce-gyo	worldinator.html
18.90	3	544	18050	ripples	orca-shield-25.html
18.84	3	533	30460	iran-sugarscape-abm	index.html
18.73	2	11700	585238	tractor-dce-gyo	wag-viewer-prime-integration-20251112-055341 copy/wag-brave.html
18.44	5	39	969	latent-sculptor	next.config.ts
18.43	3	465	14655	acm	design-history.html
18.41	3	462	24147	smith-deck	index-min.html
18.41	3	462	24147	prompt-smith	index-min.html
18.10	2	8521	378943	tractor-dce-gyo	taxonomizer.html
17.95	4	88	4029	moto	VOLHOLLA/song-noservice-08.html
17.95	4	88	4015	moto	VOLHOLLA/song-solar-08.html
17.95	4	88	4006	moto	VOLHOLLA/song-solar-18.html
17.95	4	88	3997	moto	VOLHOLLA/song-noservice-05.html
17.95	4	88	3993	moto	VOLHOLLA/song-clinical-06.html
17.95	4	88	3993	moto	VOLHOLLA/song-clinical-05.html
17.95	4	88	3989	moto	VOLHOLLA/song-noservice-02.html
17.95	4	88	3970	moto	VOLHOLLA/song-noservice-14.html
17.95	4	88	3952	moto	VOLHOLLA/song-noservice-16.html
17.95	4	88	3945	moto	VOLHOLLA/song-clinical-04.html
17.95	4	88	3938	moto	VOLHOLLA/song-noservice-13.html
17.95	4	88	3930	moto	VOLHOLLA/song-noservice-15.html
17.95	4	88	3923	moto	VOLHOLLA/song-noservice-06.html
17.95	4	88	3914	moto	VOLHOLLA/song-noservice-11.html
17.95	4	88	3913	moto	VOLHOLLA/song-clinical-01.html
17.95	4	88	3911	moto	VOLHOLLA/song-noservice-01.html
17.95	4	88	3905	moto	VOLHOLLA/song-clinical-03.html
17.95	4	88	3904	moto	VOLHOLLA/song-noservice-12.html
17.95	4	88	3903	moto	VOLHOLLA/song-noservice-09.html
17.95	4	88	3897	moto	VOLHOLLA/song-noservice-07.html
17.95	4	88	3889	moto	VOLHOLLA/song-clinical-02.html
17.95	4	88	3888	moto	VOLHOLLA/song-noservice-10.html
17.95	4	88	3879	moto	VOLHOLLA/song-noservice-03.html
17.95	4	88	3873	moto	VOLHOLLA/song-noservice-04.html
17.95	4	88	3840	moto	VOLHOLLA/song-noservice-17.html
17.91	3	390	13443	tractor-dce-gyo	brick-grid-family.html
17.73	3	368	20976	sense-ritual	swipe.html
17.62	3	355	29978	feedfall	index.html
17.46	3	336	11385	forkit	index.html
17.30	2	5711	752063	golden-river	groll-00.html
17.06	3	294	11694	text-ure	text-ure-nexus.html
17.03	3	291	13241	the-republic	onyx-rep.html
17.00	2	4914	185940	the-fork	RAILWAY GAME/railway-full-integration.html
16.88	2	4628	263239	cb	onboard.html
16.66	2	4150	232861	cb	index.html
16.53	3	246	8868	abc-flix	SWARMS/index.html
16.52	3	245	10764	text-ure	index.html
16.48	2	3797	148437	tractor-dce-gyo	wag-viewer-prime-integration-20251112-055341 copy/wag-gold-editor.html
16.30	2	3454	146460	sense-ritual	matrix-editor.html
16.24	2	3355	119114	jdb-ripple-remix	rcc-eco.html
16.07	2	3086	118267	k2.html	kope-04.html
16.01	2	2991	101244	moto	all-time.html
15.94	2	2885	124477	sense-ritual	a6.html
15.89	2	2819	122632	island-ecology	STAINED CONTEXT/stained-carpal.html
15.82	2	2719	118064	tractor-dce-gyo	mento-373.html
15.79	3	192	7552	dust-empire	index.html
15.79	2	2680	113859	island-ecology	STAINED CONTEXT/stained-lat.html
15.76	2	2644	112344	island-ecology	STAINED CONTEXT/stained-tarsal.html
15.75	2	2629	156409	fish-town	trout-town-memory.html
15.61	2	2446	106801	island-ecology	STAINED CONTEXT/stained-sternum.html
15.57	2	2404	99274	os-dope-faa	sitr-02.html
15.57	2	2402	77056	text-ure	media-flow.html
15.49	2	2307	115651	smith-deck	smith-puppet.html
15.49	2	2307	115651	prompt-smith	smith-puppet.html
15.48	2	2300	100244	island-ecology	STAINED CONTEXT/stained-rib.html
15.43	2	2242	82064	tractor-dce-gyo	locationator.html
15.43	2	2239	84085	tractor-dce-gyo	vehiculator.html
15.39	2	2192	96111	feedfall	ai_studio_code - 2025-10-04T180641.132.html
15.38	2	2190	103620	island-ecology	STAINED CONTEXT/stained-skill.html
15.34	3	165	6600	latent-sculptor	src/ai/client-side-generation.ts
15.33	2	2131	94050	core-age	gar-tao.html
15.33	2	2127	79016	tractor-dce-gyo	hyper-grid-00.html
15.30	2	2095	142447	media-shaper-2400	index.html
15.28	2	2082	96745	momsaic	bflix-cellu.html
15.27	2	2068	102429	smith-deck	smith-968.html
15.27	2	2068	102429	prompt-smith	smith-968.html
15.17	2	1964	93681	island-ecology	STAINED CONTEXT/stained-plus.html
15.15	2	1945	81004	human-as-media	index.html
15.12	2	1919	87957	island-ecology	STAINED CONTEXT/stained-bone.html
15.09	2	1891	67912	forkit	c1.html
15.09	2	1890	81814	wa	index.html
15.09	2	1888	77491	atg-3	courage-trail-olog.html
15.06	2	1858	136860	growing-entanglements	plot-paper.html
15.05	2	1849	83408	island-ecology	STAINED CONTEXT/stained-clavicle.html
15.04	2	1848	124203	popular-bowl	index.html
15.01	2	1816	133992	growing-entanglements	abm-paper.html
15.00	2	1804	66427	tractor-dce-gyo	brick-branch.html
14.97	2	1784	67631	forkit	fork-cascade-viz.html
14.95	2	1763	105439	smith-deck	deco-mood-03.html
14.95	2	1763	105439	prompt-smith	deco-mood-03.html
14.88	2	1703	63471	tractor-dce-gyo	minifigurator.html
14.88	2	1702	61269	grid-os-	index.html
14.87	2	1696	102550	smith-deck	deco-mood-02.html
14.87	2	1696	102550	prompt-smith	deco-mood-02.html
14.80	3	138	2953	sense-ritual	cut.html
14.80	2	1636	100568	smith-deck	deco-mood-00.html
14.80	2	1636	100568	prompt-smith	deco-mood-00.html
14.77	2	1614	98344	smith-deck	smith-puppet-02.html
14.77	2	1614	98344	prompt-smith	smith-puppet-02.html
14.77	2	1612	94152	haunted-tools	index.html
14.73	2	1581	58297	forkit	fork-dna-trail.html
14.71	2	1560	66034	k2.html	mandala.html
14.65	2	1513	51781	tmm	index.html
14.64	2	1511	59931	island-ecology	STAINED CONTEXT/stained-atlas.html
14.63	2	1504	38275	myth-engine	style.css
14.63	2	1501	65668	synesthetic-flux-console	weft.html
14.63	2	1498	62011	myth-as-os	index.html
14.60	2	1483	61081	novus-groove	asc-697.html
14.60	2	1481	47578	wave	sw-01.html
14.60	2	1478	70260	smith-deck	smith-137.html
14.60	2	1478	70260	prompt-smith	smith-137.html
14.54	2	1437	91326	smith-deck	smith-deco-puppet-00.html
14.54	2	1437	91326	prompt-smith	smith-deco-puppet-00.html
14.49	2	1398	57742	ripples	essay-1-worldtext-specification.html
14.45	2	1370	57893	island-ecology	STAINED CONTEXT/stained-glass-02.html
14.44	2	1365	43780	gob	worldtext-zen-reader.html
14.44	2	1365	43780	gaze	worldtext-zen-reader.html
14.41	2	1348	52359	island-ecology	STAINED CONTEXT/stained-radius.html
14.41	2	1343	57224	tractor-dce-gyo	sitemap-manifold-03.html
14.38	2	1324	45829	synesthetic-flux-console	botanica-03.html
14.32	2	1289	60674	core-age	gar-04.html
14.29	2	1267	60342	core-age	gar-06.html
14.25	2	1240	62420	text-ure	text-ure-02.html
14.23	2	1227	60230	role-deck	pattern-glossary.html
14.17	2	1193	42422	forkit	dh0.html
14.16	2	1188	40416	island-ecology	STAINED CONTEXT/stained-glass-field.html
14.15	2	1182	37245	achilles-orchestra	index.html
14.15	2	1181	47622	novus-groove	asc-075.html
14.12	2	1163	48052	ripples	essay-2-generative-nonhuman-ecologies.html
14.11	2	1160	47255	ripples	essay-3-imaginary-ecologies-framework.html
14.10	2	1149	51438	atg-3	project-genome.html
14.09	2	1146	78956	sense-ritual	a3.html
14.07	2	1135	39840	forkit	gh1.html
14.07	2	1133	43969	tractor-dce-gyo	LEGOS-tutorial-prime.html
14.06	2	1127	42031	forkit	HOLO-VIEWER.html
14.05	2	1126	69775	mfss	index.html
14.02	2	1107	54104	witt	index.html
13.96	2	1075	40384	os-dope-faa	olfl-mission-validator-00-BET.html
13.94	2	1065	53182	ripples	66.html
13.93	2	1060	33797	moto	radio-01.html
13.91	2	1045	36890	island-ecology	STAINED CONTEXT/stained-bicep.html
13.90	2	1042	29901	golden-river	scripts/build-groll-00.js
13.89	2	1035	37260	forkit	g7.html
13.83	2	1007	41017	island-ecology	BEES ON A TRAIN/semiotic-orrery.html
13.81	2	994	40015	tractor-dce-gyo	PLATOS-CAVE-tutorial.html
13.78	2	982	53797	ripples	12.html
13.77	2	975	48960	ripples	latent-interface.html
13.75	2	969	38265	witt	index-old.html
13.68	2	934	33387	tractor-dce-gyo	brick-architect.html
13.66	2	926	45708	island-ecology	STAINED CONTEXT/stained-window-03.html
13.66	2	926	31273	sense-ritual	m-crusher-06.html
13.65	2	921	59338	smith-deck	smith-puppet-01.html
13.65	2	921	59338	prompt-smith	smith-puppet-01.html
13.63	2	909	43549	core-age	gar-05.html
13.61	2	903	33582	human-as-media	arch.html
13.60	2	896	27200	moto	radio-03.html
13.59	2	893	27523	moto	radio-04.html
13.56	2	877	45683	island-ecology	BEES ON A TRAIN/hive-repl.html
13.52	2	862	35651	the-republic	megamap.html
13.50	3	89	3030	core-age	update_manifest.py
13.49	2	849	44043	island-ecology	STAINED CONTEXT/stained-glass.html
13.47	2	839	31057	forkit	bet.html
13.47	3	88	4290	moto	VOLHOLLA/song-mitte-11.html
13.47	3	88	4286	moto	VOLHOLLA/song-cypher-16.html
13.47	3	88	4240	moto	VOLHOLLA/song-cypher-12.html
13.47	3	88	4217	moto	VOLHOLLA/song-mitte-06.html
13.47	3	88	4214	moto	VOLHOLLA/song-cypher-14.html
13.47	3	88	4191	moto	VOLHOLLA/song-mitte-04.html
13.47	3	88	4191	moto	VOLHOLLA/song-cypher-09.html
13.47	3	88	4174	moto	VOLHOLLA/song-jukebox-08.html
13.47	3	88	4173	moto	VOLHOLLA/song-mitte-08.html
13.47	3	88	4172	moto	VOLHOLLA/song-jukebox-01.html
13.47	3	88	4172	moto	VOLHOLLA/song-cypher-13.html
13.47	3	88	4171	moto	VOLHOLLA/song-cypher-08.html
13.47	3	88	4170	moto	VOLHOLLA/song-mitte-12.html
13.47	3	88	4166	moto	VOLHOLLA/song-mitte-14.html
13.47	3	88	4162	moto	VOLHOLLA/song-jukebox-09.html
13.47	3	88	4160	moto	VOLHOLLA/song-mitte-15.html
13.47	3	88	4160	moto	VOLHOLLA/song-jukebox-05.html
13.47	3	88	4159	moto	VOLHOLLA/song-mitte-02.html
13.47	3	88	4154	moto	VOLHOLLA/song-crossroads-01.html
13.47	3	88	4149	moto	VOLHOLLA/song-mitte-07.html
13.47	3	88	4149	moto	VOLHOLLA/song-jukebox-10.html
13.47	3	88	4146	moto	VOLHOLLA/song-jukebox-06.html
13.47	3	88	4144	moto	VOLHOLLA/song-mitte-17.html
13.47	3	88	4138	moto	VOLHOLLA/song-jukebox-03.html
13.47	3	88	4134	moto	VOLHOLLA/song-crossroads-17.html
13.47	3	88	4128	moto	VOLHOLLA/song-mitte-16.html
13.47	3	88	4128	moto	VOLHOLLA/song-mitte-10.html
13.47	3	88	4128	moto	VOLHOLLA/song-elephant-06.html
13.47	3	88	4126	moto	VOLHOLLA/song-river-02.html
13.47	3	88	4126	moto	VOLHOLLA/song-crossroads-06.html
13.47	3	88	4125	moto	VOLHOLLA/song-mitte-09.html
13.47	3	88	4124	moto	VOLHOLLA/song-jukebox-07.html
13.47	3	88	4118	moto	VOLHOLLA/song-mitte-19.html
13.47	3	88	4116	moto	VOLHOLLA/song-elephant-01.html
13.47	3	88	4112	moto	VOLHOLLA/song-crossroads-04.html
13.47	3	88	4111	moto	VOLHOLLA/song-mitte-01.html
13.47	3	88	4110	moto	VOLHOLLA/song-mitte-13.html
13.47	3	88	4109	moto	VOLHOLLA/song-elephant-10.html
13.47	3	88	4107	moto	VOLHOLLA/song-jukebox-11.html
13.47	3	88	4104	moto	VOLHOLLA/song-crossroads-05.html
13.47	3	88	4104	moto	VOLHOLLA/song-crossroads-02.html
13.47	3	88	4102	moto	VOLHOLLA/song-elephant-08.html
13.47	3	88	4101	moto	VOLHOLLA/song-mitte-03.html
13.47	3	88	4100	moto	VOLHOLLA/song-elephant-07.html
13.47	3	88	4096	moto	VOLHOLLA/song-crossroads-09.html
13.47	3	88	4096	moto	VOLHOLLA/song-crossroads-08.html
13.47	3	88	4094	moto	VOLHOLLA/song-mitte-18.html
13.47	3	88	4093	moto	VOLHOLLA/song-mitte-05.html
13.47	3	88	4092	moto	VOLHOLLA/song-elephant-02.html
13.47	3	88	4090	moto	VOLHOLLA/song-jukebox-02.html
13.47	3	88	4090	moto	VOLHOLLA/song-crossroads-20.html
13.47	3	88	4089	moto	VOLHOLLA/song-river-18.html
13.47	3	88	4089	moto	VOLHOLLA/song-river-14.html
13.47	3	88	4088	moto	VOLHOLLA/song-crossroads-16.html
13.47	3	88	4086	moto	VOLHOLLA/song-crossroads-18.html
13.47	3	88	4083	moto	VOLHOLLA/song-solar-01.html
13.47	3	88	4078	moto	VOLHOLLA/song-crossroads-07.html
13.47	3	88	4074	moto	VOLHOLLA/song-jukebox-04.html
13.47	3	88	4072	moto	VOLHOLLA/song-crossroads-12.html
13.47	3	88	4069	moto	VOLHOLLA/song-river-10.html
13.47	3	88	4065	moto	VOLHOLLA/song-crossroads-21.html
13.47	3	88	4064	moto	VOLHOLLA/song-cypher-11.html
13.47	3	88	4064	moto	VOLHOLLA/song-concreto-11.html
13.47	3	88	4062	moto	VOLHOLLA/song-solar-14.html
13.47	3	88	4060	moto	VOLHOLLA/song-river-08.html
13.47	3	88	4058	moto	VOLHOLLA/song-solar-13.html
13.47	3	88	4057	moto	VOLHOLLA/song-river-17.html
13.47	3	88	4056	moto	VOLHOLLA/song-cyber-21.html
13.47	3	88	4054	moto	VOLHOLLA/song-solar-17.html
13.47	3	88	4054	moto	VOLHOLLA/song-crossroads-13.html
13.47	3	88	4054	moto	VOLHOLLA/song-crossroads-03.html
13.47	3	88	4050	moto	VOLHOLLA/song-river-03.html
13.47	3	88	4050	moto	VOLHOLLA/song-elephant-09.html
13.47	3	88	4046	moto	VOLHOLLA/song-crossroads-19.html
13.47	3	88	4044	moto	VOLHOLLA/song-solar-19.html
13.47	3	88	4044	moto	VOLHOLLA/song-crossroads-15.html
13.47	3	88	4042	moto	VOLHOLLA/song-elephant-05.html
13.47	3	88	4042	moto	VOLHOLLA/song-elephant-04.html
13.47	3	88	4042	moto	VOLHOLLA/song-elephant-03.html
13.47	3	88	4038	moto	VOLHOLLA/song-crossroads-14.html
13.47	3	88	4037	moto	VOLHOLLA/song-river-15.html
13.47	3	88	4033	moto	VOLHOLLA/song-solar-02.html
13.47	3	88	4032	moto	VOLHOLLA/song-cyber-17.html
13.47	3	88	4032	moto	VOLHOLLA/song-concreto-10.html
13.47	3	88	4030	moto	VOLHOLLA/song-river-06.html
13.47	3	88	4030	moto	VOLHOLLA/song-cyber-23.html
13.47	3	88	4030	moto	VOLHOLLA/song-crossroads-10.html
13.47	3	88	4028	moto	VOLHOLLA/song-cyber-25.html
13.47	3	88	4028	moto	VOLHOLLA/song-cyber-20.html
13.47	3	88	4028	moto	VOLHOLLA/song-cyber-10.html
13.47	3	88	4028	moto	VOLHOLLA/song-crossroads-11.html
13.47	3	88	4027	moto	VOLHOLLA/song-cyber-03.html
13.47	3	88	4023	moto	VOLHOLLA/song-river-19.html
13.47	3	88	4022	moto	VOLHOLLA/song-river-04.html
13.47	3	88	4022	moto	VOLHOLLA/song-cyber-24.html
13.47	3	88	4022	moto	VOLHOLLA/song-cyber-11.html
13.47	3	88	4021	moto	VOLHOLLA/song-cyber-07.html
13.47	3	88	4020	moto	VOLHOLLA/song-solar-16.html
13.47	3	88	4020	moto	VOLHOLLA/song-river-09.html
13.47	3	88	4013	moto	VOLHOLLA/song-river-16.html
13.47	3	88	4012	moto	VOLHOLLA/song-river-01.html
13.47	3	88	4011	moto	VOLHOLLA/song-cyber-04.html
13.47	3	88	4009	moto	VOLHOLLA/song-cyber-09.html
13.47	3	88	4009	moto	VOLHOLLA/song-cyber-08.html
13.47	3	88	4009	moto	VOLHOLLA/song-crossroads-22.html
13.47	3	88	4006	moto	VOLHOLLA/song-cyber-27.html
13.47	3	88	4003	moto	VOLHOLLA/song-river-11.html
13.47	3	88	4003	moto	VOLHOLLA/song-cyber-02.html
13.47	3	88	4001	moto	VOLHOLLA/song-concreto-05.html
13.47	3	88	3998	moto	VOLHOLLA/song-loom-13.html
13.47	3	88	3998	moto	VOLHOLLA/song-cyber-26.html
13.47	3	88	3998	moto	VOLHOLLA/song-cyber-18.html
13.47	3	88	3996	moto	VOLHOLLA/song-river-05.html
13.47	3	88	3993	moto	VOLHOLLA/song-solar-04.html
13.47	3	88	3989	moto	VOLHOLLA/song-loom-09.html
13.47	3	88	3988	moto	VOLHOLLA/song-solar-15.html
13.47	3	88	3988	moto	VOLHOLLA/song-cyber-22.html
13.47	3	88	3988	moto	VOLHOLLA/song-cyber-19.html
13.47	3	88	3987	moto	VOLHOLLA/song-river-13.html
13.47	3	88	3986	moto	VOLHOLLA/song-solar-12.html
13.47	3	88	3986	moto	VOLHOLLA/song-cyber-14.html
13.47	3	88	3985	moto	VOLHOLLA/song-loom-05.html
13.47	3	88	3980	moto	VOLHOLLA/song-cyber-16.html
13.47	3	88	3978	moto	VOLHOLLA/song-solar-10.html
13.47	3	88	3977	moto	VOLHOLLA/song-solar-06.html
13.47	3	88	3977	moto	VOLHOLLA/song-cyber-01.html
13.47	3	88	3976	moto	VOLHOLLA/song-solar-11.html
13.47	3	88	3976	moto	VOLHOLLA/song-loom-10.html
13.47	3	88	3973	moto	VOLHOLLA/song-loom-02.html
13.47	3	88	3971	moto	VOLHOLLA/song-solar-07.html
13.47	3	88	3971	moto	VOLHOLLA/song-river-12.html
13.47	3	88	3971	moto	VOLHOLLA/song-cyber-06.html
13.47	3	88	3970	moto	VOLHOLLA/song-river-07.html
13.47	3	88	3970	moto	VOLHOLLA/song-cyber-12.html
13.47	3	88	3969	moto	VOLHOLLA/song-solar-03.html
13.47	3	88	3969	moto	VOLHOLLA/song-cyber-05.html
13.47	3	88	3968	moto	VOLHOLLA/song-loom-15.html
13.47	3	88	3966	moto	VOLHOLLA/song-loom-14.html
13.47	3	88	3963	moto	VOLHOLLA/song-solar-05.html
13.47	3	88	3962	moto	VOLHOLLA/song-cyber-15.html
13.47	3	88	3949	moto	VOLHOLLA/song-loom-07.html
13.47	3	88	3943	moto	VOLHOLLA/song-solar-09.html
13.47	3	88	3938	moto	VOLHOLLA/song-cyber-13.html
13.47	3	88	3932	moto	VOLHOLLA/song-loom-11.html
13.47	3	88	3925	moto	VOLHOLLA/song-loom-03.html
13.47	3	88	3915	moto	VOLHOLLA/song-loom-06.html
13.47	3	88	3908	moto	VOLHOLLA/song-loom-12.html
13.47	3	88	3891	moto	VOLHOLLA/song-loom-01.html
13.47	3	88	3883	moto	VOLHOLLA/song-loom-04.html
13.47	3	88	3869	moto	VOLHOLLA/song-volholla-14.html
13.47	3	88	3867	moto	VOLHOLLA/song-loom-08.html
13.47	3	88	3862	moto	VOLHOLLA/song-volholla-01.html
13.47	3	88	3861	moto	VOLHOLLA/song-volholla-15.html
13.47	3	88	3831	moto	VOLHOLLA/song-volholla-11.html
13.47	3	88	3830	moto	VOLHOLLA/song-volholla-07.html
13.47	3	88	3829	moto	VOLHOLLA/song-volholla-13.html
13.47	3	88	3823	moto	VOLHOLLA/song-volholla-10.html
13.47	3	88	3812	moto	VOLHOLLA/song-volholla-08.html
13.47	3	88	3806	moto	VOLHOLLA/song-volholla-04.html
13.47	3	88	3804	moto	VOLHOLLA/song-volholla-05.html
13.47	3	88	3798	moto	VOLHOLLA/song-volholla-09.html
13.47	3	88	3795	moto	VOLHOLLA/song-volholla-16.html
13.47	3	88	3794	moto	VOLHOLLA/song-volholla-02.html
13.47	3	88	3787	moto	VOLHOLLA/song-volholla-12.html
13.47	3	88	3786	moto	VOLHOLLA/song-volholla-06.html
13.47	3	88	3754	moto	VOLHOLLA/song-volholla-03.html
13.47	3	88	3710	moto	VOLHOLLA/song-moto-05.html
13.47	3	88	3682	moto	VOLHOLLA/song-moto-04.html
13.47	3	88	3653	moto	VOLHOLLA/song-moto-11.html
13.47	3	88	3644	moto	VOLHOLLA/song-moto-07.html
13.47	3	88	3642	moto	VOLHOLLA/song-moto-02.html
13.47	3	88	3636	moto	VOLHOLLA/song-moto-01.html
13.47	3	88	3618	moto	VOLHOLLA/song-moto-09.html
13.47	3	88	3610	moto	VOLHOLLA/song-moto-08.html
13.47	3	88	3608	moto	VOLHOLLA/song-moto-06.html
13.47	3	88	3593	moto	VOLHOLLA/song-moto-10.html
13.47	3	88	3576	moto	VOLHOLLA/song-moto-03.html
13.42	2	818	30989	atg-3	atg-2-hi.html
13.41	2	815	70417	abc-flix	TUBE/index.html
13.40	2	812	32751	hyperclay-editor	son-mod-05.html
13.39	2	808	37019	island-ecology	BEES ON A TRAIN/hive-land.html
13.36	2	796	32345	sense-ritual	prompt-lab.html
13.35	2	793	25262	tractor-dce-gyo	sceneerator.html
13.29	2	769	34725	island-ecology	BEES ON A TRAIN/context-field.html
13.28	2	764	32402	witt	index-baskerville.html
13.28	2	763	25042	ripples	orca-edgar-vision.html
13.27	2	761	29958	ripples	orca-shield-19.html
13.26	2	758	38536	island-ecology	BEES ON A TRAIN/train-hive-field.html
13.26	2	757	32055	arkadu	index-master.html
13.26	2	757	22298	moto	radio-02.html
13.26	2	756	39686	abc-flix	flux-space.html
13.26	2	756	21450	tractor-dce-gyo	20q-tutorial.html
13.25	2	754	45243	acm	protocols/slop-08-washer.html
13.24	2	749	20099	sense-ritual	THREE_GAMES.html
13.21	2	736	38473	ripples	9.html
13.20	2	734	30816	sense-ritual	MEDIA/tv-swiper.html
13.19	2	730	25899	forkit	z1.html
13.18	3	80	3312	latent-sculptor	src/components/latent-sculptor/header.tsx
13.18	2	727	38146	abc-flix	lidar-flux.html
13.18	2	725	24096	human-as-media	miro.html
13.16	2	720	38919	ripples	13.html
13.16	2	720	24910	tractor-dce-gyo	brickbender-philosophy.html
13.15	2	717	33592	tetrad-gamepad	index.html
13.14	2	712	29150	codex-reader	index.html
13.13	2	710	29296	human-as-media	engine.html
13.12	2	704	37315	island-ecology	STAINED CONTEXT/stained-window-04.html
13.11	2	702	27286	acm	protocols/ey-02-speed.html
13.10	2	699	23723	ripples	orca-shield-20.html
13.10	2	697	43057	privacy-value-labels	ci-00.html
13.10	2	697	26139	forkit	ch2.html
13.09	2	694	28780	tractor-dce-gyo	lgi-brickbender.html
13.08	2	693	39626	ripples	6.html
13.08	2	692	29777	myth-engine	app.js
13.08	2	691	21417	golden-lens	e-docs.html
13.06	2	684	34352	text-ure	text-ure-01.html
13.04	2	677	23838	forkit	fork-lever.html
13.03	2	674	24942	forkit	ethnome.html
13.03	2	673	34462	island-ecology	BEES ON A TRAIN/wagyo-hive.html
13.02	2	672	19464	wh-ripple	index.html
13.01	2	669	33823	island-ecology	BEES ON A TRAIN/hive-field.html
13.01	2	668	26513	hyperclay-editor	son-orch-00.html
12.92	2	638	33995	island-ecology	BEES ON A TRAIN/hive-control-tower.html
12.87	3	72	2504	latent-sculptor	src/components/latent-sculptor/node-canvas.tsx
12.86	2	619	9715	looking-machine	GAZE/styles.css
12.82	2	608	17799	tractor-dce-gyo	courage-were-studio.html
12.79	2	598	23514	ripples	forge.html
12.73	2	581	24321	core-age	gar-01.html
12.70	2	572	29701	text-ure	text-ure-00.html
12.70	2	572	16485	tractor-dce-gyo	grecian-urn.html
12.66	2	560	24562	core-age	wag-workshop.html
12.64	2	555	21764	codex-reader	reader-codex-08.html
12.63	2	553	17142	island-ecology	BEES ON A TRAIN/navigator.html
12.62	2	550	24050	k2.html	archive-radio.html
12.59	2	541	25084	shoot-is-program	index.html
12.59	2	540	18041	ripples	orca-shield-24.html
12.58	2	539	22977	feedfall	video-refactor.html
12.56	2	533	18753	arkadu	network-graph.html
12.52	2	521	17941	tractor-dce-gyo	wag-viewer-prime-integration-20251112-055341 copy/index.html
12.51	2	519	17253	os-dope-faa	olfl-lite.html
12.40	2	491	16514	synesthetic-flux-console	field.html
12.36	2	481	29060	acm	protocols/tm-06-rot.html
12.35	2	479	18713	arkadu	viewer.html
12.31	2	471	28571	island-ecology	BEES ON A TRAIN/hive-dream.html
12.22	2	450	24762	acm	protocols/slop-07-trash.html
12.20	2	444	32483	venn-32	index.html
12.18	2	440	19956	the-republic	ledger.html
12.16	2	435	23763	acm	protocols/ey-01-defense.html
12.15	2	434	25947	acm	protocols/ey-04-heuristic.html
12.09	2	421	20778	acm	protocols/tm-05-collapse.html
12.06	2	414	17748	tractor-dce-gyo	movieator.html
11.90	2	382	14256	sympathetic-magic	generate-digital-avatar.html
11.76	2	356	6644	dust-empire	style.css
11.74	2	354	17056	sympathetic-magic	generate-images-browser.html
11.74	2	353	12689	eos	index.html
11.74	2	353	11536	fourth-shield	build.py
11.68	2	343	11743	ripples	manifest-index.html
11.67	2	341	17515	reading-with-machines	index.html
11.60	2	329	17883	island-ecology	BEES ON A TRAIN/hive-manifest.html
11.59	2	327	11800	myth-engine	tow/index.html
11.58	2	326	22550	head-neuroglow	index.html
11.56	2	323	8863	vibe-crates	index.html
11.55	2	321	10431	fourth-shield	forge/index.html
11.52	2	317	11263	tractor-dce-gyo	beta-prime-engine.js
11.51	2	315	11820	island-ecology	ARCADE/extract_convolutes.py
11.51	2	315	11444	shroud-project	index.html
11.51	2	315	11108	func-sub	functown-index.html
11.50	2	313	10853	looking-machine	GAZE/film-view.html
11.48	2	310	17240	privacy-value-labels	index.html
11.45	2	305	9674	dust-empire	process_videos.py
11.45	2	305	9066	os-dope-faa	index.html
11.43	2	303	17701	the-republic	index.html
11.41	2	299	9849	acm	anti-crisis.html
11.39	2	297	16483	island-ecology	BEES ON A TRAIN/world-analyzer.html
11.36	2	292	11135	wa	ldraw-separate-objects.js
11.31	2	285	15377	func-sub	index.html
11.28	2	281	8275	tractor-dce-gyo	wag00.html
11.26	2	278	17107	sense-ritual	ritual-garden-index.html
11.25	2	276	23816	abundant-nes	vol_media_decks_everything_is_a_stack_v_20_hud_density_mega_mode (8).html
11.23	2	274	26185	abundant-nes	vol_media_decks_everything_is_a_stack_v_20_hud_density_mega_mode (10).html
11.17	2	266	9505	dust-empire	clips.js
11.14	2	262	7169	looking-machine	GAZE/app.js
11.07	2	253	21308	spuddy-west	the-good.html
10.95	2	238	9913	tractor-dce-gyo	brick-grid-fam-01.html
10.94	1	56389	2133763	core-age	small-future-scenarios-inject.js
10.92	2	234	22579	abundant-nes	vol_media_decks_everything_is_a_stack_v_20_hud_density_mega_mode (9).html
10.88	2	230	12054	myth-engine	index.html
10.87	2	228	20853	abundant-nes	vol_media_decks_everything_is_a_stack_v_20_hud_density_mega_mode (7).html
10.86	2	227	7766	wh-ripple	analyze-themes.py
10.83	2	224	8253	ripples	orca-core.html
10.78	2	218	9913	silence-has-rules	index.html
10.71	2	211	9305	ethics-infrastructure	paper.html
10.71	2	211	6009	sense-ritual	group.html
10.71	2	211	5428	golden-river	index.html
10.69	2	209	18057	abc-flix	TAX-FUTURE/index.html
10.59	2	198	14100	island-ecology	BEES ON A TRAIN/hive-jockey.html
10.49	2	189	14448	island-ecology	BEES ON A TRAIN/hive-prism.html
10.36	2	177	18784	island-ecology	BEES ON A TRAIN/hive-library.html
10.33	2	174	11547	island-ecology	index.html
10.19	2	162	12001	island-ecology	STAINED CONTEXT/index.html
10.10	3	28	809	latent-sculptor	src/app/layout.tsx
10.03	2	150	16870	island-ecology	BEES ON A TRAIN/hive-apiary.html
9.90	1	19995	618864	core-age	onyx-data.js
9.90	2	140	12712	island-ecology	BEES ON A TRAIN/hive-sim.html
9.80	2	133	13291	island-ecology	BEES ON A TRAIN/hive-train.html
9.71	1	16487	404444	island-ecology	BEES ON A TRAIN/synthesized_data.js
9.59	1	14644	294540	tractor-dce-gyo	Brickfilm_Studio_Kit/wag_courage_tests/test-01.html
9.54	1	13973	719655	core-age	wag-frank-tetrad-inception.html
9.54	2	117	3779	sympathetic-magic	generate-poor-images.py
9.52	1	13656	595182	the-fork	RAILWAY GAME/thousand-tetrad-00.html
9.52	1	13626	718010	core-age	onyx-scenes.html
9.51	2	115	6491	looking-machine	GAZE/minimal-embeds.html
9.50	1	13351	692075	tractor-dce-gyo	block-frank-tetrad.html
9.50	1	13351	692075	core-age	wag-frank-tetrad.html
9.49	1	13256	577026	the-fork	thousand-tetrad.html
9.49	1	13212	1671648	codex-reader	ai-generated-content-floods-social-media.py
9.46	1	12877	1710134	codex-reader	spencer-brown-analysis-of-text.py
9.46	1	12877	563657	tractor-field-notes	THE FORK/RAILWAY GAME/thousand-tetrad-00.html
9.46	1	12877	563657	looking-machine	THE FORK/RAILWAY GAME/thousand-tetrad-00.html
9.39	1	11950	606410	core-age	onyx-builder.html
9.39	1	11949	605912	core-age	thousand-tetrad.html
9.37	1	11773	597033	forkit	tet-03-portfolio.html
9.37	1	11695	595059	forkit	tet-01-petrov.html
9.37	1	11678	592925	forkit	tet-02-tracks.html
9.36	2	107	6889	island-ecology	BEES ON A TRAIN/index.html
9.34	1	11387	527469	1000-small-futures	thousand-feedloop.html
9.34	1	11371	580582	forkit	tet-00.html
9.33	1	11273	574737	ripples	thousand-tetrad.html
9.33	1	11264	504194	tractor-dce-gyo	thousand-tetrad.html
9.33	1	11264	504194	tractor-dce-gyo	thousand-onyx.html
9.33	2	105	5649	latent-sculptor	src/components/latent-sculptor/welcome-dialog.tsx
9.30	1	10905	493238	1000-small-futures	thousand-ring.html
9.16	1	9542	461002	jdb-ripple-remix	blue-orchid-cinematic-souls.html
9.15	1	9421	366447	1000-small-futures	thousand-medical.html
9.12	1	9125	474939	core-age	courage_annotated.html
9.10	1	8975	430211	jdb-ripple-remix	blue-orchid.html
9.10	1	8947	467180	core-age	courage.html
9.04	1	8456	1671712	atg-3	SHUFFLE/forager/rocky_data.js
9.00	2	89	4667	moto	VOLHOLLA/song-cathedral-08.html
9.00	2	89	4636	moto	VOLHOLLA/song-cathedral-02.html
9.00	2	89	4570	moto	VOLHOLLA/song-silence-04.html
9.00	2	89	4452	moto	VOLHOLLA/song-cathedral-07.html
9.00	2	89	4445	moto	VOLHOLLA/song-silence-02.html
9.00	2	89	4440	moto	VOLHOLLA/song-cathedral-05.html
9.00	2	89	4440	moto	VOLHOLLA/song-cathedral-01.html
9.00	2	89	4436	moto	VOLHOLLA/song-cathedral-11.html
9.00	2	89	4431	moto	VOLHOLLA/song-cathedral-09.html
9.00	2	89	4423	moto	VOLHOLLA/song-cathedral-12.html
9.00	2	89	4423	moto	VOLHOLLA/song-cathedral-10.html
9.00	2	89	4414	moto	VOLHOLLA/song-silence-10.html
9.00	2	89	4410	moto	VOLHOLLA/song-silence-11.html
9.00	2	89	4405	moto	VOLHOLLA/song-cathedral-15.html
9.00	2	89	4404	moto	VOLHOLLA/song-cathedral-03.html
9.00	2	89	4400	moto	VOLHOLLA/song-cathedral-13.html
9.00	2	89	4391	moto	VOLHOLLA/song-silence-01.html
9.00	2	89	4387	moto	VOLHOLLA/song-cathedral-14.html
9.00	2	89	4379	moto	VOLHOLLA/song-silence-12.html
9.00	2	89	4368	moto	VOLHOLLA/song-silence-09.html
9.00	2	89	4359	moto	VOLHOLLA/song-silence-06.html
9.00	2	89	4359	moto	VOLHOLLA/song-cathedral-04.html
9.00	2	89	4350	moto	VOLHOLLA/song-cathedral-06.html
9.00	2	89	4328	moto	VOLHOLLA/song-silence-05.html
9.00	2	89	4324	moto	VOLHOLLA/song-silence-07.html
9.00	2	89	4302	moto	VOLHOLLA/song-silence-03.html
9.00	2	89	4297	moto	VOLHOLLA/song-silence-08.html
8.98	2	88	4417	moto	VOLHOLLA/song-maquina-37.html
8.98	2	88	4348	moto	VOLHOLLA/song-maquina-34.html
8.98	2	88	4287	moto	VOLHOLLA/song-maquina-35.html
8.98	2	88	4273	moto	VOLHOLLA/song-cypher-03.html
8.98	2	88	4247	moto	VOLHOLLA/song-maquina-36.html
8.98	2	88	4225	moto	VOLHOLLA/song-cypher-06.html
8.98	2	88	4195	moto	VOLHOLLA/song-maquina-06.html
8.98	2	88	4191	moto	VOLHOLLA/song-maquina-03.html
8.98	2	88	4174	moto	VOLHOLLA/song-maquina-17.html
8.98	2	88	4158	moto	VOLHOLLA/song-cypher-17.html
8.98	2	88	4155	moto	VOLHOLLA/song-maquina-19.html
8.98	2	88	4153	moto	VOLHOLLA/song-maquina-25.html
8.98	2	88	4150	moto	VOLHOLLA/song-cypher-15.html
8.98	2	88	4148	moto	VOLHOLLA/song-maquina-29.html
8.98	2	88	4147	moto	VOLHOLLA/song-maquina-33.html
8.98	2	88	4147	moto	VOLHOLLA/song-maquina-13.html
8.98	2	88	4146	moto	VOLHOLLA/song-maquina-32.html
8.98	2	88	4142	moto	VOLHOLLA/song-maquina-09.html
8.98	2	88	4141	moto	VOLHOLLA/song-maquina-23.html
8.98	2	88	4141	moto	VOLHOLLA/song-maquina-10.html
8.98	2	88	4141	moto	VOLHOLLA/song-maquina-08.html
8.98	2	88	4136	moto	VOLHOLLA/song-maquina-31.html
8.98	2	88	4124	moto	VOLHOLLA/song-maquina-24.html
8.98	2	88	4123	moto	VOLHOLLA/song-maquina-27.html
8.98	2	88	4123	moto	VOLHOLLA/song-maquina-05.html
8.98	2	88	4123	moto	VOLHOLLA/song-maquina-04.html
8.98	2	88	4121	moto	VOLHOLLA/song-maquina-16.html
8.98	2	88	4120	moto	VOLHOLLA/song-maquina-14.html
8.98	2	88	4118	moto	VOLHOLLA/song-cypher-18.html
8.98	2	88	4114	moto	VOLHOLLA/song-maquina-20.html
8.98	2	88	4113	moto	VOLHOLLA/song-maquina-22.html
8.98	2	88	4112	moto	VOLHOLLA/song-maquina-28.html
8.98	2	88	4112	moto	VOLHOLLA/song-maquina-07.html
8.98	2	88	4107	moto	VOLHOLLA/song-maquina-26.html
8.98	2	88	4106	moto	VOLHOLLA/song-maquina-11.html
8.98	2	88	4104	moto	VOLHOLLA/song-cypher-19.html
8.98	2	88	4101	moto	VOLHOLLA/song-maquina-21.html
8.98	2	88	4100	moto	VOLHOLLA/song-maquina-30.html
8.98	2	88	4099	moto	VOLHOLLA/song-maquina-01.html
8.98	2	88	4098	moto	VOLHOLLA/song-maquina-18.html
8.98	2	88	4077	moto	VOLHOLLA/song-cypher-05.html
8.98	2	88	4072	moto	VOLHOLLA/song-maquina-12.html
8.98	2	88	4071	moto	VOLHOLLA/song-maquina-15.html
8.98	2	88	4071	moto	VOLHOLLA/song-cypher-01.html
8.98	2	88	4069	moto	VOLHOLLA/song-cypher-07.html
8.98	2	88	4069	moto	VOLHOLLA/song-concreto-08.html
8.98	2	88	4067	moto	VOLHOLLA/song-cypher-02.html
8.98	2	88	4065	moto	VOLHOLLA/song-maquina-02.html
8.98	2	88	4059	moto	VOLHOLLA/song-cypher-04.html
8.98	2	88	4053	moto	VOLHOLLA/song-concreto-03.html
8.98	2	88	4052	moto	VOLHOLLA/song-cypher-10.html
8.98	2	88	4036	moto	VOLHOLLA/song-cypher-20.html
8.98	2	88	4036	moto	VOLHOLLA/song-concreto-12.html
8.98	2	88	4034	moto	VOLHOLLA/song-concreto-13.html
8.98	2	88	4019	moto	VOLHOLLA/song-concreto-06.html
8.98	2	88	4015	moto	VOLHOLLA/song-concreto-09.html
8.98	2	88	4013	moto	VOLHOLLA/song-concreto-02.html
8.98	2	88	4003	moto	VOLHOLLA/song-concreto-01.html
8.98	2	88	3999	moto	VOLHOLLA/song-usblegacy-04.html
8.98	2	88	3979	moto	VOLHOLLA/song-concreto-07.html
8.98	2	88	3977	moto	VOLHOLLA/song-usblegacy-08.html
8.98	2	88	3963	moto	VOLHOLLA/song-concreto-04.html
8.98	2	88	3961	moto	VOLHOLLA/song-usblegacy-09.html
8.98	2	88	3961	moto	VOLHOLLA/song-usblegacy-02.html
8.98	2	88	3959	moto	VOLHOLLA/song-usblegacy-06.html
8.98	2	88	3941	moto	VOLHOLLA/song-usblegacy-05.html
8.98	2	88	3927	moto	VOLHOLLA/song-usblegacy-07.html
8.98	2	88	3925	moto	VOLHOLLA/song-usblegacy-03.html
8.98	2	88	3903	moto	VOLHOLLA/song-usblegacy-01.html
8.97	1	7858	1489814	codex-reader	moo-dang-critical-theory-paper.py
8.97	1	7858	1489814	codex-reader	john-olivers-despair-index.py
8.94	1	7604	346867	txz-ancient	txz-shield.html
8.89	2	84	2286	dust-empire	file_manager.py
8.85	1	6947	259877	1000-medical	index.html
8.84	1	6921	249358	LEGOS	technogenesis-multi.html
8.84	1	6921	249358	1000-small-futures	thousands-technogenesis.html
8.84	1	6893	245313	LEGOS	thousand-multi.html
8.84	1	6893	245313	1000-small-futures	thousand-multi.html
8.84	1	6875	242857	1000-small-futures	thousand-lle.html
8.83	1	6837	241364	LEGOS	legos-liberation-engine-multichannel.html
8.83	1	6837	241364	1000-small-futures	lle-multi.html
8.81	1	6669	300767	txz-ancient	index-real.html
8.80	1	6622	248810	island-ecology	cheap-rcc.html
8.79	1	6544	227746	1000-small-futures	ouside-rad.html
8.76	2	79	3618	looking-machine	GAZE/index.html
8.75	1	6288	307893	abc-flix	SWARMS/icaro-nsds-operator.html
8.74	1	6257	291819	abc-flix	SWARMS/icaro-policy-console.html
8.72	1	6119	336615	abc-flix	TUBE/archive/preview (42).html
8.70	1	6014	330591	abc-flix	TUBE/archive/preview (41).html
8.69	1	5922	282564	abc-flix	SWARMS/icaro-resonance-console.html
8.69	1	5917	312996	abc-flix	TUBE/archive/preview (40).html
8.67	1	5829	279106	abc-flix	icaro-achilles.html
8.67	1	5808	297322	abc-flix	TUBE/archive/preview (35).html
8.65	1	5713	228304	func-sub	func-orb-centaur.html
8.63	1	5611	283516	abc-flix	TUBE/icaro-state-lens-operator.html
8.63	1	5611	283516	abc-flix	TUBE/archive/preview (34).html
8.63	1	5590	220428	island-ecology	achilles-rlm-engine.html
8.63	1	5590	220381	island-ecology	achilles-rlm-cheap.html
8.59	1	5392	267406	abc-flix	TUBE/icaro-nsds-operator-patch-rl-fast.html
8.59	1	5371	209048	the-fork	TRAINING GROUND/orbit-graph.html
8.59	1	5371	209048	func-sub	orbit-graph (1).html
8.59	1	5371	209048	func-sub	func-orb.html
8.56	1	5229	239011	forkit	thick_data_merged.js
8.55	1	5180	229998	txz-ancient	tru.html
8.55	1	5168	208369	RIP	orca.html
8.55	1	5159	191938	island-ecology	achilles-photosphere-orchestra.html
8.55	1	5141	236542	abc-flix	icaro-flow.html
8.54	1	5138	245941	abc-flix	SWARMS/icaro-flow-console.html
8.50	1	4935	218718	k2.html	taz.html
8.50	1	4927	243241	abc-flix	icaro-flow-sp.html
8.50	1	4914	185940	tractor-dce-gyo	fork.html
8.50	3	16	790	moto	VOLHOLLA/song-mall-54.html
8.50	3	16	790	moto	VOLHOLLA/song-mall-53.html
8.50	3	16	790	moto	VOLHOLLA/song-mall-52.html
8.50	3	16	790	moto	VOLHOLLA/song-mall-51.html
8.50	3	16	790	moto	VOLHOLLA/song-mall-50.html
8.50	3	16	790	moto	VOLHOLLA/song-mall-49.html
8.50	3	16	790	moto	VOLHOLLA/song-mall-48.html
8.50	3	16	790	moto	VOLHOLLA/song-mall-47.html
8.50	3	16	790	moto	VOLHOLLA/song-mall-46.html
8.50	3	16	790	moto	VOLHOLLA/song-mall-45.html
8.50	3	16	790	moto	VOLHOLLA/song-mall-44.html
8.50	3	16	790	moto	VOLHOLLA/song-mall-43.html
8.50	3	16	790	moto	VOLHOLLA/song-mall-42.html
8.50	3	16	790	moto	VOLHOLLA/song-mall-41.html
8.50	3	16	790	moto	VOLHOLLA/song-mall-40.html
8.50	3	16	790	moto	VOLHOLLA/song-mall-39.html
8.50	3	16	790	moto	VOLHOLLA/song-mall-38.html
8.50	3	16	790	moto	VOLHOLLA/song-mall-37.html
8.50	3	16	790	moto	VOLHOLLA/song-mall-36.html
8.50	3	16	790	moto	VOLHOLLA/song-mall-35.html
8.50	3	16	790	moto	VOLHOLLA/song-mall-34.html
8.50	3	16	790	moto	VOLHOLLA/song-mall-33.html
8.50	3	16	790	moto	VOLHOLLA/song-mall-32.html
8.50	3	16	790	moto	VOLHOLLA/song-mall-31.html
8.50	3	16	790	moto	VOLHOLLA/song-mall-30.html
8.50	3	16	790	moto	VOLHOLLA/song-mall-29.html
8.50	3	16	790	moto	VOLHOLLA/song-mall-28.html
8.50	3	16	775	moto	VOLHOLLA/song-mall-27.html
8.50	3	16	775	moto	VOLHOLLA/song-mall-26.html
8.50	3	16	775	moto	VOLHOLLA/song-mall-25.html
8.50	3	16	775	moto	VOLHOLLA/song-mall-24.html
8.50	3	16	775	moto	VOLHOLLA/song-mall-23.html
8.50	3	16	775	moto	VOLHOLLA/song-mall-22.html
8.50	3	16	775	moto	VOLHOLLA/song-mall-21.html
8.50	3	16	775	moto	VOLHOLLA/song-mall-20.html
8.50	3	16	775	moto	VOLHOLLA/song-mall-19.html
8.50	3	16	775	moto	VOLHOLLA/song-mall-18.html
8.50	3	16	775	moto	VOLHOLLA/song-mall-17.html
8.50	3	16	775	moto	VOLHOLLA/song-mall-16.html
8.50	3	16	775	moto	VOLHOLLA/song-mall-15.html
8.50	3	16	775	moto	VOLHOLLA/song-mall-14.html
8.50	3	16	775	moto	VOLHOLLA/song-mall-13.html
8.50	3	16	775	moto	VOLHOLLA/song-mall-12.html
8.50	3	16	775	moto	VOLHOLLA/song-mall-11.html
8.50	3	16	775	moto	VOLHOLLA/song-mall-10.html
8.50	3	16	775	moto	VOLHOLLA/song-mall-09.html
8.50	3	16	775	moto	VOLHOLLA/song-mall-08.html
8.50	3	16	775	moto	VOLHOLLA/song-mall-07.html
8.50	3	16	775	moto	VOLHOLLA/song-mall-06.html
8.50	3	16	775	moto	VOLHOLLA/song-mall-05.html
8.50	3	16	775	moto	VOLHOLLA/song-mall-04.html
8.50	3	16	775	moto	VOLHOLLA/song-mall-03.html
8.50	3	16	775	moto	VOLHOLLA/song-mall-02.html
8.50	3	16	775	moto	VOLHOLLA/song-mall-01.html
8.50	1	4899	182837	achilles-orchestra	MESH-GNN/achilles-photosphere-orchestra.html
8.50	1	4891	237038	abc-flix	SWARMS/icaro-swarm-operator.html
8.49	1	4846	218979	operation-describe	double-bar.html
8.44	1	4635	205662	k2.html	lati.html
8.42	1	4529	265820	role-deck	cb-box.html
8.38	1	4360	160126	island-ecology	rcc-eco-gnn.html
8.38	1	4360	160126	achilles-orchestra	rcc-eco-gnn.html
8.38	1	4351	194814	jdb-ripple-remix	ripple-rrc.html
8.37	1	4304	250863	sense-ritual	STONE/stone-core.html
8.35	1	4225	270266	the-republic	ekphrasis-compare.html
8.35	1	4225	270266	text-ure	ek-ide.html
8.34	1	4201	236961	func-sub	cb.html
8.34	1	4188	318842	encoded-power	football-03.html
8.34	1	4184	186051	jdb-ripple-remix	r-eng-02.html
8.30	1	4037	311431	encoded-power	football-02.html
8.29	1	4000	193231	RIP	rs2-orca.html
8.27	1	3922	144541	holo-project	rfi.html
8.27	1	3889	131402	tractor-dce-gyo	mac-01.html
8.25	1	3833	171988	jdb-ripple-remix	moss-omni.html
8.25	1	3832	125325	1000-small-futures	thousand-railyard.html
8.20	1	3625	198280	media-culture	index.html
8.18	1	3578	128302	txz-ancient	txa-shield.html
8.18	1	3568	109383	tractor-field-notes	CAN/hyperclay-trex-refined.html
8.18	1	3568	109383	looking-machine	CAN/hyperclay-trex-refined.html
8.18	1	3568	109383	hyperclay-editor	CAN/hyperclay-trex-refined.html
8.15	1	3475	104945	tractor-field-notes	CAN/hyperclay-trex-color.html
8.15	1	3475	104945	looking-machine	CAN/hyperclay-trex-color.html
8.15	1	3475	104945	hyperclay-editor	CAN/hyperclay-trex-color.html
8.15	1	3459	190393	sense-ritual	STONE/swipe-quarts-frag-07.html
8.15	1	3453	183414	eos	dream-machine.html
8.12	1	3373	119959	island-ecology	rcc-eco.html
8.12	1	3373	119959	achilles-orchestra	rcc-eco.html
8.12	1	3373	119959	achilles-orchestra	PROCESS/rcc-eco.html
8.12	1	3361	145660	abc-flix	c-bus-pt.html
8.12	1	3360	120307	the-fork	RAILWAY GAME/railway-full-integration-old.html
8.11	1	3343	179751	angel-meets-algo	a2.html
8.11	1	3338	105546	tractor-dce-gyo	wag-viewer-prime-integration-20251112-055341 copy/wag-silver-editor copy.html
8.11	1	3336	155781	jdb-ripple-remix	moss-om-reality-warper.html
8.11	1	3333	130723	synesthetic-flux-console	dialogue.html
8.09	1	3252	176188	metisim	LIB/duvii-43.html
8.08	1	3232	224788	text-ure	poml-codex-source.html
8.08	1	3225	136194	tractor-dce-gyo	holo-project.html
8.07	1	3187	99934	tractor-dce-gyo	wag-silver-editor.html
8.06	1	3177	123832	abc-flix	colosseum.html
8.06	1	3171	98875	tractor-dce-gyo	wag-bronze-editor.html
8.06	1	3162	165027	tractor-dce-gyo	project-genome-dce-gyo.html
8.06	1	3162	98404	tractor-dce-gyo	wag-viewer-prime-integration-20251112-055341 copy/wag-bronze-editor copy.html
8.06	1	3152	172769	metisim	LIB/duvii-44.html
8.05	1	3127	127946	abc-flix	WIDE/c.html
8.03	1	3083	129618	core-age	mento-370.html
8.03	1	3080	95257	gob	FARM-TO-SCREEN/verification-premium-corpus.html
8.03	1	3080	95257	gaze	FARM-TO-SCREEN/verification-premium-corpus.html
8.03	1	3073	94860	tractor-dce-gyo	wag-primitive-editor.html
8.03	1	3070	151260	sense-ritual	STONE/swipe-quartz-432-goo.html
8.03	1	3068	190776	sense-ritual	STONE/swipe-frag-grape.html
8.02	1	3055	104579	RIP	index.html
8.02	1	3045	93901	tractor-dce-gyo	wag-viewer-prime-integration-20251112-055341 copy/wag-primitive-chrome-copy.html
8.01	1	3024	116101	forkit	bon-03.html
8.01	1	3017	117868	tractor-dce-gyo	wag-viewer-prime-integration-20251112-055341 copy/wag-gold-editor copy.html
8.01	1	3016	147668	sense-ritual	STONE/swipe-quartz-frag-432hz.html
8.01	1	3014	100059	arkadu	approach-fusion-voronoi.html
8.01	1	3011	115426	sense-ritual	garden-02.html
8.01	1	3005	103824	1000-small-futures	thousand-railyard-001.html
8.01	1	3000	98341	achilles-orchestra	PROCESS/index.html
8.00	1	2986	159510	metisim	LIB/duviii-43.html
8.00	1	2984	112112	abc-flix	TUBE/NEW ART/use-03.html
8.00	1	2982	117859	sense-ritual	chain-collector.html
8.00	1	2981	159120	metisim	LIB/duviii-43b.html
8.00	1	2979	142280	sense-ritual	STONE/swipe-quartz-frag-444.html
8.00	1	2978	111589	momsaic	kope-04.html
8.00	1	2975	77839	tractor-field-notes	CAN/hyperclay-trex.html
8.00	1	2975	77839	looking-machine	CAN/hyperclay-trex.html
8.00	1	2975	77839	hyperclay-editor	CAN/hyperclay-trex.html
8.00	1	2973	158606	metisim	LIB/duvii-42.html
8.00	1	2970	98907	jdb-ripple-remix	evo-02.html
7.99	1	2962	155795	abc-flix	icaro-pro-bus-pt.html
7.99	1	2951	166300	media-culture	oldex.html
7.99	1	2947	152326	metisim	LIB/duuuuuu-33.html
7.99	1	2942	156672	metisim	LIB/duvii-41.html
7.98	1	2933	114258	nexadoc-jar	nd-07.html
7.98	1	2922	155902	metisim	LIB/duvii-40.html
7.97	1	2901	133621	jdb-ripple-remix	moss.html
7.97	1	2889	149058	metisim	LIB/duuuuuu-32.html
7.97	1	2889	103966	achilles-orchestra	MESH-GNN/achilles-photosphere-orchestra-gemini.html
7.97	1	2888	99583	core-age	assembly-line.html
7.97	1	2885	124477	sense-ritual	a6b.html
7.97	1	2884	148782	metisim	LIB/duuuuuu-31.html
7.96	1	2874	95976	forkit	bon-07.html
7.96	1	2861	153022	metisim	LIB/duvii-39.html
7.96	1	2858	128653	sense-ritual	a6g.html
7.96	1	2856	152791	metisim	LIB/duvii-38.html
7.96	1	2851	100021	achilles-orchestra	cme-003.html
7.95	1	2840	151176	metisim	LIB/duvii-37.html
7.94	1	2817	149782	metisim	LIB/duvii-36.html
7.94	1	2802	124749	sense-ritual	a6f.html
7.94	1	2801	124468	sense-ritual	a6e.html
7.94	1	2801	124352	sense-ritual	ford.html
7.94	1	2801	113923	core-age	glb-mento-moe copy.html
7.94	1	2796	107893	nexadoc-jar	nd-02.html
7.94	1	2796	107893	holo-project	nd-back-02.html
7.93	1	2790	123706	sense-ritual	a6c.html
7.93	1	2785	126718	smith-deck	smith-puppet-complex.html
7.93	1	2785	126718	prompt-smith	smith-puppet-complex.html
7.92	1	2762	137134	sense-ritual	STONE/swipe-quartz-frag-06.html
7.92	1	2760	117924	abc-flix	CLAUDE/bc-00.html
7.92	1	2750	97695	tractor-dce-gyo	mento-glb-desert.html
7.91	1	2730	128258	abc-flix	old-one.html
7.91	1	2725	103123	forkit	archive/a2.html
7.91	1	2713	164550	sense-ritual	STONE/swipe-quartz-frag-4hun.html
7.90	1	2707	147223	abc-flix	icaro-ato.html
7.90	1	2704	140990	metisim	LIB/duvii-34.html
7.90	1	2702	140893	metisim	LIB/duvii-33.html
7.90	1	2691	93884	opek	OPERATIVES/presentation.html
7.89	1	2676	111122	core-age	wag-brave.html
7.89	1	2676	90779	text-ure	shield 52/1.html
7.88	1	2654	131284	sense-ritual	STONE/swipe-quartz-frag-05.html
7.88	1	2640	112810	achilles-orchestra	PROCESS/cultural_memory_machine_interior_oriented.html
7.88	1	2638	112611	achilles-orchestra	PROCESS/cultural_memory_machine_interior.html
7.87	1	2613	94666	forkit	bon-05.html
7.87	1	2612	160860	sense-ritual	STONE/swipe-quartz-frag-432-ace.html
7.86	1	2603	109062	core-age	wag-grid-walk.html
7.85	1	2570	133198	metisim	LIB/duuuuu-28.html
7.85	1	2561	132639	metisim	LIB/duuuuu-27.html
7.85	1	2559	158001	tractor-field-notes	2400_25/os-dope-00.html
7.85	1	2559	158001	tractor-field-notes	2400_25/index.html
7.85	1	2559	158001	potters-wheel	2400_25/os-dope-00.html
7.85	1	2559	158001	potters-wheel	2400_25/index.html
7.85	1	2559	158001	os-dope	os-dope-00.html
7.85	1	2559	158001	os-dope	index.html
7.85	1	2559	158001	looking-machine	2400_25/os-dope-00.html
7.85	1	2559	158001	looking-machine	2400_25/index.html
7.85	1	2559	158001	hyperclay-editor	2400_25/os-dope-00.html
7.85	1	2559	158001	hyperclay-editor	2400_25/index.html
7.84	1	2538	155903	tractor-field-notes	2400_25/os-dope-00 copy.html
7.84	1	2538	155903	potters-wheel	2400_25/os-dope-00 copy.html
7.84	1	2538	155903	os-dope	os-dope-00 copy.html
7.84	1	2538	155903	looking-machine	2400_25/os-dope-00 copy.html
7.84	1	2538	155903	hyperclay-editor	2400_25/os-dope-00 copy.html
7.84	1	2537	130570	metisim	LIB/duuuuuu-30.html
7.84	1	2534	120332	sense-ritual	STONE/swipe-quarts-frag-44.html
7.83	1	2512	121607	tractor-field-notes	TRACTOR FOLKLOGICUS/tract-06.html
7.83	1	2512	121607	looking-machine	TRACTOR FOLKLOGICUS/tract-06.html
7.83	1	2502	103489	sense-ritual	a5.html
7.82	1	2497	95398	role-deck	tetrad-pad.html
7.82	1	2481	100965	core-age	mento-369 copy.html
7.82	1	2480	129896	metisim	LIB/duvii-32.html
7.82	1	2478	129769	metisim	LIB/duvii-31.html
7.82	1	2478	88674	achilles-orchestra	PROCESS/cultural_memory_machine_serious_nospin.html
7.81	1	2475	88669	achilles-orchestra	PROCESS/cultural_memory_machine_serious_stablecamera.html
7.81	1	2473	146938	tractor-dce-gyo	pattern-glossary.html
7.81	1	2466	87900	sense-ritual	garden-with-beats.html
7.81	1	2461	88134	achilles-orchestra	PROCESS/cultural_memory_machine_serious.html
7.81	1	2454	88058	achilles-orchestra	PROCESS/cultural_memory_machine_serious_refined.html
7.81	1	2452	112354	abc-flix	icaro-port.html
7.80	1	2444	78233	tractor-field-notes	PROMPT COMPOSER/PC_PRIME/prompt-chain-lab.html
7.80	1	2444	78233	looking-machine	PROMPT COMPOSER/PC_PRIME/prompt-chain-lab.html
7.80	1	2444	78233	hyperclay-editor	PROMPT COMPOSER/PC_PRIME/prompt-chain-lab.html
7.80	1	2436	111681	momsaic	icaro-port.html
7.80	1	2436	111680	abc-flix	icaro-port-01.html
7.80	1	2434	108409	smith-deck	sg-00.html
7.80	1	2434	108409	prompt-smith	sg-00.html
7.79	1	2424	123958	metisim	LIB/duuuuuu-29.html
7.79	1	2414	105074	tractor-dce-gyo	mento-371.html
7.79	1	2406	124469	the-fork	RAILWAY GAME/train-brain-19.html
7.79	1	2406	124469	synarchiv	train-brain19.html
7.79	1	2406	124469	achilles-orchestra	train-brain-19.html
7.79	1	2404	69118	text-ure	shield 52/11.html
7.78	1	2401	81514	achilles-orchestra	cme-002.html
7.78	1	2384	119839	sense-ritual	STONE/swipe-quartz-frag-03.html
7.77	1	2363	109291	role-deck	dual.html
7.77	1	2362	118394	sense-ritual	STONE/swipe-quartz-frag-02.html
7.76	1	2354	120697	metisim	LIB/duuuu-26.html
7.76	1	2354	120510	metisim	LIB/duuuu-25.html
7.76	1	2342	104990	arkadu	bonus-frame.html
7.76	1	2339	89522	myth-engine	tow/Kimi_Agent_Five Hub Tug-of-War Headlines/lucha-plot-wars/index.html
7.75	1	2312	118324	metisim	LIB/duuuu-24.html
7.75	1	2309	104881	synesthetic-flux-console	botanica-02.html
7.74	1	2308	114452	metisim	INVASION/lyrael-04.html
7.74	1	2306	94395	ripples	gpt.html
7.74	1	2293	105686	metisim	INVASION/zylos-invasion-04d.html
7.73	1	2285	118748	resonome-genetic-archive	mdeck-11.html
7.73	1	2282	292248	island-ecology	BEES ON A TRAIN/data.js
7.72	1	2263	109759	momsaic	bflix-co.html
7.72	1	2254	73032	the-fork	fork-01.html
7.72	1	2248	95384	achilles-orchestra	PROCESS/cultural_memory_machine.html
7.72	1	2242	87323	tetrad-gamepad	mobile.html
7.71	1	2236	112165	sense-ritual	STONE/swipe-quartz-frag.html
7.71	1	2235	126481	angel-meets-algo	a1.html
7.71	1	2230	82197	abc-flix	TUBE/parts/xray.html
7.71	1	2229	70933	looking-machine	GAZE/graph-operator-creatureliness.html
7.70	1	2217	78363	atg-3	rocky-branch.html
7.70	1	2209	87983	resonome-genetic-archive	morphic-resonance-deck.html
7.70	1	2205	107083	momsaic	bflix-robo.html
7.70	1	2202	70878	holo-project	projection-viewer-core.js
7.70	1	2199	70415	text-ure	urn-52/k4.html
7.70	1	2199	70415	text-ure	urn-52/5.html
7.69	3	12	376	latent-sculptor	src/components/latent-sculptor/types.ts
7.69	1	2192	112511	metisim	LIB/duuuu-22.html
7.69	1	2188	112188	metisim	LIB/duuuu-23.html
7.69	1	2187	106151	resonome-genetic-archive	mzuk.html
7.69	1	2187	71578	achilles-orchestra	MESH-GNN/rcc-eco-shieldfield.html
7.69	1	2181	105570	resonome-genetic-archive	mzuk-02.html
7.68	1	2174	95457	smith-deck	smith-255.html
7.68	1	2174	95457	prompt-smith	smith-255.html
7.68	1	2171	104825	resonome-genetic-archive	mzuk-2.html
7.68	1	2163	110080	metisim	LIB/duuuu-21.html
7.68	1	2163	91565	jdb-ripple-remix	gpt.js
7.68	1	2160	104510	resonome-genetic-archive	mighty-morph-18.html
7.68	1	2158	82675	moto	all_time_bound_v4.html
7.68	1	2157	104145	resonome-genetic-archive	mighty-morph-20.html
7.68	1	2156	104047	resonome-genetic-archive	mighty-morph-17.html
7.68	1	2156	103984	resonome-genetic-archive	mighty-morph-16.html
7.68	1	2154	60210	sense-ritual	STONE/tv-basr.html
7.67	1	2150	70610	text-ure	shield 52/5.html
7.67	1	2145	82628	sense-ritual	narrative-meshwork-01.html
7.66	1	2130	107658	metisim	LIB/duuuu-20.html
7.66	1	2129	103205	resonome-genetic-archive	my-guy-03.html
7.66	1	2123	101126	resonome-genetic-archive	mighty-morph-15.html
7.66	1	2119	106187	metisim	LIB/duuuu-19.html
7.66	1	2114	85130	text-ure	urn-52/6.html
7.66	1	2113	86537	tractor-dce-gyo	grid-walk-prime.html
7.66	1	2113	86537	core-age	grid-walk.html
7.66	1	2113	86537	core-age	grid-walk copy.html
7.66	1	2112	100504	resonome-genetic-archive	mighty-morph-14.html
7.65	1	2107	108131	volholla	CONSTRUCTORS/CONWAY/conwayweye-00.html
7.65	1	2106	69960	achilles-orchestra	MESH-GNN/ouro-ecology-orchestra.html
7.65	1	2104	105987	metisim	LIB/duuuu-18.html
7.65	1	2091	90576	tractor-dce-gyo	block-lego.html
7.64	1	2087	93391	metisim	INVASION/zylos-04c.html
7.64	1	2076	84841	reading-with-machines	index-close.html
7.64	1	2069	100853	momsaic	bflix-cam.html
7.63	1	2055	98491	resonome-genetic-archive	mighty-morph-13.html
7.63	1	2055	83842	RIP	rs2.html
7.63	1	2051	79902	sense-ritual	ai_studio_code - 2025-10-13T072905.658.html
7.63	1	2051	79653	sense-ritual	ai_studio_code - 2025-10-13T072244.818.html
7.63	1	2050	99612	forkit	disc-data-example.html
7.62	1	2043	97518	resonome-genetic-archive	mighty-morph-12.html
7.62	1	2041	88363	synarchiv	cultural-memory-locomotive.html
7.62	1	2040	97326	metisim	INVASION/lyrael-03.html
7.62	1	2037	101547	metisim	LIB/duuu-16.html
7.62	1	2037	60945	arkadu	approach-2-depth-test.html
7.62	1	2030	101042	metisim	LIB/duu-14.html
7.62	1	2030	82673	synesthetic-flux-console	botanica-04.html
7.61	1	2026	101977	metisim	LIB/duuuuuu-34.html
7.61	1	2025	101016	metisim	LIB/duuu-15.html
7.61	1	2023	96536	resonome-genetic-archive	mighty-morph-11.html
7.61	1	2023	79915	smith-deck	sg-01.html
7.61	1	2023	79915	prompt-smith	sg-01.html
7.61	1	2018	70105	abc-flix	TUBE/parts/socket.html
7.61	1	2015	50323	achilles-orchestra	upright.html
7.61	1	2014	88643	forkit	ch3.html
7.61	1	2013	64001	text-ure	shield 52/3.html
7.61	1	2011	101373	metisim	LIB/duuuuuu-35.html
7.61	1	2008	93196	resonome-genetic-archive	my-guy-04.html
7.60	1	2005	96106	island-ecology	designer-fictionalizer.html
7.60	1	1999	77324	sense-ritual	meshwork-725.html
7.60	1	1995	96576	resonome-genetic-archive	mighty-morph-08bbd.html
7.60	1	1995	95266	synarchiv	iso-mem-reset.html
7.60	1	1993	55388	sense-ritual	STONE/tv-swiper.html
7.60	1	1988	70776	sense-ritual	ai_studio_code - 2025-10-14T120312.732.html
7.59	1	1987	99385	metisim	LIB/duu-13.html
7.59	1	1984	95011	resonome-genetic-archive	mighty-morph-08bbddeef.html
7.59	1	1984	79910	feedfall	vs-plu.html
7.59	1	1982	58926	arkadu	approach-4-depth-test.html
7.59	1	1980	97303	metisim	LIB/duu-12.html
7.59	1	1980	91152	resonome-genetic-archive	myuk-beck11.html
7.59	1	1980	91152	resonome-genetic-archive	my-guy.html
7.59	1	1980	91152	resonome-genetic-archive	my-guy-02.html
7.59	1	1975	90526	resonome-genetic-archive	mbeck-08.html
7.59	1	1974	100725	abc-flix	crt.html
7.59	1	1974	90149	encoded-power	football.html
7.59	1	1969	68722	forkit	bon-04.html
7.58	1	1965	90609	resonome-genetic-archive	mbeck-13.html
7.58	1	1963	89912	resonome-genetic-archive	mbeck-14.html
7.58	1	1963	89643	resonome-genetic-archive	mbeck-10.html
7.58	1	1963	69005	sense-ritual	ai_studio_code - 2025-10-14T115555.014.html
7.58	1	1960	96266	momsaic	putt-up.html
7.58	1	1959	89440	resonome-genetic-archive	mbeck-09.html
7.58	1	1957	93126	ripples	IMAGES/Kimi_Agent_RIPPLES_ Worldtext Theory Summary (1)/ripples/index.html
7.58	1	1955	92928	resonome-genetic-archive	mighty-morph-10.html
7.58	1	1951	60157	text-ure	shield 52/10.html
7.58	1	1949	93878	resonome-genetic-archive	mighty-morph-08bbdde.html
7.58	1	1949	58477	arkadu	voronoi-depth-test.html
7.58	1	1948	94839	metisim	LIB/duu-11.html
7.58	1	1948	91664	momsaic	bflix-plus.html
7.57	1	1945	59322	1000-small-futures	thousand-lives-godlevel.html
7.57	1	1944	88550	metisim	INVASION/zylos-01.html
7.57	1	1944	74028	sense-ritual	conflux-engine.html
7.57	1	1943	88965	resonome-genetic-archive	mbeck-12.html
7.57	1	1942	92696	resonome-genetic-archive	mighty-morph-08bbdd.html
7.57	1	1941	66797	sense-ritual	flux-garden-554.html
7.57	1	1940	93664	resonome-genetic-archive	mighty-morph-08bbddee.html
7.57	1	1940	57806	arkadu	approach-3-depth-test.html
7.57	1	1938	94593	metisim	LIB/duu-10.html
7.57	1	1936	92105	resonome-genetic-archive	mighty-morph-09.html
7.57	1	1934	104554	tractor-field-notes	2400_25/arcas-01-agent-sim.html
7.57	1	1934	104554	potters-wheel	2400_25/arcas-01-agent-sim.html
7.57	1	1934	104554	os-dope	arcas-01-agent-sim.html
7.57	1	1934	104554	looking-machine	2400_25/arcas-01-agent-sim.html
7.57	1	1934	104554	hyperclay-editor	2400_25/arcas-01-agent-sim.html
7.57	1	1934	75521	sense-ritual	ai_studio_code - 2025-10-13T072727.273.html
7.57	1	1933	86717	achilles-orchestra	PROCESS/preview (14).html
7.56	1	1926	87009	resonome-genetic-archive	mbeck-11.html
7.56	1	1926	87009	resonome-genetic-archive	mbeck-07.html
7.56	1	1924	72836	abc-flix	TUBE/parts/getter.html
7.56	1	1918	92187	resonome-genetic-archive	mighty-morph-08bbbd.html
7.56	1	1918	92147	resonome-genetic-archive	mighty-morph-08bbbc.html
7.56	1	1918	82823	tractor-dce-gyo	block-05.html
7.56	1	1914	46206	nothing-ritual	REPORT-NOTHING-RITUAL/NOTHING-RITUAL-07/style.css
7.56	1	1911	43914	cage	style.css
7.56	1	1911	43914	cage	linguistic-perception-loom.zip/style.css
7.56	1	1910	103024	metisim	LIB/deee-06.html
7.55	1	1908	92851	metisim	LIB/du-10.html
7.55	1	1908	91657	metisim	LIB/du-08.html
7.55	1	1906	55755	gob	FARM-TO-SCREEN/verification-premium-corpus-ripples-essay-forge.html
7.55	1	1906	55755	gaze	FARM-TO-SCREEN/verification-premium-corpus-ripples-essay-forge.html
7.55	1	1900	61924	text-ure	shield 52/7.html
7.55	1	1899	89559	momsaic	beflix.html
7.55	1	1897	73835	abc-flix	TUBE/parts/beam.html
7.55	1	1895	91645	resonome-genetic-archive	mighty-morph-08bbc.html
7.55	1	1894	97348	jdb-ripple-remix	evo-03.html
7.55	1	1893	100562	sense-ritual	swiper-foo.html
7.55	1	1892	56088	arkadu	approach-1-depth-test.html
7.54	1	1890	91170	resonome-genetic-archive	mighty-morph-08bb.html
7.54	1	1890	88271	synarchiv	iso-mem-degen-01.html
7.54	1	1889	65274	jdb-ripple-remix	rp-03.html
7.54	1	1882	90898	resonome-genetic-archive	mighty-morph-08bbe.html
7.54	1	1878	109230	tractor-field-notes	pca/pca-01.html
7.54	1	1878	109230	pca	pca-01.html
7.54	1	1878	109230	looking-machine	pca/pca-01.html
7.54	1	1878	109230	hyperclay-editor	pca/pca-01.html
7.54	1	1875	96725	sense-ritual	swiper-sogo-fixed.html
7.54	1	1875	76774	core-age	trail-olog-starter/courage-trail-olog.html
7.54	1	1875	76774	core-age	trail-olog-starter copy/courage-trail-olog.html
7.54	1	1875	76774	core-age	trail-olog-starter 2/courage-trail-olog.html
7.53	1	1866	177833	abundant-nes	index.html
7.53	1	1864	82550	popular-bowl	hall.html
7.53	1	1858	88275	resonome-genetic-archive	mighty-morph-08bbbb.html
7.53	1	1858	61632	text-ure	shield 52/12.html
7.53	1	1857	59168	wave	wave-explorer-v2.html
7.53	1	1856	91318	metisim	LIB/du-04.html
7.53	1	1856	46034	tractor-field-notes	CAN/hyperclay-rex.html
7.53	1	1856	46034	looking-machine	CAN/hyperclay-rex.html
7.53	1	1856	46034	hyperclay-editor	CAN/hyperclay-rex.html
7.53	1	1855	46079	wa	examples/js/loaders/LDrawLoader.js
7.53	1	1855	46079	tractor-dce-gyo	examples/js/loaders/LDrawLoader.js
7.53	1	1854	72413	achilles-orchestra	PROCESS/preview (10).html
7.53	1	1853	87454	resonome-genetic-archive	mighty-morph-08b.html
7.52	1	1851	68744	culture-mind-body	orca-archive.html
7.52	1	1848	69258	myth-engine	tow/Kimi_Agent_Five Hub Tug-of-War Headlines/myth-engine/index.html
7.52	1	1848	69258	myth-engine	tow/Kimi_Agent_Five Hub Tug-of-War Headlines/myth-engine-arcade.html
7.52	1	1845	93186	jdb-ripple-remix	rp-02.html
7.52	1	1845	61695	gob	asclepius-completions-mobile.html
7.52	1	1845	61695	gaze	asclepius-completions-mobile.html
7.52	1	1845	61658	gob	heilig-completions-mobile.html
7.52	1	1845	61658	gaze	heilig-completions-mobile.html
7.52	1	1843	83454	tractor-field-notes	TRACTOR FOLKLOGICUS/tract-07-clean.html
7.52	1	1843	83454	looking-machine	TRACTOR FOLKLOGICUS/tract-07-clean.html
7.52	1	1838	71914	tractor-dce-gyo	onyx-shell.html
7.52	1	1837	63115	txz-ancient	shield-tuner.html
7.52	1	1836	92043	metisim	LIB/dream-engine-04.html
7.52	1	1836	81270	synesthetic-flux-console	botanica.html
7.52	1	1835	62318	1000-small-futures	ouside-rad-futures.html
7.51	1	1834	98849	sense-ritual	swiper-sogo.html
7.51	1	1834	47920	hyperclay-editor	son-mod-03.html
7.51	1	1832	73228	abc-flix	GEMINI/aa-00.html
7.51	1	1829	89281	smith-deck	ai_studio_code (92).html
7.51	1	1829	89281	prompt-smith	ai_studio_code (92).html
7.51	1	1823	94393	time-atlas	index.html
7.51	1	1822	88335	metisim	LIB/du-03.html
7.51	1	1820	92335	jdb-ripple-remix	rp-04.html
7.50	1	1814	85321	resonome-genetic-archive	mighty-morph-08bbb.html
7.50	1	1813	88816	metisim	LIB/duu-09.html
7.50	1	1811	84456	synarchiv	iso-mem-06.html
7.50	1	1809	87580	metisim	LIB/du-07.html
7.50	1	1802	77796	wa	index-beta.html
7.50	1	1799	68404	synesthetic-flux-console	edifice.html
7.49	1	1796	56758	tractor-dce-gyo	block-reactor-multiscene.html
7.49	1	1795	63050	forkit	archive/a00.html
7.49	1	1792	93434	angel-meets-algo	ai_studio_code - 2025-09-11T035253.411.html
7.49	1	1788	81749	resonome-genetic-archive	mbeck-03.html
7.49	1	1785	83526	tractor-field-notes	TRACTOR FOLKLOGICUS/tract-07.html
7.49	1	1785	83526	looking-machine	TRACTOR FOLKLOGICUS/tract-07.html
7.48	1	1778	80379	resonome-genetic-archive	mbeck-06.html
7.48	1	1775	77880	resonome-genetic-archive	my-guy-06.html
7.48	1	1774	85945	metisim	LIB/du-05.html
7.48	1	1772	62310	holo-project	fork-01.html
7.48	1	1771	94740	gob	PIGEONS/orcon-y.html
7.48	1	1771	94740	gaze	PIGEONS/orcon-y.html
7.48	1	1771	79900	resonome-genetic-archive	mbeck-05.html
7.48	1	1769	79748	resonome-genetic-archive	mbeck-04.html
7.48	1	1769	67611	sense-ritual	ai_studio_code - 2025-10-13T065534.291.html
7.48	1	1769	62410	sense-ritual	flux-garden-605.html
7.48	1	1767	99567	achilles-orchestra	cme-000.html
7.47	1	1762	85609	metisim	LIB/du-06.html
7.47	1	1750	57505	mythos-canon	MYTHOS-ARCHIVE/landscape_viewer.html
7.47	1	1749	60700	forkit	ch1.html
7.47	1	1747	67597	sense-ritual	STONE/swipe-quartz-crystal.html
7.47	1	1747	60249	achilles-orchestra	PROCESS/tchaikovsky-ripple-simulator-v2.html
7.47	1	1746	41708	abc-flix	TUBE/archive/preview (52).html
7.47	1	1746	41708	abc-flix	TUBE/archive/preview (51).html
7.46	1	1744	81555	metisim	INVASION/cyton-03.html
7.46	1	1738	53714	looking-machine	GAZE/graph-operator.html
7.46	1	1736	85453	resonome-genetic-archive	mdeck-10.html
7.46	1	1735	39281	sterner	style_1.css
7.46	1	1735	39281	sterner	style.css
7.46	1	1735	39281	sterner	soundscapes-interface.zip/style.css
7.46	1	1731	66901	text-ure	shield 52/2.html
7.45	1	1726	77267	jdb-ripple-remix	blue-orchid-super.html
7.45	1	1726	67502	abc-flix	TUBE/parts/what.html
7.45	1	1723	41952	tractor-field-notes	CAN/hyperclay-drex.html
7.45	1	1723	41952	tractor-field-notes	CAN/hyperclay-crispr.html
7.45	1	1723	41952	looking-machine	CAN/hyperclay-drex.html
7.45	1	1723	41952	looking-machine	CAN/hyperclay-crispr.html
7.45	1	1723	41952	hyperclay-editor	CAN/hyperclay-drex.html
7.45	1	1723	41952	hyperclay-editor	CAN/hyperclay-crispr.html
7.45	1	1714	61030	myth-engine	tow/Kimi_Agent_Five Hub Tug-of-War Headlines/myth-engine-v2/index.html
7.45	1	1714	61030	myth-engine	tow/Kimi_Agent_Five Hub Tug-of-War Headlines/myth-engine-v2.html
7.44	1	1707	65555	sense-ritual	ai_studio_code - 2025-10-13T071757.422.html
7.44	1	1700	55746	sense-ritual	narrative-garden-ultimate.html
7.44	1	1695	80254	metisim	LIB/duuu-17.html
7.44	1	1695	80199	jdb-ripple-remix	ripple-core.html
7.44	1	1695	73336	sympathetic-magic	view-03.html
7.43	1	1692	71966	tractor-dce-gyo	block-reactor-presentation.html
7.43	1	1687	105317	media-surfer	index-7.html
7.43	1	1687	84872	volholla	CONSTRUCTORS/CONWAY/conwaywe-00.html
7.43	1	1684	68900	tractor-field-notes	DYAD/onyx-thumb.html
7.43	1	1684	68900	looking-machine	DYAD/onyx-thumb.html
7.43	1	1684	68900	dyad	onyx-thumb.html
7.43	1	1683	56794	looking-machine	GAZE/tools/build-creatureliness-singular-pages.js
7.43	1	1681	56805	text-ure	urn-52/k5.html
7.43	1	1681	56805	text-ure	urn-52/7.html
7.42	1	1675	73027	metisim	INVASION/lyrael-02.html
7.42	1	1675	66005	mother-of-invention	backup.html
7.42	1	1672	86584	resonome-genetic-archive	mdeck-09.html
7.42	1	1671	134660	totb	totb-02.html
7.42	1	1670	47370	tractor-field-notes	pca/surreal.html
7.42	1	1670	47370	pca	surreal.html
7.42	1	1670	47370	looking-machine	pca/surreal.html
7.42	1	1670	47370	hyperclay-editor	pca/surreal.html
7.42	1	1666	66366	media-culture	LMC 2400 _ Spring 2026.html
7.42	1	1661	72476	metisim	INVASION/zylos-04b.html
7.41	1	1659	63444	sense-ritual	ai_studio_code - 2025-10-13T064846.622.html
7.41	1	1659	63435	sense-ritual	ai_studio_code - 2025-10-13T063657.368.html
7.41	1	1657	62880	sense-ritual	index copy.html
7.41	1	1656	79197	resonome-genetic-archive	mighty-morph-08.html
7.41	1	1656	79181	resonome-genetic-archive	mighty-morph-07.html
7.41	1	1655	65947	culture-mind-body	dual-map-00.html
7.41	1	1650	59752	sense-ritual	a6d.html
7.41	1	1649	77812	momsaic	putt-op-off.html
7.41	1	1647	80856	metisim	LIB/du-02.html
7.41	1	1646	78527	resonome-genetic-archive	mighty-morph-06.html
7.41	1	1644	54577	eos	CODEX/codex_hypertext.html
7.40	1	1641	85528	metisim	LIB/deee-05.html
7.40	1	1641	77673	resonome-genetic-archive	mighty-morph-05.html
7.40	1	1636	71540	achilles-orchestra	MESH-GNN/ouro-revo.html
7.40	1	1633	68203	abc-flix	icaro-spiral.html
7.40	1	1629	59906	sense-ritual	STONE/swipe-quartz-hardened.html
7.39	1	1626	76493	resonome-genetic-archive	mighty-morph-04.html
7.39	1	1624	89803	volholla	CONSTRUCTORS/CODE THE WORLD/ctwee-00.html
7.39	1	1622	83551	gaze	data-dermis-06.html
7.39	1	1619	79936	synarchiv	train-brain13.html
7.39	1	1612	63000	abc-flix	WIDE/a.html
7.38	1	1609	39442	political-kayfabe	style.css
7.38	1	1606	71129	momsaic	kope.html
7.38	1	1606	59654	RIP	orca-08.html
7.38	1	1605	54808	achilles-orchestra	PROCESS/omega-convergence-console.html
7.38	1	1602	51680	sense-ritual	m-crusher-09-with-beats.html
7.38	1	1597	70102	resonome-genetic-archive	my-guy-05.html
7.38	1	1597	58029	sense-ritual	meshwork-865.html
7.38	1	1596	77871	tractor-dce-gyo	block-01.html
7.37	1	1592	57046	myth-engine	tow/Kimi_Agent_Five Hub Tug-of-War Headlines/myth-engine-ultimate-v2/index.html
7.37	1	1592	57046	myth-engine	tow/Kimi_Agent_Five Hub Tug-of-War Headlines/myth-engine-ultimate-v2.html
7.37	1	1586	73547	resonome-genetic-archive	mighty-morph-03.html
7.36	1	1575	82025	sense-ritual	swiper-so.html
7.36	1	1574	75947	babeldu	bxe-01.html
7.35	1	1560	67832	k2.html	op1.html
7.35	1	1559	77879	synarchiv	train-brain17.html
7.35	1	1558	73351	resonome-genetic-archive	mdeck-02.html
7.35	1	1550	80765	volholla	CONSTRUCTORS/CODE THE WORLD/ctweel-00.html
7.35	1	1549	73014	resonome-genetic-archive	mdeck-01.html
7.34	1	1547	64862	core-age	timber-master-v2.html
7.34	1	1547	64597	ripples	orca-moss-1616.html
7.34	1	1543	75067	synesthetic-flux-console	botanica-01.html
7.34	1	1542	74647	metisim	LIB/du-11.html
7.34	1	1541	56852	sense-ritual	meshwork-05.html
7.34	1	1535	70879	metisim	LIB/desire-engine-01.html
7.34	1	1535	70661	metisim	LIB/desire-engine-00.html
7.33	1	1529	75398	abc-flix	CLAUDE/de-00.html
7.33	1	1529	60844	text-ure	urn-52/k3.html
7.33	1	1528	63861	abc-flix	GEMINI/ax-00.html
7.33	1	1523	69217	metisim	LIB/myth-os-freud-05.html
7.33	1	1521	60651	text-ure	urn-52/4.html
7.33	1	1521	45138	abc-flix	AETHEL/dashboard.html
7.33	1	1520	66898	metisim	freud-07.html
7.33	1	1520	66898	metisim	LIB/freud-06.html
7.33	1	1519	120813	medium-as-operator	index.html
7.32	1	1515	74318	resonome-genetic-archive	mbeck-01.html
7.32	1	1513	58132	myth-engine	tow/Kimi_Agent_Five Hub Tug-of-War Headlines/myth-engine-v4/index.html
7.32	1	1513	58132	myth-engine	tow/Kimi_Agent_Five Hub Tug-of-War Headlines/myth-engine-v4.html
7.32	1	1503	72542	resonome-genetic-archive	mbeck-00.html
7.32	1	1503	54938	sense-ritual	meshwork-03.html
7.31	1	1500	68495	resonome-genetic-archive	res-engine.html
7.31	1	1500	55321	sense-ritual	meshwork-04.html
7.31	1	1499	36233	vol-air	exported-assets (10)/style.css
7.31	1	1499	36233	tractor-field-notes	VOLHOLLA_AIR/exported-assets (10)/style.css
7.31	1	1499	36233	looking-machine	VOLHOLLA_AIR/exported-assets (10)/style.css
7.31	1	1499	36233	hyperclay-editor	VOLHOLLA_AIR/exported-assets (10)/style.css
7.31	1	1494	63995	nothing-ritual	c04-nothing-ritual-08.html
7.31	1	1494	41054	wave	wave-explorer.html
7.31	1	1493	69371	manila-memory-arcade	pin17.html
7.31	1	1492	59390	core-age	multimanual.html
7.31	1	1491	44993	achilles-orchestra	PROCESS/preview (16).html
7.31	1	1488	64570	metisim	INVASION/zylos-04.html
7.31	1	1487	57985	forkit	eet.html
7.30	1	1486	60100	sense-ritual	aaz0.html
7.30	1	1483	42801	looking-machine	GAZE/creatureliness-radio-intro.html
7.30	1	1482	70371	culture-mind-body	orca-synth.html
7.30	1	1482	68861	sympathetic-magic	view-04.html
7.30	1	1481	51952	sense-ritual	ai_studio_code - 2025-10-13T071834.297.html
7.30	1	1478	47558	sense-ritual	m-crusher-09.html
7.30	1	1477	53188	arkadu	approach-fusion-real.html
7.30	1	1476	49352	text-ure	urn-52/1.html
7.30	1	1476	35713	nothing-ritual	REPORT-NOTHING-RITUAL/NOTHING-RITUAL-03/style.css
7.30	1	1473	56382	myth-engine	tow/Kimi_Agent_Five Hub Tug-of-War Headlines/myth-engine-v3/index.html
7.30	1	1473	56382	myth-engine	tow/Kimi_Agent_Five Hub Tug-of-War Headlines/myth-engine-v3.html
7.29	1	1467	73051	synarchiv	train-brain19-double-lucky.html
7.29	1	1464	65799	metisim	INVASION/cyton-02.html
7.29	1	1463	59016	RIP	moss.html
7.29	1	1458	73710	synarchiv	train-brain16.html
7.29	1	1458	44161	achilles-orchestra	PROCESS/preview (15).html
7.28	1	1454	73240	synarchiv	train-brain15.html
7.28	1	1453	66747	resonome-genetic-archive	mdeck-05c.html
7.28	1	1453	65443	media-surfer	speculative-media-tech/index.html
7.28	1	1452	71378	unthinkable-media	gear_editing_canvas.html
7.28	1	1452	71378	tractor-field-notes	POTTERS_WHEEL/gear_editing_canvas.html
7.28	1	1452	71378	potters-wheel	POTTERS_WHEEL/gear_editing_canvas.html
7.28	1	1452	71378	looking-machine	POTTERS_WHEEL/gear_editing_canvas.html
7.28	1	1452	71378	hyperclay-editor	POTTERS_WHEEL/gear_editing_canvas.html
7.28	1	1449	75429	metisim	LIB/dee-04.html
7.28	1	1449	50247	wa	parts-viewer-prime.html
7.28	1	1448	69167	metisim	LIB/de-02.html
7.28	1	1447	57867	core-age	manual.html
7.28	1	1447	36251	nothing-ritual	REPORT-NOTHING-RITUAL/NOTHING-RITUAL-05/style.css
7.28	1	1445	46939	the-fork	fork-x2.html
7.28	2	37	1145	latent-sculptor	src/components/latent-sculptor/node-config.ts
7.28	1	1443	72970	synarchiv	train-brain19lucky.html
7.27	1	1441	46842	the-fork	fork-x4.html
7.27	1	1440	72689	synarchiv	train-brain17lucky.html
7.27	1	1439	57600	metisim	INVASION/omnia.html
7.27	1	1438	105562	sense-ritual	synt.html
7.27	1	1438	66284	synesthetic-flux-console	constellation.html
7.27	1	1438	49679	achilles-orchestra	PROCESS/tchaikovsky-ripple-simulator.html
7.27	1	1436	35532	windows-and-mirrors	style.css
7.27	1	1434	66350	resonome-genetic-archive	mdeck.html
7.27	1	1433	54101	tractor-field-notes	DYAD/tournament.html
7.27	1	1433	54101	looking-machine	DYAD/tournament.html
7.27	1	1433	54101	dyad	tournament.html
7.27	1	1431	70009	gene	editor.html
7.27	1	1429	59173	abc-flix	TUBE/parts/xloco.html
7.26	1	1427	66428	resonome-genetic-archive	mdeck-06.html
7.26	1	1425	60207	momsaic	bflix-comp.html
7.26	1	1421	57519	meets	v5.html
7.26	1	1415	70412	synarchiv	train-brain13lucky.html
7.26	1	1415	63651	volholla	CONSTRUCTORS/ENACTOR/enactorwere-00.html
7.25	1	1414	45482	tractor-dce-gyo	block-merge-pro-00.html
7.25	1	1412	59647	momsaic	bflix-pro.html
7.25	1	1412	50060	arkadu	approach-4b-sediment-simple.html
7.25	1	1412	47912	sense-ritual	STONE/swipe-quartz.html
7.25	1	1411	45726	atg-3	atg-2-atlas.html
7.25	1	1409	45098	1000-small-futures	1000-small-futures-simulation.html
7.25	1	1409	40755	the-republic	republic-viewer.html
7.25	1	1406	74059	head-neuroglow	neuroglow-v4-mic.html
7.25	1	1404	70691	synarchiv	train-brain18.html
7.25	1	1404	41836	feedfall	eno-crt.html
7.25	1	1401	1139064	operation-describe	Operative Ekphrasis, Thick Description/files/3107/000161.html
7.25	1	1401	71236	metisim	LIB/dee-03.html
7.25	1	1401	65449	metisim	LIB/de-01.html
7.24	1	1400	56832	atg-3	tractor-field.html
7.24	1	1397	54980	island-ecology	clinic.html
7.24	1	1393	65859	resonome-genetic-archive	morphic-might.html
7.24	1	1393	65859	resonome-genetic-archive	mighty-morph-02.html
7.24	1	1393	52136	core-age	multi-good.html
7.24	1	1391	68418	metisim	LIB/du-01.html
7.24	1	1391	68418	metisim	LIB/du-00.html
7.24	1	1391	34910	sapir	style.css
7.24	1	1391	34910	sapir	cage-silence-presentation.zip/style.css
7.24	1	1387	58980	momsaic	bflix-marker.html
7.24	1	1387	54481	core-age	wag-were-twilight.html
7.23	1	1383	59394	metisim	INVASION/zylos-05.html
7.23	1	1381	64879	resonome-genetic-archive	mdeck-05b.html
7.23	1	1379	73679	abc-flix	sensorama-sankofa.html
7.23	1	1377	73714	angel-meets-algo	b1.html
7.23	1	1373	61564	resonome-genetic-archive	mdeck-06b.html
7.23	1	1373	58960	os-dope-faa	olfl-up.html
7.22	1	1371	63566	design-brief	index.html
7.22	1	1371	58787	core-age	mfr.html
7.22	1	1369	72362	volholla	CONSTRUCTORS/ONTO HERM/onto-hermitwego-00.html
7.22	1	1368	102441	growing-entanglements	new-code-paper.html
7.22	1	1368	46524	core-age	skeleton-ontology-explorer.html
7.22	1	1365	46743	eos	CODEX/file-browser-02.html
7.22	1	1365	43744	gob	asclepius-zen-reader.html
7.22	1	1365	43744	gaze	asclepius-zen-reader.html
7.22	1	1362	52708	looking-machine	GAZE/title-operator.html
7.22	1	1360	58642	metisim	INVASION/zylos-02.html
7.22	1	1359	42671	text-ure	shield 52/4.html
7.21	1	1357	53538	sense-ritual	ai_studio_code - 2025-10-13T074759.110.html
7.21	1	1357	49479	forkit	telo.html
7.21	1	1355	59910	achilles-orchestra	cme-001.html
7.21	1	1354	42116	atg-3	SHUFFLE/forager/scene-forager.html
7.21	1	1353	78234	tractor-field-notes	2400_25/arcas-00.html
7.21	1	1353	78234	potters-wheel	2400_25/arcas-00.html
7.21	1	1353	78234	os-dope	arcas-00.html
7.21	1	1353	78234	looking-machine	2400_25/arcas-00.html
7.21	1	1353	78234	hyperclay-editor	2400_25/arcas-00.html
7.21	1	1353	62469	resonome-genetic-archive	mdeck-05.html
7.21	1	1351	50484	metisim	INVASION/verex-00.html
7.21	1	1350	68468	synarchiv	train-brain14.html
7.20	1	1345	26062	jdb-ripple-remix	gpt.css
7.20	1	1344	38219	holo-project	projection-viewer.html
7.20	1	1341	45395	myth-engine	tow/Kimi_Agent_Five Hub Tug-of-War Headlines/myth-engine-ultimate/index.html
7.20	1	1341	45395	myth-engine	tow/Kimi_Agent_Five Hub Tug-of-War Headlines/myth-engine-ultimate.html
7.20	1	1340	67354	synarchiv	train-brain12.html
7.20	1	1338	55150	core-age	lim-base.html
7.20	1	1335	62448	arkadu	approach-7-depth-test.html
7.20	1	1334	60536	volholla	CONSTRUCTORS/CONWAY/conwayfr-00.html
7.20	1	1332	67348	synarchiv	train-brain11.html
7.20	1	1332	41135	moto	any-time.html
7.19	1	1330	50802	momsaic	congaree.html
7.19	1	1328	43565	looking-machine	GAZE/tools/build-creatureliness-manual-flow.js
7.19	1	1325	64942	gob	PIGEONS/orcon-x.html
7.19	1	1325	64942	gaze	PIGEONS/orcon-x.html
7.19	1	1323	51060	tractor-field-notes	SHROUDED HISTORY/visualize.html
7.19	1	1323	51060	shroud-project	visualize.html
7.19	1	1323	51060	looking-machine	SHROUDED HISTORY/visualize.html
7.19	1	1320	44896	nexadoc-jar	nd-04.html
7.19	1	1319	43997	sense-ritual	flux-garden-10.html
7.18	1	1318	63269	abc-flix	TUBE/arc_tunnel_riverbed_editor.html
7.18	1	1318	48143	atg-3	thesis-terrain.html
7.18	1	1317	65377	metisim	syngen-02.html
7.18	1	1316	63372	nothing-ritual	g25-nothing-ritual-03.html
7.18	1	1313	53441	text-ure	shield 52/6.html
7.18	1	1311	48288	text-ure	shield 52/8.html
7.18	1	1311	41552	gob	FARM-TO-SCREEN/cgomh-a3.html
7.18	1	1311	41552	gaze	FARM-TO-SCREEN/cgomh-a3.html
7.18	1	1310	61300	atg-3	void-management-annotated.html
7.18	1	1310	46326	witt	for.html
7.18	1	1310	38702	sense-ritual	conflux.html
7.18	1	1309	43636	abc-flix	icaro-fleece.html
7.18	1	1307	48180	smith-deck	dub-base.html
7.18	1	1307	48180	prompt-smith	dub-base.html
7.18	1	1306	68127	gob	04-OS-HEILIG.html
7.18	1	1306	68127	gaze	04-OS-HEILIG.html
7.17	1	1305	65256	synarchiv	train-brain9.html
7.17	1	1304	65266	synarchiv	train-brain10.html
7.17	1	1299	52184	core-age	system-monitor.html
7.17	1	1298	55713	volholla	CONSTRUCTORS/CONWAY/conwayut-00.html
7.17	1	1297	56881	ripples	1616-worldjockey.html
7.17	1	1296	67059	resonome-genetic-archive	mwut.html
7.17	1	1296	47725	tractor-field-notes	Hephaestus Narrative OS/sf01.html
7.17	1	1296	47725	looking-machine	Hephaestus Narrative OS/sf01.html
7.17	1	1296	47725	hephaestus-narrative-os	sf01.html
7.17	1	1295	68949	acm	print-production.html
7.16	1	1290	32885	nothing-ritual	REPORT-NOTHING-RITUAL/NOTHING-RITUAL-01/style.css
7.16	1	1289	64363	synarchiv	train-brain8.html
7.16	1	1287	44684	tractor-field-notes	Hephaestus Narrative OS/osf-01.html
7.16	1	1287	44684	looking-machine	Hephaestus Narrative OS/osf-01.html
7.16	1	1287	44684	hephaestus-narrative-os	osf-01.html
7.16	1	1285	51206	sense-ritual	ai_studio_code - 2025-10-13T075031.715.html
7.16	1	1285	50825	golden-lens	11.html
7.16	1	1284	64072	synarchiv	train-brain7.html
7.16	1	1283	68519	head-neuroglow	neuroglow_v3-plus.html
7.16	1	1281	53537	metisim	INVASION/zylos-03.html
7.16	1	1280	40732	tractor-field-notes	EOS/operating-system/index.html
7.16	1	1280	40732	looking-machine	EOS/operating-system/index.html
7.16	1	1280	40732	hyperclay-editor	EOS/operating-system/index.html
7.15	1	1279	74199	aura-after-copies	better.html
7.15	1	1278	46515	achilles-orchestra	PROCESS/preview (19).html
7.15	1	1275	50495	abc-flix	GEMINI/ae-00.html
7.15	1	1274	59596	achilles-orchestra	PROCESS/colab-v2.html
7.15	1	1274	32347	mythos-canon	MYTHOS-ARCHIVE/KITES/style.css
7.15	1	1274	32347	mythos-canon	MYTHOS-ARCHIVE/KITES/family-of-one/style.css
7.15	1	1273	63877	synarchiv	train-brain5.html
7.15	1	1273	46725	atg-3	creator-trail-hub.html
7.15	1	1272	64463	role-deck	index.html
7.15	1	1272	42905	sr-os	intros.js
7.15	1	1270	48321	wh-ripple	kimi-k2-lego-FIXED.html
7.15	1	1269	88104	fish-town	OPERATIVE/sanko-00.html
7.15	1	1269	57269	core-age	LEGOS-tutorial-primal.html
7.15	1	1269	50080	k2.html	dcr.html
7.15	1	1269	48164	wa	kindex.html
7.15	1	1267	63437	synarchiv	train-brain6.html
7.14	1	1266	55223	metisim	LIB/freud-03.html
7.14	1	1262	72420	haunted-tools	huanted-tool.html
7.14	1	1261	45151	sense-ritual	meshwork-01.html
7.14	1	1260	37719	func-sub	tra-mobile-rails.html
7.14	1	1259	56535	metisim	LIB/myth-os-freud-04.html
7.14	1	1257	62530	synarchiv	train-brain2.html
7.14	1	1256	53679	moto	koto.html
7.14	1	1256	48263	tractor-dce-gyo	block-00.html
7.13	1	1254	60327	sympathetic-magic	sympatheia_protocol.html
7.13	1	1254	39929	achilles-orchestra	newish.html
7.13	1	1253	60854	synarchiv	train-brain3.html
7.13	1	1253	52104	tractor-field-notes	TRACTOR FOLKLOGICUS/tract-04.html
7.13	1	1253	52104	looking-machine	TRACTOR FOLKLOGICUS/tract-04.html
7.13	1	1253	47692	tractor-dce-gyo	onyx-neck.html
7.13	1	1251	55848	sense-ritual	persuade.html
7.13	1	1250	53500	metisim	INVASION/auracore.html
7.13	1	1249	51016	core-age	timber-master.html
7.13	1	1248	54568	tractor-field-notes	TRACTOR FOLKLOGICUS/tract-03.html
7.13	1	1248	54568	looking-machine	TRACTOR FOLKLOGICUS/tract-03.html
7.13	1	1248	47927	nexadoc-jar	nd-12-stig.html
7.13	1	1248	43164	wa	parts-viewer.html
7.13	1	1248	43164	wa	parts-viewer-beta.html
7.13	1	1245	48036	fuzzy-linkography	geo.html
7.13	1	1243	44701	k2.html	evo.html
7.12	1	1240	35753	wave	wave-stack-explorer.html
7.12	1	1238	60011	synarchiv	train-brain4.html
7.12	1	1237	48326	fish-town	index.html
7.12	1	1235	160482	text-ure	urn-52/keats_urn_grid_viewer.html
7.12	1	1235	36965	fish-town	trout-town.html
7.12	1	1233	39412	achilles-orchestra	PROCESS/preview (13).html
7.12	1	1233	39412	achilles-orchestra	PROCESS/preview (12).html
7.12	1	1231	43777	text-ure	urn-52/8.html
7.12	1	1230	60181	media-surfer	SPECULATIVE-LEDGER-FULL.html
7.12	1	1230	41077	sense-ritual	STONE/swipe-granite.html
7.11	1	1225	49241	manila-memory-arcade	pin06-VPPS.html
7.11	2	34	1004	wag-gallery	generate_manifest.py
7.11	1	1222	45205	text-ure	urn-52/apollinaire-calligram-grid-bridge.html
7.11	1	1221	55434	manila-memory-arcade	pin19.html
7.11	1	1221	45525	forkit	bon-02.html
7.11	1	1220	37100	sense-ritual	flux-garden-09.html
7.11	1	1219	35630	jdb-ripple-remix	screening-minimal.html
7.11	1	1218	62105	making-kin	lewis.html
7.11	1	1218	47735	wa	ldraw-ai-extension.js
7.11	1	1218	34951	txz-ancient	hub.html
7.10	1	1217	63141	ripples	Kimi_Agent_RIPPLES_ Worldtext Theory Summary/ripples/index.html
7.10	1	1217	54471	metisim	LIB/de-00.html
7.10	1	1216	52767	synarchiv	iso-mem-05.html
7.10	1	1216	48971	synarchiv	iso-mem-04.html
7.10	1	1215	31847	enos-garden	style.css
7.10	1	1213	43165	sense-ritual	meshwork-02.html
7.10	1	1213	40896	fish-town	trout-town-fed.html
7.10	1	1212	56461	metisim	INVASION/vectra.html
7.10	1	1212	55173	tractor-dce-gyo	onyx-head.html
7.10	1	1212	42233	holo-project	thousand-tetrad.html
7.10	1	1211	45716	jdb-ripple-remix	ripples-integrated.html
7.10	1	1210	44094	the-project	achilles-07.html
7.10	1	1207	59018	island-ecology	cmem.html
7.10	1	1205	56256	fish-town	physics-sand.html
7.09	1	1204	27880	myth-engine	tow/ptu-00.html
7.09	1	1201	65207	abc-flix	TUBE/parts/envelope.html
7.09	1	1201	65207	abc-flix	TUBE/parts/deflector.html
7.09	1	1200	47451	operation-describe	index.html
7.09	1	1198	54254	abc-flix	TUBE/parts/suppressor.html
7.09	1	1198	43863	sense-ritual	matrix-final-screen.html
7.09	1	1196	43247	achilles-orchestra	PROCESS/preview (11).html
7.09	1	1196	31727	nothing-ritual	REPORT-NOTHING-RITUAL/NOTHING-RITUAL-04/style.css
7.09	1	1195	38510	myth-engine	tow/Kimi_Agent_Five Hub Tug-of-War Headlines/myth-engine-dino/index.html
7.09	1	1194	47885	silence-has-rules	stern.html
7.08	1	1191	47613	core-age	neuro-studio.html
7.08	1	1190	53709	volholla	CONSTRUCTORS/ENACTOR/enactort-bc01.html
7.08	1	1190	50978	metisim	INVASION/zylos-04d.html
7.08	1	1189	49919	momsaic	mandala.html
7.08	1	1189	49919	momsaic	manda.html
7.08	1	1189	43898	smith-deck	double-smith.html
7.08	1	1189	43898	prompt-smith	double-smith.html
7.08	1	1188	66054	aura-after-copies	ai_studio_code - 2025-09-10T142025.020.html
7.08	1	1188	40476	meets	v1.html
7.08	1	1187	42374	world-heat	bil.html
7.08	1	1185	48162	reading-with-machines	ai_studio_code.html
7.08	1	1183	31220	windows-and-mirrors	closure-foraging-deck.zip/style.css
7.08	1	1182	52311	momsaic	rope.html
7.08	1	1182	49783	func-sub	ai-duo-reader.html
7.08	1	1182	40723	abc-flix	KIMI/ad-00.html
7.07	1	1181	44117	golden-lens	10.html
7.07	1	1180	44930	volholla	CULTURAL SYSTEMS/cs-02.html
7.07	1	1179	44521	synarchiv	index.html
7.07	1	1176	81684	momsaic	sanko-04.html
7.07	1	1175	47947	abc-flix	SWARMS/icaro-choreography.html
7.07	1	1175	47504	tractor-dce-gyo	onyx-claw.html
7.07	1	1174	48269	text-ure	shield 52/9.html
7.07	1	1173	47459	metisim	INVASION/zenithos.html
7.07	1	1172	41451	sense-ritual	FOOD/swipe-food-eggs.html
7.07	1	1172	38411	gob	FARM-TO-SCREEN/analyst-workbench.html
7.07	1	1172	38411	gaze	FARM-TO-SCREEN/analyst-workbench.html
7.07	1	1171	57493	making-kin	mcdowell.html
7.07	1	1170	42121	myth-engine	myth-engine (1).html
7.06	1	1169	54269	metisim	INVASION/pharos.html
7.06	1	1169	53836	resonome-genetic-archive	morph-portal-04.html
7.06	1	1169	53836	resonome-genetic-archive	morph-field-portal-04.html
7.06	1	1167	51489	momsaic	tope.html
7.06	1	1164	42507	itinerant-prompt	index.html
7.06	1	1163	81761	tractor-field-notes	Hephaestus Narrative OS/or-ba.html
7.06	1	1163	81761	looking-machine	Hephaestus Narrative OS/or-ba.html
7.06	1	1163	81761	hephaestus-narrative-os	or-ba.html
7.06	1	1163	45017	tractor-dce-gyo	block-02.html
7.06	1	1162	54942	tractor-field-notes	FUSE/gs2.html
7.06	1	1162	54942	potters-wheel	FUSE/gs2.html
7.06	1	1162	54942	looking-machine	FUSE/gs2.html
7.06	1	1162	54942	intron	gs2.html
7.06	1	1162	54942	hyperclay-editor	FUSE/gs2.html
7.06	1	1162	54942	genoma	FUSE/gs2.html
7.06	1	1162	54942	codon	FUSE/gs2.html
7.06	1	1161	30111	mythos-canon	MYTHOS-ARCHIVE/node_explorer.html
7.06	1	1160	40590	meets	slideshow-03.html
7.06	1	1158	56177	tractor-dce-gyo	block-04.html
7.05	1	1156	30953	arkadu	chamber-organic-voronoi.html
7.05	1	1154	70588	mfss	insta.html
7.05	1	1154	37796	sense-ritual	m-crusher-08.html
7.05	1	1153	67077	opek	OPERATIVES/kimi-pres.html
7.05	1	1152	46308	wa	ldraw/index copy.html
7.05	1	1152	46308	tractor-dce-gyo	wag-viewer-prime-integration-20251112-055341 copy/ldraw/index copy.html
7.05	1	1152	46308	tractor-dce-gyo	ldraw/index copy.html
7.05	1	1151	41741	tractor-field-notes	DYAD/reader.html
7.05	1	1151	41741	looking-machine	DYAD/reader.html
7.05	1	1151	41741	dyad	reader.html
7.05	1	1151	39264	sense-ritual	meshwork.html
7.05	1	1151	30297	tractor-dce-gyo	sceneerator-03.html
7.05	1	1150	51300	momsaic	cope.html
7.05	1	1149	59386	gob	SAG/final-essay-reader.html
7.05	1	1149	59386	gaze	SAG/final-essay-reader.html
7.05	1	1149	54513	human-as-media	explorer.html
7.05	1	1149	51438	tractor-dce-gyo	project-genome-tractor.html
7.05	1	1149	51438	role-deck	project-genome.html
7.05	1	1148	52521	resonome-genetic-archive	morph-field-portal-03.html
7.05	1	1147	61669	txz-ancient	shield-ripples/final-production-kit/album_10_tracks_full.bundle.js
7.04	1	1145	34910	tractor-dce-gyo	bag-cultivator.html
7.04	1	1144	50978	manila-memory-arcade	pin12-rp-bdii.html
7.04	1	1143	80576	momsaic	sanko-03.html
7.04	1	1135	42644	core-age	mento-385.html
7.04	1	1135	42491	the-project	achilles-06.html
7.04	1	1135	42403	nexadoc-jar	nd-12.html
7.03	1	1134	56904	core-age	gar-07.html
7.03	1	1133	48813	babeldu	libabel-os-02.html
7.03	1	1131	58600	synarchiv	cultural-train-04-post-alignment.html
7.03	1	1131	58599	synarchiv	cultural-train-03.html
7.03	1	1131	33458	func-sub	dsl-02.js
7.03	1	1130	52629	manila-memory-arcade	pin04.html
7.03	1	1130	43525	crest	workbench.html
7.03	1	1128	56994	encoded-power	ar-04.html
7.03	1	1127	44687	metisim	INVASION/novaplex.html
7.03	1	1126	28806	tractor-dce-gyo	ator-base-template.html
7.03	1	1125	65997	aritificial-life	worlding-engine.html
7.03	1	1125	65997	aritificial-life	worlding-core.html
7.03	1	1125	43390	func-sub	t8-sonic.html
7.02	1	1120	42774	core-age	onto-ancestor.html
7.02	1	1119	73055	momsaic	sanko-01.html
7.02	1	1119	45710	momsaic	index.html
7.02	1	1118	45908	volholla	CONSTRUCTORS/ENACTOR/enactort-00.html
7.02	1	1118	45666	culture-mind-body	orca-maze.html
7.02	1	1118	33593	text-ure	auden-shield/media-traversal.html
7.02	1	1117	75036	angel-meets-algo	b0.html
7.02	1	1117	48592	vol-air	analysis.html
7.02	1	1117	48592	tractor-field-notes	VOLHOLLA_AIR/analysis.html
7.02	1	1117	48592	looking-machine	VOLHOLLA_AIR/analysis.html
7.02	1	1117	48592	hyperclay-editor	VOLHOLLA_AIR/analysis.html
7.02	1	1116	46636	tractor-dce-gyo	LEGOS-to-Ldraw-bridge.html
7.02	1	1116	46636	core-age	legos-to-ldraw-bridge.html
7.02	1	1116	39333	achilles-orchestra	PROCESS/preview (17).html
7.02	1	1115	43222	pretext-cave	demos/voabar.html
7.02	1	1115	34333	tractor-dce-gyo	bag-cult-00.html
7.01	1	1111	49268	core-age	atg-core-genome.html
7.01	1	1110	51934	abc-flix	SWARMS/dwig-annotator.html
7.01	1	1110	49401	momsaic	jope.html
7.01	1	1110	43862	role-deck	quiz.html
7.01	1	1109	39467	core-age	inception-editor.html
7.01	1	1107	53403	nothing-ritual	c04-nothing-ritual-01.html
7.01	1	1107	50576	volholla	CULTURAL SYSTEMS/cs-01.html
7.01	1	1106	43393	metisim	INVASION/lyrael.html
7.01	1	1105	54682	abc-flix	TUBE/archive/preview (29).html
7.01	1	1103	44698	metisim	INVASION/echosys.html
7.01	1	1102	49513	manila-memory-arcade	pin01.html
7.00	1	1101	147204	totb	totb.html
7.00	1	1101	101583	sense-ritual	swiper-llll.html
7.00	1	1101	80633	can-think	244.html
7.00	1	1101	43572	resonome-genetic-archive	chladini-00.html
7.00	1	1101	41209	the-project	achilles-05.html
7.00	1	1100	56689	metisim	LIB/dx-02.html
7.00	1	1100	56689	metisim	LIB/dx-01.html
7.00	1	1100	45927	atg-3	cse-01.html
7.00	1	1099	40509	jdb-ripple-remix	moss-wings-bayesian.html
7.00	1	1099	29560	feedfall	atlantis-explorer.html
7.00	1	1098	58486	volholla	CONSTRUCTORS/CODE THE WORLD/ctwhy-00.html
7.00	1	1097	39429	achilles-orchestra	PROCESS/preview (18).html
7.00	1	1097	39311	core-age	dna.html
7.00	1	1096	40450	tractor-dce-gyo	brickadu.html
7.00	1	1094	45119	life-star	helicopter/3.html
7.00	1	1093	40233	tractor-field-notes	FUSE/gm7.html
7.00	1	1093	40233	potters-wheel	FUSE/gm7.html
7.00	1	1093	40233	looking-machine	FUSE/gm7.html
7.00	1	1093	40233	intron	gm7.html
7.00	1	1093	40233	hyperclay-editor	FUSE/gm7.html
7.00	1	1093	40233	genoma	FUSE/gm7.html
7.00	1	1093	40233	codon	FUSE/gm7.html
7.00	1	1092	57185	tractor-field-notes	TRACTOR FOLKLOGICUS/tract-02.html
7.00	1	1092	57185	looking-machine	TRACTOR FOLKLOGICUS/tract-02.html
7.00	1	1091	38751	sense-ritual	narrative-defense.html
6.99	1	1090	54675	volholla	CONSTRUCTORS/ONTO HERM/onto-hermit-mt01.html
6.99	1	1090	47812	babeldu	libabel-os-03.html
6.99	1	1089	35400	forkit	f1.html
6.99	1	1089	35400	forkit	e3.html
6.99	1	1089	35400	forkit	e1.html
6.99	1	1088	45042	the-republic	bibliography.html
6.99	1	1087	46751	atg-3	intervention-atlas.html
6.99	1	1084	44061	synarchiv	iso-mem-claud-gem.html
6.99	1	1083	55642	volholla	CONSTRUCTORS/CODE THE WORLD/ctwut-00.html
6.99	1	1082	41478	manila-memory-arcade	pin18.html
6.98	1	1079	52897	synarchiv	train-brain.html
6.98	1	1078	47823	abc-flix	WIDE/b.html
6.98	1	1075	31771	gob	FARM-TO-SCREEN/verification-premium-corpus-zettelkasten.html
6.98	1	1075	31771	gaze	FARM-TO-SCREEN/verification-premium-corpus-zettelkasten.html
6.98	1	1074	62691	shoot-is-program	ai_studio_code - 2025-09-18T131603.159.html
6.98	1	1074	62691	shoot-is-program	ai_studio_code - 2025-09-18T131427.306.html
6.98	1	1073	51248	volholla	CONSTRUCTORS/ONTO HERM/onto-hermit-00.html
6.98	1	1073	28278	tractor-field-notes	pca/mirror-os-victor-demo.html
6.98	1	1073	28278	pca	mirror-os-victor-demo.html
6.98	1	1073	28278	looking-machine	pca/mirror-os-victor-demo.html
6.98	1	1073	28278	hyperclay-editor	pca/mirror-os-victor-demo.html
6.98	1	1072	37230	achilles-orchestra	PROCESS/colab.html
6.97	1	1068	35005	core-age	wag-frank-unified.html
6.97	1	1068	33315	k2.html	x1.html
6.97	1	1067	38501	jdb-ripple-remix	system-core-instrument.html
6.97	1	1066	66611	RIP	ort.html
6.97	1	1065	54905	abc-flix	TUBE/parts/tv.html
6.97	1	1065	47640	core-age	onyx-media.html
6.97	1	1064	99041	imc	Kindex.html
6.97	1	1064	99041	imc	Bindex.html
6.97	1	1061	46358	core-age	onyx-storytelling.html
6.97	1	1059	56801	fish-town	fish-agents.html
6.97	1	1059	41137	synesthetic-flux-console	woven-rhtythms.html
6.96	1	1056	41144	culture-mind-body	orca-world.html
6.96	1	1055	54845	metisim	LIB/dx-00.html
6.96	1	1055	36546	atg-3	thesis-pathways.html
6.96	1	1055	34316	tractor-dce-gyo	sceneerator-02.html
6.96	1	1054	52574	media-surfer	precrime-apparatus.html
6.96	1	1054	36129	core-age	mpd-data-explorer.html
6.96	1	1054	33567	forkit	fork-thick-helix.html
6.96	1	1053	44671	angel-meets-algo	a3.html
6.96	1	1053	41681	metisim	LIB/freud.html
6.96	1	1053	41681	metisim	LIB/freud-000.html
6.96	1	1053	41681	metisim	LIB/dream-tv.html
6.96	1	1053	32060	tractor-dce-gyo	sitemap-modulex.html
6.96	1	1052	44189	abc-flix	TUBE/parts/funnel.html
6.96	1	1052	39421	the-project	achilles-04.html
6.96	1	1051	39176	the-project	achilles-03.html
6.96	1	1050	43119	synarchiv	iso-mem-03.html
6.96	1	1049	49069	resonome-genetic-archive	mdeck-04.html
6.96	1	1049	45443	myth-engine	tow/rtow-01.html
6.96	1	1049	37630	abc-flix	TUBE/archive/preview (50).html
6.96	1	1048	49543	abc-flix	TUBE/icaro_slice_trial_mode.html
6.95	1	1047	44950	fish-town	f-sense-00.html
6.95	1	1047	39607	tractor-dce-gyo	onyx-arena.html
6.95	1	1045	39664	atg-3	pattern-glossary.html
6.95	1	1044	33737	meets	v2.html
6.95	1	1042	48301	metisim	INVASION/syngen.html
6.95	1	1041	49669	making-kin	haraway.html
6.95	1	1041	49160	resonome-genetic-archive	morph-field-portal-02.html
6.95	1	1041	45308	tractor-dce-gyo	block-reactor.html
6.95	1	1041	37643	myth-engine	tow/Kimi_Agent_Five Hub Tug-of-War Headlines/myth-engine-final/index.html
6.95	1	1041	37643	myth-engine	tow/Kimi_Agent_Five Hub Tug-of-War Headlines/myth-engine-final.html
6.95	1	1038	73893	momsaic	sanko-02.html
6.95	1	1037	45043	metisim	INVASION/cyton.html
6.94	1	1036	33312	pretext-cave	demos/orca-lidar.ts
6.94	1	1035	33971	tractor-dce-gyo	sitemap-manifold-04.html
6.94	1	1034	35820	aritificial-life	index.html
6.94	1	1034	33800	core-age	wag-frank-terminal.html
6.94	1	1032	29829	jdb-ripple-remix	video-up-explorer.html
6.94	1	1031	52633	momsaic	lidar-flux.html
6.94	1	1031	42348	myth-as-os	index00.html
6.93	1	1025	52428	RIP	world-engine.html
6.93	1	1025	46824	manila-memory-arcade	Retro-Physics-Pinball-Simulation.html
6.93	1	1025	36246	tractor-dce-gyo	LEGOS-GPT.html
6.93	1	1024	41813	manila-memory-arcade	pin03.html
6.93	1	1023	118488	eos	CODEX/codex_universal.html
6.93	1	1022	46735	manila-memory-arcade	pin07-rpps.html
6.93	1	1022	36939	culture-mind-body	index.html
6.93	1	1021	37947	nexadoc-jar	nd-11.html
6.93	1	1021	37382	core-age	onyx-reactor.html
6.93	1	1019	31334	tractor-dce-gyo	sitemap-studios.html
6.93	1	1018	51064	abc-flix	colosseum-viewer.html
6.93	1	1018	38657	synarchiv	multiple-wheels.html
6.93	1	1017	35110	sense-ritual	a2.html
6.92	1	1016	38287	the-project	achilles-08.html
6.92	1	1015	36910	the-project	hephaestus-constructor.html
6.92	1	1015	32747	abc-flix	SWARMS/riverbed.py
6.92	1	1012	43040	nothing-ritual	c04-nothing-ritual-03.html
6.92	1	1012	42272	the-project	shield-image-city.html
6.92	1	1012	38644	core-age	legos-gpt-manual.html
6.92	1	1010	32709	gob	RUN_ALONG/ado-reader.html
6.92	1	1010	32709	gaze	RUN_ALONG/ado-reader.html
6.92	1	1009	31317	core-age	stud-skeleton-binding-enhanced.html
6.92	1	1008	41281	nothing-ritual	c04-nothing-ritual-07.html
6.92	1	1007	77126	momsaic	sanko-core.html
6.92	1	1007	57893	political-kayfabe	index.html
6.92	1	1007	34145	sense-ritual	FOOD/swipe-food-bacon.html
6.91	1	1006	45930	abc-flix	TUBE/parts/xtra.html
6.91	1	1005	107678	world-heat	helt.html
6.91	1	1003	64525	momsaic	sanko-plus.html
6.91	1	1003	47682	who-owns-the-feed	ds-00.html
6.91	1	1002	39719	momsaic	tres-hermanos.html
6.91	1	1002	37578	wa	wag-viewer.html
6.91	1	1002	37578	wa	wag-viewer-beta.html
6.91	1	998	41909	k2.html	ecr.html
6.90	1	994	49699	tractor-dce-gyo	ai_studio_code - 2025-11-26T024246.702.html
6.90	1	994	32828	sense-ritual	m-crusher-07.html
6.90	1	993	41097	metisim	INVASION/zylos-invasion.html
6.90	1	992	42144	media-surfer	design-fiction-presentation/index.html
6.90	1	992	34359	tractor-dce-gyo	line-grid-viewer.html
6.90	1	990	50195	synarchiv	cultural-train-02.html
6.90	1	990	35911	wa	brick-film-prime.html
6.90	1	989	48355	the-project	prebuild.html
6.90	1	988	40275	liberty-machines	hw-00.html
6.90	1	987	38537	metisim	LIB/freud-00.html
6.89	1	986	38701	island-ecology	clinic-00.html
6.89	1	986	30082	abc-flix	TUBE/parts/grid.html
6.89	1	985	52681	achilles-orchestra	PROCESS/colab-v3.html
6.89	1	985	44096	manila-memory-arcade	pin13-rppg.html
6.89	1	983	54967	who-owns-the-feed	ds-03.html
6.89	1	983	42990	the-project	shield-hephaestus-ultimate.html
6.89	1	982	37198	the-project	a-08.html
6.89	1	981	90594	sense-ritual	swiper-lololo.html
6.89	1	981	25043	text-ure	kittler-zettelkasten.html
6.89	1	979	39748	metisim	LIB/freud-01.html
6.89	1	979	38560	abc-flix	TAX-FUTURE/scot-00.html
6.89	1	979	38508	tractor-dce-gyo	bull-assembly-tutorial.html
6.89	1	977	46261	momsaic	per.html
6.89	1	977	28816	tractor-dce-gyo	wag-cool-skeleton-loader.html
6.88	1	976	39791	abc-flix	TUBE/archive/preview (49).html
6.88	1	975	41905	tractor-field-notes	TRACTOR FOLKLOGICUS/tract-01.html
6.88	1	975	41905	looking-machine	TRACTOR FOLKLOGICUS/tract-01.html
6.88	1	971	48379	manila-memory-arcade	pin33-newish.html
6.88	1	971	36370	forkit	ch10.html
6.88	1	969	31532	world-heat	diff_ide.html
6.88	1	968	72983	imc	Windex.html
6.88	1	968	38522	atg-3	atg-3-full-index.html
6.88	1	967	48650	abc-flix	TAX-FUTURE/bone-00.html
6.87	1	965	38093	tractor-dce-gyo	TIMBER-tutorial-prime.html
6.87	1	965	36567	abc-flix	TAX-FUTURE/single-00.html
6.87	1	965	30979	meets	v3.html
6.87	1	961	50738	nothing-ritual	g25-nothing-ritual-08.html
6.87	1	960	29181	loving-grace	prd-02.html
6.87	1	960	27242	feedfall	crt-stack.html
6.87	1	959	39598	k2.html	gcr.html
6.87	1	958	28410	func-sub	index 14.html
6.86	1	957	38787	liquid-bridge	bridge.html
6.86	1	955	32086	sense-ritual	ritual.html
6.86	1	955	32086	mythos-canon	MYTHOS-ARCHIVE/FILM/ritual.html
6.86	1	954	62883	achilles-orchestra	PROCESS/colab-v3 (2).html
6.86	1	954	48427	k2.html	x2.html
6.86	1	953	47386	abc-flix	TUBE/parts/zoke.html
6.86	1	953	47044	silence-has-rules	sapir.html
6.86	1	953	35147	abc-flix	TUBE/archive/preview (48).html
6.86	1	953	32003	tractor-field-notes	ETHICS INFRASTRUCTURE/bindex.html
6.86	1	953	32003	looking-machine	ETHICS INFRASTRUCTURE/bindex.html
6.86	1	953	32003	ethics-infrastructure	bindex.html
6.86	1	953	27768	abc-flix	AETHEL/ambient.html
6.86	1	951	39154	core-age	brick_haven_tutorial.html
6.86	1	949	40110	ripples	5.html
6.86	1	948	30028	achilles-orchestra	PROCESS/prompt-differential-inception-lab.html
6.85	1	947	52680	platos-cave	act-02.html
6.85	1	945	34764	mp	00.html
6.85	1	943	28627	tractor-dce-gyo	bus-orchestrator.html
6.85	1	942	35774	culture-mind-body	aether-tuner.html
6.85	1	941	52490	abc-flix	TUBE/parts/stem.html
6.85	1	940	32300	the-fork	gt-fork.html
6.84	1	937	43295	manila-memory-arcade	pin15.html
6.84	1	936	59502	abc-flix	TUBE/parts/base.html
6.84	1	935	43338	resonome-genetic-archive	mdeck-08.html
6.84	1	934	38206	abc-flix	TAX-FUTURE/exper-00.html
6.84	1	933	33525	func-sub	node-dataset-viewer.html
6.84	1	932	27898	core-age	ontology-conveyor.html
6.83	1	927	33666	itinerant-prompt	index_backup.html
6.83	1	923	46317	tractor-dce-gyo	block-ancestor.html
6.83	1	922	47655	nothing-ritual	g25-nothing-ritual-04.html
6.83	1	922	32318	design-brief	poml-op.html
6.83	1	922	31224	atg-3	uto.html
6.83	1	920	37462	volholla	CONSTRUCTORS/CONWAY/conway-00.html
6.83	1	920	33883	mp	d.html
6.82	1	919	32461	tractor-dce-gyo	worlds-that-speak.html
6.82	1	919	28770	gob	prompt-workflow-mobile.html
6.82	1	919	28770	gaze	prompt-workflow-mobile.html
6.82	1	917	43457	func-sub	t-space-index.html
6.82	1	917	34208	ripples	1818-sonic-ecology.html
6.82	1	916	28456	atg-3	SHUFFLE/forager/index.html
6.82	1	915	34702	manila-memory-arcade	pin26.html
6.82	1	914	60567	ripples	claude.html
6.82	1	914	36542	achilles-orchestra	PROCESS/preview (9).html
6.82	1	914	36057	meets	v4.html
6.82	1	913	29573	1000-small-futures	CULTURAL SYSTEMS ENGINEER/pragmatic-rationality-os.html
6.82	1	913	22127	tractor-field-notes	CAN/hyperclay.html
6.82	1	913	22127	looking-machine	CAN/hyperclay.html
6.82	1	913	22127	hyperclay-editor	CAN/hyperclay.html
6.82	1	913	21091	myth-engine	tow/ptu-01.html
6.82	1	912	86152	sense-ritual	swiper-lolo.html
6.82	1	911	28567	wh-ripple	wh1.html
6.82	1	911	28567	wh-ripple	wh0.html
6.81	1	908	33438	core-age	onyx.html
6.81	1	908	27817	sympathetic-magic	view-022.html
6.81	1	906	30717	acm	acm-01.html
6.81	1	904	25495	tractor-field-notes	pca/style.css
6.81	1	904	25495	pca	style.css
6.81	1	904	25495	looking-machine	pca/style.css
6.81	1	904	25495	hyperclay-editor	pca/style.css
6.81	1	903	34958	dream-organ	do-05.html
6.81	1	902	25210	tractor-dce-gyo	sitemap-evolution.html
6.80	1	901	58444	abc-flix	TUBE/parts/anode.html
6.80	1	901	25996	tractor-dce-gyo	stud-bag.html
6.80	1	900	43454	tractor-dce-gyo	lgi-pro.html
6.80	1	899	32785	resonome-genetic-archive	galileo-pendulum.html
6.80	1	897	30546	sense-ritual	FOOD/swipe-food-swiss-cheese.html
6.80	1	897	29356	k2.html	latent-engine.html
6.80	1	896	34402	abc-flix	TUBE/parts/phosphor.html
6.80	1	896	25111	tractor-dce-gyo	sitemap-infrastructure.html
6.80	1	895	32284	loving-grace	dg-02.html
6.80	1	895	29640	sense-ritual	film-generator.js
6.79	1	892	45224	tractor-field-notes	FUSE/gs2-base.html
6.79	1	892	45224	potters-wheel	FUSE/gs2-base.html
6.79	1	892	45224	looking-machine	FUSE/gs2-base.html
6.79	1	892	45224	intron	gs2-base.html
6.79	1	892	45224	hyperclay-editor	FUSE/gs2-base.html
6.79	1	892	45224	genoma	FUSE/gs2-base.html
6.79	1	892	45224	codon	FUSE/gs2-base.html
6.79	1	891	29177	tractor-dce-gyo	sitemap-lego.html
6.79	1	890	43705	resonome-genetic-archive	deep-res-02.html
6.79	1	890	29465	tractor-field-notes	Hephaestus Narrative OS/vss-01.html
6.79	1	890	29465	tractor-field-notes	Hephaestus Narrative OS/pbc-01.html
6.79	1	890	29465	looking-machine	Hephaestus Narrative OS/vss-01.html
6.79	1	890	29465	looking-machine	Hephaestus Narrative OS/pbc-01.html
6.79	1	890	29465	hephaestus-narrative-os	vss-01.html
6.79	1	890	29465	hephaestus-narrative-os	pbc-01.html
6.79	1	889	41447	windows-and-mirrors	closure.html
6.79	1	889	36831	media-surfer	presentation.html
6.79	1	889	29714	tractor-dce-gyo	ldraw-visualizer.html
6.79	1	888	28196	core-age	inception-horseman.html
6.78	1	881	33390	forkit	f12.html
6.78	1	881	25355	feedfall	prod.html
6.78	1	881	20367	role-deck	tetrad-flow-game.html
6.78	1	880	38367	tractor-field-notes	2400_25/lmc_2400_course_operating_system_os_interactive_prototype.jsx
6.78	1	880	38367	tractor-field-notes	2400_25/bateson-03-good.html
6.78	1	880	38367	potters-wheel	2400_25/lmc_2400_course_operating_system_os_interactive_prototype.jsx
6.78	1	880	38367	potters-wheel	2400_25/bateson-03-good.html
6.78	1	880	38367	os-dope	lmc_2400_course_operating_system_os_interactive_prototype.jsx
6.78	1	880	38367	os-dope	bateson-03-good.html
6.78	1	880	38367	looking-machine	2400_25/lmc_2400_course_operating_system_os_interactive_prototype.jsx
6.78	1	880	38367	looking-machine	2400_25/bateson-03-good.html
6.78	1	880	38367	hyperclay-editor	2400_25/lmc_2400_course_operating_system_os_interactive_prototype.jsx
6.78	1	880	38367	hyperclay-editor	2400_25/bateson-03-good.html
6.78	1	880	34772	abc-flix	TUBE/archive/preview (37).html
6.78	1	880	34772	abc-flix	TUBE/archive/preview (36).html
6.78	1	879	43038	momsaic	chopper.html
6.78	1	878	25900	looking-machine	GAZE/08.html
6.78	1	876	44848	fish-town	f-town-00.html
6.78	1	876	35930	abc-flix	TUBE/parts/mica.html
6.78	1	876	32171	k2.html	evo3.html
6.78	1	875	40318	manila-memory-arcade	pin16.html
6.78	1	875	38135	text-ure	prompt-codex.html
6.77	1	872	34926	tractor-dce-gyo	brick-sovereign.html
6.77	1	872	29131	the-fork	fork-xor.html
6.77	1	871	36855	myth-engine	tow/fs40.html
6.77	1	871	19765	tractor-field-notes	CAN/hyperclay-quad.html
6.77	1	871	19765	looking-machine	CAN/hyperclay-quad.html
6.77	1	871	19765	hyperclay-editor	CAN/hyperclay-quad.html
6.77	1	870	36370	momsaic	gal.html
6.77	1	869	32712	text-ure	urn-52/10.html
6.77	1	869	27558	tractor-field-notes	ETHICS INFRASTRUCTURE/ethics_infra_hub (5).html
6.77	1	869	27558	looking-machine	ETHICS INFRASTRUCTURE/ethics_infra_hub (5).html
6.77	1	869	27558	ethics-infrastructure	ethics_infra_hub (5).html
6.77	1	867	43612	fish-town	OPERATIVE/index.html
6.77	1	867	32126	forkit	bon-01.html
6.77	1	866	46775	looking-machine	GAZE/creatureliness-singular-pages/pages/s09-a08-ag08-9-0.html
6.77	1	866	46713	looking-machine	GAZE/creatureliness-singular-pages/pages/s09-a09-ag09-9-0.html
6.77	1	866	46705	looking-machine	GAZE/creatureliness-singular-pages/pages/s09-a03-ag03-9-0.html
6.77	1	866	46630	looking-machine	GAZE/creatureliness-singular-pages/pages/s09-a10-ag10-9-0.html
6.77	1	866	46614	looking-machine	GAZE/creatureliness-singular-pages/pages/s09-a04-ag04-9-0.html
6.77	1	866	46614	looking-machine	GAZE/creatureliness-singular-pages/pages/s09-a01-ag01-9-0.html
6.77	1	866	46605	looking-machine	GAZE/creatureliness-singular-pages/pages/s09-a06-ag06-9-0.html
6.77	1	866	46559	looking-machine	GAZE/creatureliness-singular-pages/pages/s09-a05-ag05-9-0.html
6.77	1	866	46536	looking-machine	GAZE/creatureliness-singular-pages/pages/s06-a09-ag09-6-0.html
6.77	1	866	46512	looking-machine	GAZE/creatureliness-singular-pages/pages/s09-a02-ag02-9-0.html
6.77	1	866	46499	looking-machine	GAZE/creatureliness-singular-pages/pages/s06-a08-ag08-6-0.html
6.77	1	866	46496	looking-machine	GAZE/creatureliness-singular-pages/pages/s09-a07-ag07-9-0.html
6.77	1	866	46459	looking-machine	GAZE/creatureliness-singular-pages/pages/s06-a03-ag03-6-0.html
6.77	1	866	46407	looking-machine	GAZE/creatureliness-singular-pages/pages/s06-a07-ag07-6-0.html
6.77	1	866	46399	looking-machine	GAZE/creatureliness-singular-pages/pages/s06-a02-ag02-6-0.html
6.77	1	866	46360	looking-machine	GAZE/creatureliness-singular-pages/pages/s06-a01-ag01-6-0.html
6.77	1	866	46343	looking-machine	GAZE/creatureliness-singular-pages/pages/s06-a06-ag06-6-0.html
6.77	1	866	46337	looking-machine	GAZE/creatureliness-singular-pages/pages/s06-a05-ag05-6-0.html
6.77	1	866	46337	looking-machine	GAZE/creatureliness-singular-pages/pages/s06-a04-ag04-6-0.html
6.77	1	866	46302	looking-machine	GAZE/creatureliness-singular-pages/pages/s10-a08-ag08-10-0.html
6.77	1	866	46297	looking-machine	GAZE/creatureliness-singular-pages/pages/s10-a03-ag03-10-0.html
6.77	1	866	46296	looking-machine	GAZE/creatureliness-singular-pages/pages/s02-a06-ag06-2-0.html
6.77	1	866	46288	looking-machine	GAZE/creatureliness-singular-pages/pages/s10-a06-ag06-10-0.html
6.77	1	866	46286	looking-machine	GAZE/creatureliness-singular-pages/pages/s02-a09-ag09-2-0.html
6.77	1	866	46285	looking-machine	GAZE/creatureliness-singular-pages/pages/s02-a08-ag08-2-0.html
6.77	1	866	46283	looking-machine	GAZE/creatureliness-singular-pages/pages/s06-a10-ag10-6-0.html
6.77	1	866	46276	looking-machine	GAZE/creatureliness-singular-pages/pages/s10-a09-ag09-10-0.html
6.77	1	866	46263	looking-machine	GAZE/creatureliness-singular-pages/pages/s02-a05-ag05-2-0.html
6.77	1	866	46248	looking-machine	GAZE/creatureliness-singular-pages/pages/s10-a04-ag04-10-0.html
6.77	1	866	46233	looking-machine	GAZE/creatureliness-singular-pages/pages/s02-a04-ag04-2-0.html
6.77	1	866	46214	looking-machine	GAZE/creatureliness-singular-pages/pages/s10-a05-ag05-10-0.html
6.77	1	866	46202	looking-machine	GAZE/creatureliness-singular-pages/pages/s10-a01-ag01-10-0.html
6.77	1	866	46192	looking-machine	GAZE/creatureliness-singular-pages/pages/s10-a10-ag10-10-0.html
6.77	1	866	46188	looking-machine	GAZE/creatureliness-singular-pages/pages/s02-a07-ag07-2-0.html
6.77	1	866	46185	looking-machine	GAZE/creatureliness-singular-pages/pages/s10-a07-ag07-10-0.html
6.77	1	866	46167	looking-machine	GAZE/creatureliness-singular-pages/pages/s02-a10-ag10-2-0.html
6.77	1	866	46166	looking-machine	GAZE/creatureliness-singular-pages/pages/s02-a01-ag01-2-0.html
6.77	1	866	46157	looking-machine	GAZE/creatureliness-singular-pages/pages/s10-a02-ag02-10-0.html
6.77	1	866	46149	looking-machine	GAZE/creatureliness-singular-pages/pages/s02-a03-ag03-2-0.html
6.77	1	866	46138	looking-machine	GAZE/creatureliness-singular-pages/pages/s05-a08-ag08-5-0.html
6.77	1	866	46117	looking-machine	GAZE/creatureliness-singular-pages/pages/s03-a06-ag06-3-0.html
6.77	1	866	46095	looking-machine	GAZE/creatureliness-singular-pages/pages/s03-a09-ag09-3-0.html
6.77	1	866	46093	looking-machine	GAZE/creatureliness-singular-pages/pages/s02-a02-ag02-2-0.html
6.77	1	866	46079	looking-machine	GAZE/creatureliness-singular-pages/pages/s03-a03-ag03-3-0.html
6.77	1	866	46049	looking-machine	GAZE/creatureliness-singular-pages/pages/s03-a08-ag08-3-0.html
6.77	1	866	46035	looking-machine	GAZE/creatureliness-singular-pages/pages/s07-a08-ag08-7-0.html
6.77	1	866	46029	looking-machine	GAZE/creatureliness-singular-pages/pages/s05-a05-ag05-5-0.html
6.77	1	866	46017	looking-machine	GAZE/creatureliness-singular-pages/pages/s03-a04-ag04-3-0.html
6.77	1	866	46011	looking-machine	GAZE/creatureliness-singular-pages/pages/s03-a05-ag05-3-0.html
6.77	1	866	46001	looking-machine	GAZE/creatureliness-singular-pages/pages/s05-a09-ag09-5-0.html
6.77	1	866	45991	looking-machine	GAZE/creatureliness-singular-pages/pages/s05-a06-ag06-5-0.html
6.77	1	866	45984	looking-machine	GAZE/creatureliness-singular-pages/pages/s07-a09-ag09-7-0.html
6.77	1	866	45968	looking-machine	GAZE/creatureliness-singular-pages/pages/s05-a03-ag03-5-0.html
6.77	1	866	45967	looking-machine	GAZE/creatureliness-singular-pages/pages/s07-a04-ag04-7-0.html
6.77	1	866	45961	looking-machine	GAZE/creatureliness-singular-pages/pages/s03-a10-ag10-3-0.html
6.77	1	866	45940	looking-machine	GAZE/creatureliness-singular-pages/pages/s07-a02-ag02-7-0.html
6.77	1	866	45939	looking-machine	GAZE/creatureliness-singular-pages/pages/s03-a02-ag02-3-0.html
6.77	1	866	45937	looking-machine	GAZE/creatureliness-singular-pages/pages/s07-a06-ag06-7-0.html
6.77	1	866	45922	looking-machine	GAZE/creatureliness-singular-pages/pages/s05-a10-ag10-5-0.html
6.77	1	866	45921	looking-machine	GAZE/creatureliness-singular-pages/pages/s03-a07-ag07-3-0.html
6.77	1	866	45920	looking-machine	GAZE/creatureliness-singular-pages/pages/s07-a07-ag07-7-0.html
6.77	1	866	45907	looking-machine	GAZE/creatureliness-singular-pages/pages/s07-a03-ag03-7-0.html
6.77	1	866	45907	looking-machine	GAZE/creatureliness-singular-pages/pages/s05-a02-ag02-5-0.html
6.77	1	866	45889	looking-machine	GAZE/creatureliness-singular-pages/pages/s01-a08-ag08-1-0.html
6.77	1	866	45888	looking-machine	GAZE/creatureliness-singular-pages/pages/s05-a07-ag07-5-0.html
6.77	1	866	45884	looking-machine	GAZE/creatureliness-singular-pages/pages/s07-a10-ag10-7-0.html
6.77	1	866	45875	looking-machine	GAZE/creatureliness-singular-pages/pages/s05-a01-ag01-5-0.html
6.77	1	866	45860	looking-machine	GAZE/creatureliness-singular-pages/pages/s05-a04-ag04-5-0.html
6.77	1	866	45856	looking-machine	GAZE/creatureliness-singular-pages/pages/s07-a01-ag01-7-0.html
6.77	1	866	45855	looking-machine	GAZE/creatureliness-singular-pages/pages/s03-a01-ag01-3-0.html
6.77	1	866	45847	looking-machine	GAZE/creatureliness-singular-pages/pages/s07-a05-ag05-7-0.html
6.77	1	866	45810	looking-machine	GAZE/creatureliness-singular-pages/pages/s01-a10-ag10-1-0.html
6.77	1	866	45809	looking-machine	GAZE/creatureliness-singular-pages/pages/s01-a03-ag03-1-0.html
6.77	1	866	45783	looking-machine	GAZE/creatureliness-singular-pages/pages/s01-a05-ag05-1-0.html
6.77	1	866	45764	looking-machine	GAZE/creatureliness-singular-pages/pages/s01-a07-ag07-1-0.html
6.77	1	866	45761	looking-machine	GAZE/creatureliness-singular-pages/pages/s01-a02-ag02-1-0.html
6.77	1	866	45758	looking-machine	GAZE/creatureliness-singular-pages/pages/s01-a04-ag04-1-0.html
6.77	1	866	45747	looking-machine	GAZE/creatureliness-singular-pages/pages/s01-a01-ag01-1-0.html
6.77	1	866	45737	looking-machine	GAZE/creatureliness-singular-pages/pages/s01-a06-ag06-1-0.html
6.77	1	866	45712	looking-machine	GAZE/creatureliness-singular-pages/pages/s01-a09-ag09-1-0.html
6.77	1	866	44597	looking-machine	GAZE/creatureliness-singular-pages/pages/s08-a08-ag08-8-0.html
6.77	1	866	44547	looking-machine	GAZE/creatureliness-singular-pages/pages/s08-a03-ag03-8-0.html
6.77	1	866	44540	looking-machine	GAZE/creatureliness-singular-pages/pages/s08-a06-ag06-8-0.html
6.77	1	866	44507	looking-machine	GAZE/creatureliness-singular-pages/pages/s08-a09-ag09-8-0.html
6.77	1	866	44480	looking-machine	GAZE/creatureliness-singular-pages/pages/s08-a05-ag05-8-0.html
6.77	1	866	44462	looking-machine	GAZE/creatureliness-singular-pages/pages/s08-a10-ag10-8-0.html
6.77	1	866	44403	looking-machine	GAZE/creatureliness-singular-pages/pages/s08-a07-ag07-8-0.html
6.77	1	866	44382	looking-machine	GAZE/creatureliness-singular-pages/pages/s08-a04-ag04-8-0.html
6.77	1	866	44355	looking-machine	GAZE/creatureliness-singular-pages/pages/s08-a01-ag01-8-0.html
6.77	1	866	44345	looking-machine	GAZE/creatureliness-singular-pages/pages/s08-a02-ag02-8-0.html
6.77	1	866	43712	looking-machine	GAZE/creatureliness-singular-pages/pages/s04-a08-ag08-4-0.html
6.77	1	866	43570	looking-machine	GAZE/creatureliness-singular-pages/pages/s04-a09-ag09-4-0.html
6.77	1	866	43567	looking-machine	GAZE/creatureliness-singular-pages/pages/s04-a03-ag03-4-0.html
6.77	1	866	43558	looking-machine	GAZE/creatureliness-singular-pages/pages/s04-a10-ag10-4-0.html
6.77	1	866	43548	looking-machine	GAZE/creatureliness-singular-pages/pages/s04-a06-ag06-4-0.html
6.77	1	866	43547	looking-machine	GAZE/creatureliness-singular-pages/pages/s04-a02-ag02-4-0.html
6.77	1	866	43537	looking-machine	GAZE/creatureliness-singular-pages/pages/s04-a05-ag05-4-0.html
6.77	1	866	43515	looking-machine	GAZE/creatureliness-singular-pages/pages/s04-a07-ag07-4-0.html
6.77	1	866	43476	looking-machine	GAZE/creatureliness-singular-pages/pages/s04-a01-ag01-4-0.html
6.77	1	866	43421	looking-machine	GAZE/creatureliness-singular-pages/pages/s04-a04-ag04-4-0.html
6.77	1	866	29345	func-sub	integrated-node-viewer.html
6.76	1	865	39054	tractor-field-notes	FUSE/ibex.html
6.76	1	865	39054	potters-wheel	FUSE/ibex.html
6.76	1	865	39054	looking-machine	FUSE/ibex.html
6.76	1	865	39054	intron	ibex.html
6.76	1	865	39054	hyperclay-editor	FUSE/ibex.html
6.76	1	865	39054	genoma	FUSE/ibex.html
6.76	1	865	39054	codon	FUSE/ibex.html
6.76	1	865	35007	core-age	lim.html
6.76	1	864	39434	the-project	shield-vignette-assembly.html
6.76	1	864	34888	atg-3	cse-02.html
6.76	1	861	33545	tractor-dce-gyo	Brickfilm_Studio_Kit/REALITY MEDIA_MOMENTO/video_capture_app.js
6.76	1	861	33513	alien-child	fly-eye-11.html
6.76	1	861	28891	k2.html	scala-live.html
6.76	1	861	27801	sense-ritual	m-crusher-04.html
6.76	1	860	19773	tractor-field-notes	CAN/hyperclay-edit.html
6.76	1	860	19773	looking-machine	CAN/hyperclay-edit.html
6.76	1	860	19773	hyperclay-editor	CAN/hyperclay-edit.html
6.76	1	859	43837	ripples	engine/Kimi_Agent_RIPPLES_ Worldtext Theory Summary (1) copy/ripples-canonical/app.js
6.76	1	859	34264	fuzzy-linkography	deep-geo.html
6.76	1	859	32110	forkit	archive/a0.html
6.75	1	857	29427	core-age	skeleton-control-room.html
6.75	1	856	21127	tractor-field-notes	CAN/hyperclay-deck.html
6.75	1	856	21127	looking-machine	CAN/hyperclay-deck.html
6.75	1	856	21127	hyperclay-editor	CAN/hyperclay-deck.html
6.75	1	854	33097	alien-child	fly-eye-05.html
6.75	1	854	30596	the-fork	RAILWAY GAME/railway-junction-real.html
6.75	1	854	28719	tractor-dce-gyo	studio-tutorial-02.html
6.75	1	853	35483	babeldu	libabel-os-01.html
6.75	1	853	29980	tractor-dce-gyo	brick-arch.html
6.75	1	853	28493	wa	dat-viewer.html
6.75	1	852	42917	liberty-machines	pp-00.html
6.75	1	852	33756	nothing-ritual	k02-nothing-ritual-08.html
6.75	1	852	31320	metisim	INVASION/zylos-00.html
6.75	1	851	38582	ripples	1414-alive.html
6.75	1	851	32208	angel-meets-algo	i8.html
6.75	1	850	41473	tractor-field-notes	bluefoot/ai_studio_code - 2025-09-26T094726.487.html
6.75	1	850	41473	looking-machine	bluefoot/ai_studio_code - 2025-09-26T094726.487.html
6.75	1	850	41473	hyperclay-editor	bluefoot/ai_studio_code - 2025-09-26T094726.487.html
6.75	1	850	41473	bluefoot	ai_studio_code - 2025-09-26T094726.487.html
6.75	1	850	28972	ripples	8.html
6.75	1	850	22956	feedfall	inicio.html
6.75	1	849	63614	platos-laundry	gain.html
6.75	1	849	25638	core-age	lego-meta-builder.html
6.74	1	848	29162	mythos-canon	MYTHOS-ARCHIVE/multi_view.html
6.74	1	847	46406	loving-grace	a1.html
6.74	1	847	31062	abc-flix	TUBE/circle.html
6.74	1	847	30138	jdb-ripple-remix	prompt-beta-causal.html
6.74	1	847	24190	wave	wave-category.html
6.74	1	846	63507	platos-laundry	tide.html
6.74	1	846	41583	abc-flix	TUBE/parts/uv.html
6.74	1	845	44918	tractor-field-notes	bluefoot/index.html
6.74	1	845	44918	looking-machine	bluefoot/index.html
6.74	1	845	44918	hyperclay-editor	bluefoot/index.html
6.74	1	845	44918	bluefoot	index.html
6.74	1	844	33715	tractor-dce-gyo	void-management-hub.html
6.74	1	844	32482	abc-flix	TUBE/icaro_patch_policy_operator.html
6.74	1	844	32482	abc-flix	TUBE/archive/icaro_patch_policy_operator (2).html
6.74	1	844	32482	abc-flix	TUBE/archive/icaro_patch_policy_operator (1).html
6.74	1	843	49253	haunted-tools	haunted-tools-base.html
6.74	1	843	26186	hamlets-napkin	index.html
6.74	1	842	38809	the-project	shield-lynch-recursive.html
6.74	1	842	31644	forkit	olog-index.html
6.73	1	840	40022	momsaic	riri.html
6.73	1	840	39806	synarchiv	cultural-train.html
6.73	1	839	42524	unthinkable-media	hyperclay_fusion_wheel_3_d_mvp_single_file-coulda-been.html
6.73	1	839	42524	tractor-field-notes	POTTERS_WHEEL/hyperclay_fusion_wheel_3_d_mvp_single_file-coulda-been.html
6.73	1	839	42524	potters-wheel	POTTERS_WHEEL/hyperclay_fusion_wheel_3_d_mvp_single_file-coulda-been.html
6.73	1	839	42524	looking-machine	POTTERS_WHEEL/hyperclay_fusion_wheel_3_d_mvp_single_file-coulda-been.html
6.73	1	839	42524	hyperclay-editor	POTTERS_WHEEL/hyperclay_fusion_wheel_3_d_mvp_single_file-coulda-been.html
6.73	1	839	32049	the-republic	papers-old.html
6.73	1	839	27317	atg-3	corpus-engine.html
6.73	1	838	31957	tractor-field-notes	FUSE/gm5.html
6.73	1	838	31957	potters-wheel	FUSE/gm5.html
6.73	1	838	31957	looking-machine	FUSE/gm5.html
6.73	1	838	31957	intron	gm5.html
6.73	1	838	31957	hyperclay-editor	FUSE/gm5.html
6.73	1	838	31957	genoma	FUSE/gm5.html
6.73	1	838	31957	codon	FUSE/gm5.html
6.73	1	838	20282	arkadu	navigator.html
6.73	1	837	46248	abc-flix	SWARMS/rl-hierarchical.html
6.73	1	837	33938	tractor-dce-gyo	brick-super.html
6.73	1	836	39822	nothing-ritual	g25-nothing-ritual-05.html
6.73	1	836	35546	liberty-machines	map-00.html
6.73	1	836	23394	1000-small-futures	session-viewer-filmic.html
6.73	1	835	31847	nothing-ritual	REPORT-NOTHING-RITUAL/NOTHING-RITUAL-07/app.js
6.73	1	835	31011	abc-flix	TUBE/arc_splice_operator_3dth.html
6.73	1	833	33657	arkadu	genoma-editor.html
6.73	1	833	32134	the-fork	fork-x7.html
6.73	1	832	33777	soul-mansion	index.html
6.73	1	832	26385	tractor-dce-gyo	wag-stud-skeleton-test-harness.html
6.73	1	832	23144	looking-machine	GAZE/creatureliness-gallery.html
6.72	1	831	27705	atg-3	cse-04.html
6.72	1	831	27087	pretext-cave	demos/bat.ts
6.72	1	831	18928	tractor-field-notes	CAN/hyperclay-cinema.html
6.72	1	831	18928	looking-machine	CAN/hyperclay-cinema.html
6.72	1	831	18928	hyperclay-editor	CAN/hyperclay-cinema.html
6.72	1	829	25121	core-age	lego-v2-executable.html
6.72	1	827	23477	wave	inceptor.html
6.72	1	826	38949	metisim	INVASION/luxara.html
6.72	1	826	29725	1000-small-futures	thousand-lives-sim.html
6.72	1	825	28101	achilles-orchestra	PROCESS/preview (8).html
6.72	1	824	39051	RIP	rs1.html
6.72	1	824	33395	tractor-dce-gyo	brick-inc.html
6.71	1	823	39684	nothing-ritual	REPORT-NOTHING-RITUAL/NOTHING-RITUAL-03/app.js
6.71	1	823	29426	the-fork	RAILWAY GAME/media-negotiation-demo.html
6.71	1	822	41405	nothing-ritual	g25-nothing-ritual-07.html
6.71	1	822	32507	tractor-dce-gyo	sitemap-analyzer.html
6.71	1	821	36102	witt	lab.html
6.71	1	821	35031	leasing-vibes	prompt-viewer.html
6.71	1	820	26402	abc-flix	TUBE/parts/xl.html
6.71	1	819	53089	tractor-dce-gyo	block-ut.html
6.71	1	819	39868	rosetta-protocol	index.html
6.71	1	818	45948	tractor-field-notes	2400_25/f25-01.html
6.71	1	818	45948	potters-wheel	2400_25/f25-01.html
6.71	1	818	45948	os-dope	f25-01.html
6.71	1	818	45948	looking-machine	2400_25/f25-01.html
6.71	1	818	45948	hyperclay-editor	2400_25/f25-01.html
6.71	1	818	44112	wave	magos.html
6.71	1	818	30806	tractor-field-notes	FUSE/gs1.html
6.71	1	818	30806	potters-wheel	FUSE/gs1.html
6.71	1	818	30806	looking-machine	FUSE/gs1.html
6.71	1	818	30806	intron	gs1.html
6.71	1	818	30806	hyperclay-editor	FUSE/gs1.html
6.71	1	818	30806	genoma	FUSE/gs1.html
6.71	1	818	30806	codon	FUSE/gs1.html
6.71	1	816	58008	shoot-is-program	ai_studio_code - 2025-09-18T125634.521.html
6.71	1	816	25697	wh-ripple	live-demos-old-backup.html
6.70	1	813	26404	volholla	mountain-range-01.html
6.70	1	812	49589	wave	crate-red.html
6.70	1	812	31784	myth-as-os	prop-00.html
6.70	1	812	29009	million	00.html
6.70	1	812	26918	tractor-dce-gyo	mento-372.html
6.70	1	811	24622	mythos-canon	mythos_terminal.html
6.70	1	810	31837	achilles-orchestra	an02.html
6.70	1	808	42188	tractor-field-notes	FUSE/gg2.html
6.70	1	808	42188	potters-wheel	FUSE/gg2.html
6.70	1	808	42188	looking-machine	FUSE/gg2.html
6.70	1	808	42188	intron	gg2.html
6.70	1	808	42188	hyperclay-editor	FUSE/gg2.html
6.70	1	808	42188	genoma	FUSE/gg2.html
6.70	1	808	42188	codon	FUSE/gg2.html
6.69	1	807	77643	ripples	engine/Kimi_Agent_RIPPLES_ Worldtext Theory Summary (1) copy/app/src/data/latentLibrary.ts
6.69	1	807	77643	ripples	app 2/src/data/latentLibrary.ts
6.69	1	807	77643	ripples	Kimi_Agent_RIPPLES_ Worldtext Theory Summary/app/src/data/latentLibrary.ts
6.69	1	807	77643	ripples	IMAGES/Kimi_Agent_RIPPLES_ Worldtext Theory Summary (1)/app/src/data/latentLibrary.ts
6.69	1	807	30466	alien-child	fly-eye-01.html
6.69	1	807	29180	million	01.html
6.69	1	807	26146	myth-engine	tow/Kimi_Agent_Five Hub Tug-of-War Headlines/myth-engine-dino.html
6.69	1	806	37605	func-sub	t0.html
6.69	1	805	24911	tractor-dce-gyo	ldraw-color-geometry-guide.html
6.69	1	805	23780	sense-ritual	swiper-demo-basic.html
6.69	1	805	20991	arkadu	ARKADU-ECOLOGY.html
6.69	1	804	36285	momsaic	namz.html
6.69	1	804	30001	forkit	fork-dna-looper-v2.html
6.69	1	803	29928	wave	zy.html
6.69	1	803	28348	core-age	l-system-ontology-weaver.html
6.69	1	802	28116	momsaic	heli.html
6.69	1	801	32366	tractor-dce-gyo	build-bus.html
6.69	1	801	26970	feedfall	feed-to-water.html
6.69	1	801	24624	jdb-ripple-remix	screening.html
6.69	1	800	24269	tractor-dce-gyo	wag-fork-mpd-editor.html
6.68	1	799	30186	ripples	engine/Kimi_Agent_RIPPLES_ Worldtext Theory Summary (1) copy/ripples/index.html
6.68	1	799	28410	tractor-dce-gyo	studio-tutorial.html
6.68	1	798	33759	ripples	1414.html
6.68	1	797	149726	text-ure	urn-52/3.html
6.68	1	797	29305	tractor-dce-gyo	MENTO-tutorial-prime.html
6.68	1	795	28690	core-age	onyx-presentation.html
6.68	1	793	26488	with-in	index.html
6.68	1	793	21048	mythos-canon	generate_essays.py
6.68	1	792	39713	wave	crate-blue.html
6.68	1	792	34011	nothing-ritual	g25-nothing-ritual-06.html
6.68	1	792	27133	tractor-dce-gyo	mobile-blue-loom.html
6.68	1	792	24124	jdb-ripple-remix	screen-min.html
6.67	1	791	32745	abc-flix	TUBE/archive/preview (44).html
6.67	1	791	29673	nothing-ritual	c04-nothing-ritual-04.html
6.67	1	791	27611	atg-3	void-management-slides.html
6.67	1	790	33720	core-age	mfs.html
6.67	1	790	30667	sense-ritual	infinite.html
6.67	1	790	30667	mythos-canon	MYTHOS-ARCHIVE/FILM/infinite.html
6.67	1	788	42449	orange-assemblies	index.html
6.67	1	788	31375	nothing-ritual	c04-nothing-ritual-02.html
6.67	1	787	37598	nothing-ritual	g25-nothing-ritual-02.html
6.67	1	787	35563	resonome-genetic-archive	mdeck-03.html
6.67	1	786	29092	alien-child	fly-eye-04.html
6.67	1	786	26474	role-deck	role-deck-genome.html
6.67	1	785	46523	wave	crate-purple.html
6.67	1	785	32277	witt	wittgenstein-portfolio.html
6.67	1	785	31299	ripples	2.html
6.67	1	785	26050	golden-river	scripts/aggregate-scorecards.js
6.67	1	784	21696	func-sub	tra-mobile-nodes.html
6.66	2	27	1699	moto	VOLHOLLA/geometric-ghosts-of-mitte.html
6.66	2	27	1657	moto	VOLHOLLA/stochastic-elephant.html
6.66	2	27	1609	moto	VOLHOLLA/clinical-heat.html
6.66	2	27	1566	moto	VOLHOLLA/breath-thiefs-loom.html
6.66	2	27	1483	moto	VOLHOLLA/volholla.html
6.66	2	27	1355	moto	VOLHOLLA/moto.html
6.66	1	783	52164	vibe-crates	vc.html
6.66	1	783	36589	island-ecology	ecology-engine.js
6.66	1	783	31136	tractor-field-notes	FUSE/owe2.html
6.66	1	783	31136	tractor-field-notes	FUSE/ecd-u5.html
6.66	1	783	31136	potters-wheel	FUSE/owe2.html
6.66	1	783	31136	potters-wheel	FUSE/ecd-u5.html
6.66	1	783	31136	looking-machine	FUSE/owe2.html
6.66	1	783	31136	looking-machine	FUSE/ecd-u5.html
6.66	1	783	31136	intron	owe2.html
6.66	1	783	31136	intron	ecd-u5.html
6.66	1	783	31136	hyperclay-editor	FUSE/owe2.html
6.66	1	783	31136	hyperclay-editor	FUSE/ecd-u5.html
6.66	1	783	31136	genoma	FUSE/owe2.html
6.66	1	783	31136	genoma	FUSE/ecd-u5.html
6.66	1	783	31136	codon	FUSE/owe2.html
6.66	1	783	31136	codon	FUSE/ecd-u5.html
6.66	1	782	128331	media-surfer	speculative ledger/2400 Future Final 68d8210df4ea405996f6926356343c83.html
6.66	1	782	69850	sense-ritual	attention-infrastructure.html
6.66	1	782	29152	alien-child	fly-eye-00.html
6.66	1	782	25822	tractor-dce-gyo	mpd-line-ves.html
6.66	1	781	25536	sense-ritual	FOOD/swipe-food-cheese.html
6.66	1	780	47191	shoot-is-program	ai_studio_code - 2025-09-18T130206.784.html
6.66	1	780	34929	myth-as-os	saul_bass_visual_poetry_engine_egypt_edition_single_file.html
6.66	1	780	27843	the-fork	fork-x5.html
6.66	1	779	30096	atg-3	atg-3-topo.html
6.66	1	779	19597	arkadu	TRUE-ARKADU.html
6.66	1	778	32703	arkadu	genoma-scope.html
6.66	1	777	23170	the-fork	RAILWAY GAME/railyard-integration-patch.html
6.65	1	775	28997	alien-child	fly-eye-03.html
6.65	1	775	28244	resonome-genetic-archive	mbekitu-11-base.html
6.65	1	775	24186	looking-machine	GAZE/05.html
6.65	1	774	28119	synarchiv	star.html
6.65	1	774	27611	the-fork	fork-x3.html
6.65	1	773	32837	metisim	INVASION/celestra.html
6.65	1	773	26320	func-sub	t7-sonic.html
6.65	1	772	46968	vol-air	vols-02.html
6.65	1	772	46968	tractor-field-notes	VOLHOLLA_AIR/vols-02.html
6.65	1	772	46968	looking-machine	VOLHOLLA_AIR/vols-02.html
6.65	1	772	46968	hyperclay-editor	VOLHOLLA_AIR/vols-02.html
6.65	1	772	36912	tractor-field-notes	FUSE/gs2-plus.html
6.65	1	772	36912	potters-wheel	FUSE/gs2-plus.html
6.65	1	772	36912	looking-machine	FUSE/gs2-plus.html
6.65	1	772	36912	intron	gs2-plus.html
6.65	1	772	36912	hyperclay-editor	FUSE/gs2-plus.html
6.65	1	772	36912	genoma	FUSE/gs2-plus.html
6.65	1	772	36912	codon	FUSE/gs2-plus.html
6.65	1	772	34678	role-deck	episode-02-complete.html
6.65	1	772	31739	k2.html	xr-os-01.html
6.65	1	772	28917	nothing-ritual	c04-nothing-ritual-06.html
6.65	1	772	28294	alien-child	index.html
6.65	1	772	26498	angel-meets-algo	i3.html
6.65	1	771	26131	k2.html	vfl-mo.html
6.65	1	770	32607	role-deck	episode-01-complete.html
6.65	1	769	28816	os-dope-faa	prompt-anatomy-presenter.html
6.65	1	769	25188	jdb-ripple-remix	evo.html
6.65	1	768	39582	acm	dew-01.html
6.65	1	768	37317	achilles-orchestra	PROCESS/ai_studio_code - 2026-03-12T004257.159.html
6.65	1	768	28158	ripples	booklet.html
6.64	1	767	28117	tractor-dce-gyo	adapt-plus-index.html
6.64	1	766	31815	achilles-orchestra	new-rip.html
6.64	1	766	27378	nothing-ritual	k02-nothing-ritual-01.html
6.64	1	765	43283	tractor-field-notes	2400_25/f25-00.html
6.64	1	765	43283	potters-wheel	2400_25/f25-00.html
6.64	1	765	43283	os-dope	f25-00.html
6.64	1	765	43283	looking-machine	2400_25/f25-00.html
6.64	1	765	43283	hyperclay-editor	2400_25/f25-00.html
6.64	1	765	20370	ripples	engine/Kimi_Agent_RIPPLES_ Worldtext Theory Summary (1) copy/ripples-canonical/index.html
6.64	1	764	34894	tractor-field-notes	FUSE/fu9.html
6.64	1	764	34894	potters-wheel	FUSE/fu9.html
6.64	1	764	34894	looking-machine	FUSE/fu9.html
6.64	1	764	34894	intron	fu9.html
6.64	1	764	34894	hyperclay-editor	FUSE/fu9.html
6.64	1	764	34894	genoma	FUSE/fu9.html
6.64	1	764	34894	codon	FUSE/fu9.html
6.64	1	764	32167	the-republic	papers.html
6.64	1	764	27433	achilles-orchestra	MESH-GNN/ouro-harness.html
6.64	1	763	46817	vibe-crates	ab.html
6.64	1	761	23675	pretext-cave	demos/bat-echo.ts
6.63	1	760	34992	tractor-dce-gyo	wag-infinity.html
6.63	1	760	29553	pretext-cave	demos/wordar.ts
6.63	1	760	24611	core-age	mpd-line-grid-viewer.html
6.63	1	759	36690	tractor-dce-gyo	slideshow.html
6.63	1	759	17622	sense-ritual	candy-crush-matrix.html
6.63	1	758	39160	tractor-field-notes	FUSE/gs2-core.html
6.63	1	758	39160	potters-wheel	FUSE/gs2-core.html
6.63	1	758	39160	looking-machine	FUSE/gs2-core.html
6.63	1	758	39160	intron	gs2-core.html
6.63	1	758	39160	hyperclay-editor	FUSE/gs2-core.html
6.63	1	758	39160	genoma	FUSE/gs2-core.html
6.63	1	758	39160	codon	FUSE/gs2-core.html
6.63	1	758	37936	unthinkable-media	gear_editing_canvas (1).html
6.63	1	758	37936	tractor-field-notes	POTTERS_WHEEL/gear_editing_canvas (1).html
6.63	1	758	37936	potters-wheel	POTTERS_WHEEL/gear_editing_canvas (1).html
6.63	1	758	37936	looking-machine	POTTERS_WHEEL/gear_editing_canvas (1).html
6.63	1	758	37936	hyperclay-editor	POTTERS_WHEEL/gear_editing_canvas (1).html
6.63	1	757	36481	sense-ritual	swiper-no.html
6.63	1	757	24571	ripples	engine/renderers/grid-renderer.js
6.63	1	756	28455	synarchiv	train-physics.html
6.63	1	756	23405	sense-ritual	narrative-meshwork-organic.html
6.63	1	755	31481	k2.html	xr-os-06.html
6.63	1	755	22955	design-brief	world-op.html
6.63	1	755	22519	tractor-dce-gyo	block-reactor-skeleton.html
6.63	1	754	37058	venn-32	volumetric_cube_stacks_overlap_nexus_gully_edition.html
6.63	1	754	37058	abundant-nes	volumetric_cube_stacks_overlap_nexus_gully_edition.html
6.63	1	754	24856	feedfall	vss.html
6.63	1	753	34722	atg-3	base-00.html
6.62	1	752	33085	momsaic	namv.html
6.62	1	752	27114	wave	zz.html
6.62	1	751	56863	abc-flix	TUBE/parts/cathode.html
6.62	1	751	56863	abc-flix	TUBE/parts/bulb.html
6.62	1	751	35156	nothing-ritual	g25-nothing-ritual-01.html
6.62	1	751	29972	hyperclay-editor	root2.html
6.62	1	751	21314	wave	inceptor-v53.html
6.62	1	750	36175	the-project	shield-forge.html
6.62	1	750	27558	crest	crest/scroll.html
6.62	1	750	27346	tractor-dce-gyo	onyx-studio-tutorial.html
6.62	1	749	39411	myth-engine	tow/rtow-00.html
6.62	1	749	28436	core-age	TIMBER-tutorial.html
6.62	1	749	23549	forkit	archive/co.html
6.62	1	748	50283	abc-flix	TAX-FUTURE/take.html
6.62	1	748	49202	sense-ritual	swiper-lo.html
6.62	1	748	25163	ripples	3.html
6.62	1	747	31682	k2.html	xr-os-05.html
6.62	1	747	31035	gaze	data-dermis-intro.html
6.62	1	747	29355	alien-child	fly-eye-08.html
6.62	1	746	25940	nexadoc-jar	nd-06.html
6.62	1	746	24155	tractor-dce-gyo	wag-inspector.html
6.61	1	745	26736	ripples	engine/Kimi_Agent_RIPPLES_ Worldtext Theory Summary (1) copy/ripples-suite/1776.html
6.61	1	745	22817	achilles-orchestra	PROCESS/preview (7).html
6.61	1	744	30547	tractor-dce-gyo	brick-grid-family-old.html
6.61	1	744	28515	metisim	INVASION/SEASON2/asgard.html
6.61	1	744	26086	core-age	wag-yark.html
6.61	1	744	24675	k2.html	a-shield.html
6.61	1	744	21348	ripples	audio/orca/desktop/sources/scripts/core/library.js
6.61	1	743	35310	momsaic	river.html
6.61	1	743	29634	nothing-ritual	REPORT-NOTHING-RITUAL/NOTHING-RITUAL-01/app.js
6.61	1	743	29534	culture-mind-body	coincidence-00.html
6.61	1	743	27662	volholla	CONSTRUCTORS/ENACTOR/enactor-00.html
6.61	1	743	25565	the-fork	RAILWAY GAME/precursor-integration.html
6.61	1	743	19232	1000-small-futures	ring-memory-viewer.html
6.61	1	740	40997	platos-cave	is-ai-a-medium.html
6.61	1	740	38767	tractor-field-notes	bluefoot/ai_studio_code - 2025-09-26T094607.661.html
6.61	1	740	38767	looking-machine	bluefoot/ai_studio_code - 2025-09-26T094607.661.html
6.61	1	740	38767	hyperclay-editor	bluefoot/ai_studio_code - 2025-09-26T094607.661.html
6.61	1	740	38767	bluefoot	ai_studio_code - 2025-09-26T094607.661.html
6.61	1	740	34065	dirty-disclosure	provenance-00.html
6.61	1	740	30301	the-project	shield-territories.html
6.61	1	739	28122	culture-mind-body	coincidence-engine.html
6.61	1	739	27125	func-sub	t6-sonic.html
6.61	1	739	21038	wave	inceptor-mobius.html
6.61	1	738	43014	momsaic	piedra.html
6.61	1	738	31161	k2.html	tz-270.html
6.61	1	738	30996	tractor-field-notes	FUSE/gm3.html
6.61	1	738	30996	potters-wheel	FUSE/gm3.html
6.61	1	738	30996	looking-machine	FUSE/gm3.html
6.61	1	738	30996	intron	gm3.html
6.61	1	738	30996	hyperclay-editor	FUSE/gm3.html
6.61	1	738	30996	genoma	FUSE/gm3.html
6.61	1	738	30996	codon	FUSE/gm3.html
6.61	1	738	26751	resonome-genetic-archive	mbekitu-11.html
6.60	1	737	24880	tractor-dce-gyo	mobile-assembler.html
6.60	1	737	24160	sense-ritual	FOOD/swipe-food-apple-butter.html
6.60	1	736	30894	role-deck	episode-03-complete.html
6.60	1	736	28999	tractor-dce-gyo	brick-apex.html
6.60	1	735	30404	acm	dew-00.html
6.60	1	735	29306	func-sub	t5-sonic.html
6.60	1	735	29103	manila-memory-arcade	pin05-GOOD.html
6.60	1	734	25018	nexadoc-jar	nd-05.html
6.60	1	733	35345	myth-as-os	world_of_wrestling_deck_v_2_single_file (1).html
6.60	1	733	34936	abc-flix	RIPPLES/xy-00.html
6.60	1	733	27646	nothing-ritual	c04-nothing-ritual-05.html
6.60	1	733	25662	k2.html	hec-01.html
6.60	1	732	28872	nothing-ritual	k02-nothing-ritual-03.html
6.60	1	732	28600	forkit	fork-dna-looper.html
6.60	1	732	25504	forkit	d2.html
6.60	1	731	32569	think-outside-the-box	index.html
6.60	1	731	22716	looking-machine	GAZE/03.html
6.59	1	730	44799	tractor-field-notes	bluefoot/ai_studio_code - 2025-09-26T095445.597.html
6.59	1	730	44799	looking-machine	bluefoot/ai_studio_code - 2025-09-26T095445.597.html
6.59	1	730	44799	hyperclay-editor	bluefoot/ai_studio_code - 2025-09-26T095445.597.html
6.59	1	730	44799	bluefoot	ai_studio_code - 2025-09-26T095445.597.html
6.59	1	729	29109	tractor-dce-gyo	wag-viewer-prime-integration-20251112-055341 copy/wag-viewer-prime.html
6.59	1	729	29109	tractor-dce-gyo	wag-viewer-prime-integration-20251112-055341 copy/wag-gold-scenes.html
6.59	1	728	29544	resonome-genetic-archive	morph-deck.html
6.59	1	727	30107	alien-child	fly-eye-07.html
6.59	1	727	27946	synarchiv	train-brain7-enhanced.html
6.59	1	727	25974	tractor-dce-gyo	words-become-worlds.html
6.59	1	726	28032	resonome-genetic-archive	hook-explorer.html
6.59	1	726	24758	ripples	1.html
6.59	1	726	21638	ripples	engine/Kimi_Agent_RIPPLES_ Worldtext Theory Summary (1) copy/app/src/components/ui/sidebar.tsx
6.59	1	726	21638	ripples	app/src/components/ui/sidebar.tsx
6.59	1	726	21638	ripples	app 2/src/components/ui/sidebar.tsx
6.59	1	726	21638	ripples	Kimi_Agent_RIPPLES_ Worldtext Theory Summary/app/src/components/ui/sidebar.tsx
6.59	1	726	21638	ripples	IMAGES/Kimi_Agent_RIPPLES_ Worldtext Theory Summary (1)/app/src/components/ui/sidebar.tsx
6.59	1	726	20037	loving-grace	bp-01.html
6.59	1	725	37360	tractor-field-notes	FUSE/gs-dev.html
6.59	1	725	37360	potters-wheel	FUSE/gs-dev.html
6.59	1	725	37360	looking-machine	FUSE/gs-dev.html
6.59	1	725	37360	intron	gs-dev.html
6.59	1	725	37360	hyperclay-editor	FUSE/gs-dev.html
6.59	1	725	37360	genoma	FUSE/gs-dev.html
6.59	1	725	37360	codon	FUSE/gs-dev.html
6.59	1	725	29990	abc-flix	GEMINI/af-00.html
6.59	1	725	26549	core-age	multi-move.html
6.59	1	724	33165	achilles-orchestra	PROCESS/ai_studio_code - 2026-03-12T001602.663.html
6.58	1	723	35965	achilles-orchestra	carriage.html
6.58	1	722	28818	k2.html	xr-os-02.html
6.58	1	721	26732	synarchiv	train-progressive-track.html
6.58	1	721	24344	ripples	engine/Kimi_Agent_RIPPLES_ Worldtext Theory Summary (1) copy/ripples/engine/core.js
6.58	1	720	28972	tractor-field-notes	FUSE/g6.html
6.58	1	720	28972	potters-wheel	FUSE/g6.html
6.58	1	720	28972	looking-machine	FUSE/g6.html
6.58	1	720	28972	intron	g6.html
6.58	1	720	28972	hyperclay-editor	FUSE/g6.html
6.58	1	720	28972	genoma	FUSE/g6.html
6.58	1	720	28972	codon	FUSE/g6.html
6.58	1	720	22143	eos	CODEX/codex_scroll.html
6.58	1	719	27084	hyperclay-editor	son-mod-02.html
6.58	1	719	25334	tractor-dce-gyo	STUD-SKELETON-tutorial-visual.html
6.58	1	719	24904	ripples	engine/Kimi_Agent_RIPPLES_ Worldtext Theory Summary (1) copy/ripples-meta/app.js
6.58	1	719	23192	mythos-canon	generate_bespoke_pages.py
6.58	1	718	42181	can-think	index.html
6.58	1	718	30059	tractor-field-notes	TRACTOR FOLKLOGICUS/tract-07b.html
6.58	1	718	30059	looking-machine	TRACTOR FOLKLOGICUS/tract-07b.html
6.58	1	718	28731	wa	wag-viewer-prime.html
6.58	1	718	23892	abc-flix	RIPPLES/xx-00.html
6.58	1	717	26360	nexadoc-jar	nd-10.html
6.58	1	716	31037	core-age	gar-02.html
6.57	1	715	29082	core-age	wall-top-atg.html
6.57	1	715	29082	atg-3	atg-unified-terrain.html
6.57	1	715	27216	metisim	INVASION/zylos-invasion-02.html
6.57	1	714	38303	achilles-orchestra	PROCESS/cultural-memory-express (1).html
6.57	1	714	34661	atg-3	atg-master-terrain.html
6.57	1	714	31912	achilles-orchestra	PROCESS/ai_studio_code - 2026-03-11T235403.339.html
6.57	1	714	30836	can-think	008.html
6.57	1	714	23139	the-fork	TRAINING GROUND/training-exercises.html
6.57	1	713	38403	achilles-orchestra	PROCESS/cultural-memory-express.html
6.57	1	713	34609	tractor-field-notes	2400_25/tdl-02.html
6.57	1	713	34609	potters-wheel	2400_25/tdl-02.html
6.57	1	713	34609	os-dope	tdl-02.html
6.57	1	713	34609	looking-machine	2400_25/tdl-02.html
6.57	1	713	34609	hyperclay-editor	2400_25/tdl-02.html
6.57	1	713	27101	alien-child	fly-eye-09.html
6.57	1	713	24919	manila-memory-arcade	butterfly.html
6.57	1	712	42432	tractor-field-notes	2400_25/mission-00.html
6.57	1	712	42432	potters-wheel	2400_25/mission-00.html
6.57	1	712	42432	os-dope	mission-00.html
6.57	1	712	42432	looking-machine	2400_25/mission-00.html
6.57	1	712	42432	hyperclay-editor	2400_25/mission-00.html
6.57	1	712	29150	codex-reader	reader-codex-09.html
6.57	1	712	28538	resonome-genetic-archive	glyph-merge.html
6.57	1	711	28254	abc-flix	SWARMS/swarm-oo.html
6.57	1	710	39123	wh-ripple	git_hub_repo_index_bauhaus_table_hartswf_0 (2).html
6.57	1	710	37001	unthinkable-media	hyperclay_fusion_wheel_option_2_all_out_poc (3).html
6.57	1	710	37001	unthinkable-media	hyperclay_fusion_wheel_option_2_all_out_poc (2).html
6.57	1	710	37001	tractor-field-notes	POTTERS_WHEEL/hyperclay_fusion_wheel_option_2_all_out_poc (3).html
6.57	1	710	37001	tractor-field-notes	POTTERS_WHEEL/hyperclay_fusion_wheel_option_2_all_out_poc (2).html
6.57	1	710	37001	potters-wheel	POTTERS_WHEEL/hyperclay_fusion_wheel_option_2_all_out_poc (3).html
6.57	1	710	37001	potters-wheel	POTTERS_WHEEL/hyperclay_fusion_wheel_option_2_all_out_poc (2).html
6.57	1	710	37001	looking-machine	POTTERS_WHEEL/hyperclay_fusion_wheel_option_2_all_out_poc (3).html
6.57	1	710	37001	looking-machine	POTTERS_WHEEL/hyperclay_fusion_wheel_option_2_all_out_poc (2).html
6.57	1	710	37001	hyperclay-editor	POTTERS_WHEEL/hyperclay_fusion_wheel_option_2_all_out_poc (3).html
6.57	1	710	37001	hyperclay-editor	POTTERS_WHEEL/hyperclay_fusion_wheel_option_2_all_out_poc (2).html
6.57	1	710	35696	shoot-is-program	ai_studio_code - 2025-09-18T130833.175.html
6.57	1	710	21232	tractor-field-notes	DYAD/bracket.html
6.57	1	710	21232	looking-machine	DYAD/bracket.html
6.57	1	710	21232	dyad	bracket.html
6.56	1	708	30105	tractor-field-notes	FUSE/f1.html
6.56	1	708	30105	potters-wheel	FUSE/f1.html
6.56	1	708	30105	looking-machine	FUSE/f1.html
6.56	1	708	30105	intron	f1.html
6.56	1	708	30105	hyperclay-editor	FUSE/f1.html
6.56	1	708	30105	genoma	FUSE/f1.html
6.56	1	708	30105	codon	FUSE/f1.html
6.56	1	708	26501	witt	flux-port.html
6.56	1	707	37839	island-ecology	BEES ON A TRAIN/sim-engine.js
6.56	1	707	32812	momsaic	namg.html
6.56	1	707	26453	mp	c.html
6.56	1	707	23296	ripples	1717-cellular.html
6.56	1	705	28621	momsaic	namx.html
6.56	1	705	20931	tractor-dce-gyo	sitemap-manifold-02.html
6.56	1	704	30822	wave	wave-stack.html
6.56	1	704	29401	role-deck	episode-04-complete.html
6.56	1	704	25978	alien-child	fly-eye-02.html
6.56	1	704	25446	mp	01.html
6.56	1	703	30079	k2.html	xr-os.html
6.56	1	703	23750	core-age	stud-skeleton-binding-demo.html
6.56	1	702	19078	gob	asclepius-prompt-operator.html
6.56	1	702	19078	gaze	asclepius-prompt-operator.html
6.56	1	702	19052	gob	worldtext-prompt-operator.html
6.56	1	702	19052	gaze	worldtext-prompt-operator.html
6.55	1	701	28915	mother-of-invention	metaphysics-of-crackle.html
6.55	1	700	31615	tractor-field-notes	FUSE/gm8.html
6.55	1	700	31615	potters-wheel	FUSE/gm8.html
6.55	1	700	31615	looking-machine	FUSE/gm8.html
6.55	1	700	31615	intron	gm8.html
6.55	1	700	31615	hyperclay-editor	FUSE/gm8.html
6.55	1	700	31615	genoma	FUSE/gm8.html
6.55	1	700	31615	codon	FUSE/gm8.html
6.55	1	700	26814	mp	02.html
6.55	1	700	22425	nexadoc-jar	nis.html
6.55	1	699	32856	who-owns-the-feed	index.html
6.55	1	699	27971	witt	f-good.html
6.55	1	699	26885	momsaic	mirage.html
6.55	1	699	25287	feedfall	ivst.html
6.55	1	698	34567	feedfall	jj.html
6.55	1	698	30027	the-project	achilles-lynch.html
6.55	1	698	29811	tractor-field-notes	FUSE/g11.html
6.55	1	698	29811	potters-wheel	FUSE/g11.html
6.55	1	698	29811	looking-machine	FUSE/g11.html
6.55	1	698	29811	intron	g11.html
6.55	1	698	29811	hyperclay-editor	FUSE/g11.html
6.55	1	698	29811	genoma	FUSE/g11.html
6.55	1	698	29811	codon	FUSE/g11.html
6.55	1	698	26897	metisim	INVASION/kainet.html
6.55	1	698	25748	manila-memory-arcade	pin32-good.html
6.55	1	698	25071	role-deck	PORTAL.html
6.55	1	698	23273	os-dope-faa	olfl-receipt.html
6.55	1	698	18262	the-fork	index.html
6.55	1	697	33797	unthinkable-media	hyperclay_fusion_wheel_3_d_mvp_single_file_GREAT.html
6.55	1	697	33797	unthinkable-media	hyperclay_fusion_wheel_3_d_mvp_single_file-1-BET.html
6.55	1	697	33797	tractor-field-notes	POTTERS_WHEEL/hyperclay_fusion_wheel_3_d_mvp_single_file_GREAT.html
6.55	1	697	33797	tractor-field-notes	POTTERS_WHEEL/hyperclay_fusion_wheel_3_d_mvp_single_file-1-BET.html
6.55	1	697	33797	potters-wheel	POTTERS_WHEEL/hyperclay_fusion_wheel_3_d_mvp_single_file_GREAT.html
6.55	1	697	33797	potters-wheel	POTTERS_WHEEL/hyperclay_fusion_wheel_3_d_mvp_single_file-1-BET.html
6.55	1	697	33797	looking-machine	POTTERS_WHEEL/hyperclay_fusion_wheel_3_d_mvp_single_file_GREAT.html
6.55	1	697	33797	looking-machine	POTTERS_WHEEL/hyperclay_fusion_wheel_3_d_mvp_single_file-1-BET.html
6.55	1	697	33797	hyperclay-editor	POTTERS_WHEEL/hyperclay_fusion_wheel_3_d_mvp_single_file_GREAT.html
6.55	1	697	33797	hyperclay-editor	POTTERS_WHEEL/hyperclay_fusion_wheel_3_d_mvp_single_file-1-BET.html
6.55	1	697	25381	nexadoc-jar	nd-15-hybrid.html
6.55	1	697	25086	liquid-bridge	neuro-optic.html
6.55	1	697	25078	nothing-ritual	k02-nothing-ritual-02.html
6.55	1	697	20975	fourth-shield	forge/page-9.html
6.55	1	696	36849	wave	crate-yellow.html
6.55	1	696	27627	tractor-field-notes	FUSE/fu2.html
6.55	1	696	27627	potters-wheel	FUSE/fu2.html
6.55	1	696	27627	looking-machine	FUSE/fu2.html
6.55	1	696	27627	intron	fu2.html
6.55	1	696	27627	hyperclay-editor	FUSE/fu2.html
6.55	1	696	27627	genoma	FUSE/fu2.html
6.55	1	696	27627	codon	FUSE/fu2.html
6.55	1	695	32238	looking-machine	GAZE/creatureliness-manual-flow/pages/s09-a05-ag05-9-0.html
6.55	1	695	32235	looking-machine	GAZE/creatureliness-manual-flow/pages/s09-a08-ag08-9-0.html
6.55	1	695	32231	looking-machine	GAZE/creatureliness-manual-flow/pages/s09-a04-ag04-9-0.html
6.55	1	695	32229	looking-machine	GAZE/creatureliness-manual-flow/pages/s09-a02-ag02-9-0.html
6.55	1	695	32219	looking-machine	GAZE/creatureliness-manual-flow/pages/s09-a10-ag10-9-0.html
6.55	1	695	32219	looking-machine	GAZE/creatureliness-manual-flow/pages/s09-a03-ag03-9-0.html
6.55	1	695	32210	looking-machine	GAZE/creatureliness-manual-flow/pages/s09-a09-ag09-9-0.html
6.55	1	695	32210	looking-machine	GAZE/creatureliness-manual-flow/pages/s09-a06-ag06-9-0.html
6.55	1	695	32198	looking-machine	GAZE/creatureliness-manual-flow/pages/s09-a07-ag07-9-0.html
6.55	1	695	32197	looking-machine	GAZE/creatureliness-manual-flow/pages/s09-a01-ag01-9-0.html
6.55	1	695	32161	looking-machine	GAZE/creatureliness-manual-flow/pages/s06-a05-ag05-6-0.html
6.55	1	695	32158	looking-machine	GAZE/creatureliness-manual-flow/pages/s06-a08-ag08-6-0.html
6.55	1	695	32154	looking-machine	GAZE/creatureliness-manual-flow/pages/s06-a04-ag04-6-0.html
6.55	1	695	32152	looking-machine	GAZE/creatureliness-manual-flow/pages/s06-a02-ag02-6-0.html
6.55	1	695	32142	looking-machine	GAZE/creatureliness-manual-flow/pages/s06-a10-ag10-6-0.html
6.55	1	695	32142	looking-machine	GAZE/creatureliness-manual-flow/pages/s06-a03-ag03-6-0.html
6.55	1	695	32133	looking-machine	GAZE/creatureliness-manual-flow/pages/s06-a09-ag09-6-0.html
6.55	1	695	32133	looking-machine	GAZE/creatureliness-manual-flow/pages/s06-a06-ag06-6-0.html
6.55	1	695	32121	looking-machine	GAZE/creatureliness-manual-flow/pages/s06-a07-ag07-6-0.html
6.55	1	695	32120	looking-machine	GAZE/creatureliness-manual-flow/pages/s06-a01-ag01-6-0.html
6.55	1	695	32028	looking-machine	GAZE/creatureliness-manual-flow/pages/s02-a05-ag05-2-0.html
6.55	1	695	32025	looking-machine	GAZE/creatureliness-manual-flow/pages/s10-a05-ag05-10-0.html
6.55	1	695	32025	looking-machine	GAZE/creatureliness-manual-flow/pages/s02-a08-ag08-2-0.html
6.55	1	695	32022	looking-machine	GAZE/creatureliness-manual-flow/pages/s10-a08-ag08-10-0.html
6.55	1	695	32021	looking-machine	GAZE/creatureliness-manual-flow/pages/s02-a04-ag04-2-0.html
6.55	1	695	32019	looking-machine	GAZE/creatureliness-manual-flow/pages/s02-a02-ag02-2-0.html
6.55	1	695	32018	looking-machine	GAZE/creatureliness-manual-flow/pages/s10-a04-ag04-10-0.html
6.55	1	695	32016	looking-machine	GAZE/creatureliness-manual-flow/pages/s10-a02-ag02-10-0.html
6.55	1	695	32009	looking-machine	GAZE/creatureliness-manual-flow/pages/s02-a10-ag10-2-0.html
6.55	1	695	32009	looking-machine	GAZE/creatureliness-manual-flow/pages/s02-a03-ag03-2-0.html
6.55	1	695	32006	looking-machine	GAZE/creatureliness-manual-flow/pages/s10-a10-ag10-10-0.html
6.55	1	695	32006	looking-machine	GAZE/creatureliness-manual-flow/pages/s10-a03-ag03-10-0.html
6.55	1	695	32000	looking-machine	GAZE/creatureliness-manual-flow/pages/s02-a09-ag09-2-0.html
6.55	1	695	32000	looking-machine	GAZE/creatureliness-manual-flow/pages/s02-a06-ag06-2-0.html
6.55	1	695	31997	looking-machine	GAZE/creatureliness-manual-flow/pages/s10-a09-ag09-10-0.html
6.55	1	695	31997	looking-machine	GAZE/creatureliness-manual-flow/pages/s10-a06-ag06-10-0.html
6.55	1	695	31988	looking-machine	GAZE/creatureliness-manual-flow/pages/s02-a07-ag07-2-0.html
6.55	1	695	31987	looking-machine	GAZE/creatureliness-manual-flow/pages/s02-a01-ag01-2-0.html
6.55	1	695	31985	looking-machine	GAZE/creatureliness-manual-flow/pages/s10-a07-ag07-10-0.html
6.55	1	695	31984	looking-machine	GAZE/creatureliness-manual-flow/pages/s10-a01-ag01-10-0.html
6.55	1	695	31897	looking-machine	GAZE/creatureliness-manual-flow/pages/s05-a05-ag05-5-0.html
6.55	1	695	31894	looking-machine	GAZE/creatureliness-manual-flow/pages/s05-a08-ag08-5-0.html
6.55	1	695	31890	looking-machine	GAZE/creatureliness-manual-flow/pages/s05-a04-ag04-5-0.html
6.55	1	695	31888	looking-machine	GAZE/creatureliness-manual-flow/pages/s05-a02-ag02-5-0.html
6.55	1	695	31884	looking-machine	GAZE/creatureliness-manual-flow/pages/s01-a05-ag05-1-0.html
6.55	1	695	31881	looking-machine	GAZE/creatureliness-manual-flow/pages/s03-a05-ag05-3-0.html
6.55	1	695	31881	looking-machine	GAZE/creatureliness-manual-flow/pages/s01-a08-ag08-1-0.html
6.55	1	695	31878	looking-machine	GAZE/creatureliness-manual-flow/pages/s05-a10-ag10-5-0.html
6.55	1	695	31878	looking-machine	GAZE/creatureliness-manual-flow/pages/s05-a03-ag03-5-0.html
6.55	1	695	31878	looking-machine	GAZE/creatureliness-manual-flow/pages/s03-a08-ag08-3-0.html
6.55	1	695	31877	looking-machine	GAZE/creatureliness-manual-flow/pages/s01-a04-ag04-1-0.html
6.55	1	695	31875	looking-machine	GAZE/creatureliness-manual-flow/pages/s01-a02-ag02-1-0.html
6.55	1	695	31874	looking-machine	GAZE/creatureliness-manual-flow/pages/s03-a04-ag04-3-0.html
6.55	1	695	31872	looking-machine	GAZE/creatureliness-manual-flow/pages/s03-a02-ag02-3-0.html
6.55	1	695	31869	looking-machine	GAZE/creatureliness-manual-flow/pages/s05-a09-ag09-5-0.html
6.55	1	695	31869	looking-machine	GAZE/creatureliness-manual-flow/pages/s05-a06-ag06-5-0.html
6.55	1	695	31865	looking-machine	GAZE/creatureliness-manual-flow/pages/s01-a10-ag10-1-0.html
6.55	1	695	31865	looking-machine	GAZE/creatureliness-manual-flow/pages/s01-a03-ag03-1-0.html
6.55	1	695	31862	looking-machine	GAZE/creatureliness-manual-flow/pages/s03-a10-ag10-3-0.html
6.55	1	695	31862	looking-machine	GAZE/creatureliness-manual-flow/pages/s03-a03-ag03-3-0.html
6.55	1	695	31857	looking-machine	GAZE/creatureliness-manual-flow/pages/s05-a07-ag07-5-0.html
6.55	1	695	31856	looking-machine	GAZE/creatureliness-manual-flow/pages/s05-a01-ag01-5-0.html
6.55	1	695	31856	looking-machine	GAZE/creatureliness-manual-flow/pages/s01-a09-ag09-1-0.html
6.55	1	695	31856	looking-machine	GAZE/creatureliness-manual-flow/pages/s01-a06-ag06-1-0.html
6.55	1	695	31853	looking-machine	GAZE/creatureliness-manual-flow/pages/s03-a09-ag09-3-0.html
6.55	1	695	31853	looking-machine	GAZE/creatureliness-manual-flow/pages/s03-a06-ag06-3-0.html
6.55	1	695	31844	looking-machine	GAZE/creatureliness-manual-flow/pages/s01-a07-ag07-1-0.html
6.55	1	695	31843	looking-machine	GAZE/creatureliness-manual-flow/pages/s01-a01-ag01-1-0.html
6.55	1	695	31841	looking-machine	GAZE/creatureliness-manual-flow/pages/s03-a07-ag07-3-0.html
6.55	1	695	31840	looking-machine	GAZE/creatureliness-manual-flow/pages/s03-a01-ag01-3-0.html
6.55	1	695	31802	looking-machine	GAZE/creatureliness-manual-flow/pages/s07-a05-ag05-7-0.html
6.55	1	695	31799	looking-machine	GAZE/creatureliness-manual-flow/pages/s07-a08-ag08-7-0.html
6.55	1	695	31795	looking-machine	GAZE/creatureliness-manual-flow/pages/s07-a04-ag04-7-0.html
6.55	1	695	31793	looking-machine	GAZE/creatureliness-manual-flow/pages/s07-a02-ag02-7-0.html
6.55	1	695	31783	looking-machine	GAZE/creatureliness-manual-flow/pages/s07-a10-ag10-7-0.html
6.55	1	695	31783	looking-machine	GAZE/creatureliness-manual-flow/pages/s07-a03-ag03-7-0.html
6.55	1	695	31774	looking-machine	GAZE/creatureliness-manual-flow/pages/s07-a09-ag09-7-0.html
6.55	1	695	31774	looking-machine	GAZE/creatureliness-manual-flow/pages/s07-a06-ag06-7-0.html
6.55	1	695	31762	looking-machine	GAZE/creatureliness-manual-flow/pages/s07-a07-ag07-7-0.html
6.55	1	695	31761	looking-machine	GAZE/creatureliness-manual-flow/pages/s07-a01-ag01-7-0.html
6.55	1	695	30909	looking-machine	GAZE/creatureliness-manual-flow/pages/s08-a05-ag05-8-0.html
6.55	1	695	30906	looking-machine	GAZE/creatureliness-manual-flow/pages/s08-a08-ag08-8-0.html
6.55	1	695	30902	looking-machine	GAZE/creatureliness-manual-flow/pages/s08-a04-ag04-8-0.html
6.55	1	695	30900	looking-machine	GAZE/creatureliness-manual-flow/pages/s08-a02-ag02-8-0.html
6.55	1	695	30890	looking-machine	GAZE/creatureliness-manual-flow/pages/s08-a10-ag10-8-0.html
6.55	1	695	30890	looking-machine	GAZE/creatureliness-manual-flow/pages/s08-a03-ag03-8-0.html
6.55	1	695	30881	looking-machine	GAZE/creatureliness-manual-flow/pages/s08-a09-ag09-8-0.html
6.55	1	695	30881	looking-machine	GAZE/creatureliness-manual-flow/pages/s08-a06-ag06-8-0.html
6.55	1	695	30869	looking-machine	GAZE/creatureliness-manual-flow/pages/s08-a07-ag07-8-0.html
6.55	1	695	30868	looking-machine	GAZE/creatureliness-manual-flow/pages/s08-a01-ag01-8-0.html
6.55	1	695	30366	looking-machine	GAZE/creatureliness-manual-flow/pages/s04-a05-ag05-4-0.html
6.55	1	695	30363	looking-machine	GAZE/creatureliness-manual-flow/pages/s04-a08-ag08-4-0.html
6.55	1	695	30359	looking-machine	GAZE/creatureliness-manual-flow/pages/s04-a04-ag04-4-0.html
6.55	1	695	30357	looking-machine	GAZE/creatureliness-manual-flow/pages/s04-a02-ag02-4-0.html
6.55	1	695	30347	looking-machine	GAZE/creatureliness-manual-flow/pages/s04-a10-ag10-4-0.html
6.55	1	695	30347	looking-machine	GAZE/creatureliness-manual-flow/pages/s04-a03-ag03-4-0.html
6.55	1	695	30338	looking-machine	GAZE/creatureliness-manual-flow/pages/s04-a09-ag09-4-0.html
6.55	1	695	30338	looking-machine	GAZE/creatureliness-manual-flow/pages/s04-a06-ag06-4-0.html
6.55	1	695	30326	looking-machine	GAZE/creatureliness-manual-flow/pages/s04-a07-ag07-4-0.html
6.55	1	695	30325	looking-machine	GAZE/creatureliness-manual-flow/pages/s04-a01-ag01-4-0.html
6.55	1	695	28542	liquid-bridge	lindex.html
6.55	1	695	25530	core-age	architecture-decision-matrix.html
6.54	1	694	39112	acm	explain-yourself.html
6.54	1	694	34772	resonome-genetic-archive	mwut-02.html
6.54	1	694	30343	mythos-canon	bespoke_pages/index.html
6.54	1	694	27991	tractor-dce-gyo	onyx-nail.html
6.54	1	694	23720	arkadu	lidar-scan.html
6.54	1	694	22504	the-fork	fork-x1.html
6.54	1	693	41425	shoot-is-program	ai_studio_code - 2025-09-18T131555.655.html
6.54	1	693	41425	shoot-is-program	ai_studio_code - 2025-09-18T131542.231.html
6.54	1	693	28767	tractor-dce-gyo	brick-utility.html
6.54	1	693	22697	the-project	gallery-scientific.html
6.54	1	693	21675	acm	anti-crisis-protocol.html
6.54	1	693	18925	loving-grace	prd-01.html
6.54	1	692	32207	angel-meets-algo	c1.html
6.54	1	692	30336	core-age	gar-03.html
6.54	1	692	26166	ripples	1515-grid.html
6.54	1	692	24787	manila-memory-arcade	pin28-special.html
6.54	1	690	17147	1000-small-futures	thousands-tutorial.html
6.54	1	690	15367	ripples	engine/Kimi_Agent_RIPPLES_ Worldtext Theory Summary (1) copy/ripples-meta/index.html
6.54	1	689	28944	abc-flix	SWARMS/newo.html
6.54	1	689	21563	tractor-field-notes	DYAD/index.html
6.54	1	689	21563	looking-machine	DYAD/index.html
6.54	1	689	21563	dyad	index.html
6.54	1	689	20308	abc-flix	AETHEL/orchestrator.js
6.54	1	688	26809	the-republic	screenplay.html
6.54	1	688	25371	tractor-dce-gyo	STUD-SKELETON-tutorial-prime.html
6.54	1	688	25135	atg-3	toolkit-reflection.html
6.54	1	688	23813	manila-memory-arcade	pin02.html
6.54	1	688	23375	metisim	index-launcher.html
6.53	1	686	45425	abundant-nes	ai_studio_code - 2025-09-29T055158.580.html
6.53	1	686	41466	wave	crate-lavender.html
6.53	1	686	29345	momsaic	omni.html
6.53	1	686	27300	hyperclay-editor	root-clay.html
6.53	1	686	22089	core-age	wag-frank-tetrad-term.html
6.53	1	686	21440	tractor-dce-gyo	sitemap-live.html
6.53	1	685	32152	achilles-orchestra	PROCESS/ai_studio_code - 2026-03-12T000613.903.html
6.53	1	685	27972	looking-machine	GAZE/tools/build-creatureliness-finals.js
6.53	1	684	39037	abundant-nes	ai_studio_code - 2025-09-29T063158.556.html
6.53	1	684	26468	tractor-field-notes	FUSE/gm1.html
6.53	1	684	26468	potters-wheel	FUSE/gm1.html
6.53	1	684	26468	looking-machine	FUSE/gm1.html
6.53	1	684	26468	intron	gm1.html
6.53	1	684	26468	hyperclay-editor	FUSE/gm1.html
6.53	1	684	26468	genoma	FUSE/gm1.html
6.53	1	684	26468	codon	FUSE/gm1.html
6.53	1	683	38452	opek	OPERATIVES/deep-pres.html
6.53	1	683	25468	sterner	soundscapes-interface.zip/app.js
6.53	1	683	25468	sterner	app_1.js
6.53	1	683	25468	sterner	app.js
6.53	1	683	24906	abc-flix	TUBE/archive/sensorama_projector_responsive_single_file (1).html
6.53	1	683	23108	tractor-dce-gyo	tutorial-homer.html
6.53	1	683	23108	tractor-dce-gyo	homer-tutorial-base.html
6.53	1	682	23564	tractor-field-notes	TRACTOR FOLKLOGICUS/tract-09.html
6.53	1	682	23564	looking-machine	TRACTOR FOLKLOGICUS/tract-09.html
6.53	1	681	36849	k2.html	ibm2.html
6.53	1	681	35837	world-heat	poml-ide.html
6.53	1	681	23519	looking-machine	GAZE/02.html
6.52	1	680	40015	abc-flix	TUBE/tactile_arc_tunnel_section_surgery.html
6.52	1	680	32981	achilles-orchestra	PROCESS/ai_studio_code - 2026-03-12T005203.152.html
6.52	1	680	27278	atg-3	atg-olog-topo.html
6.52	1	680	26603	forkit	ch9.html
6.52	1	680	23424	core-age	legos-worldbuilding-tutorial.html
6.52	1	679	33172	achilles-orchestra	PROCESS/ai_studio_code - 2026-03-12T005652.970.html
6.52	1	678	36853	fish-town	fish-op.html
6.52	1	676	42040	vibe-crates	c4.html
6.52	1	676	24402	wa	index-prime.html
6.52	1	676	21840	ripples	engine/Kimi_Agent_RIPPLES_ Worldtext Theory Summary (1) copy/ripples/visualizers/base.js
6.52	1	676	17960	wh-ripple	ripple-viewer-clean.html
6.52	1	675	40310	momsaic	f.html
6.52	1	675	23531	tractor-field-notes	FUSE/fu1.html
6.52	1	675	23531	potters-wheel	FUSE/fu1.html
6.52	1	675	23531	looking-machine	FUSE/fu1.html
6.52	1	675	23531	intron	fu1.html
6.52	1	675	23531	hyperclay-editor	FUSE/fu1.html
6.52	1	675	23531	genoma	FUSE/fu1.html
6.52	1	675	23531	codon	FUSE/fu1.html
6.52	1	675	21290	wave	wvs.html
6.51	1	674	43925	shoot-is-program	ai_studio_code - 2025-09-18T132737.678.html
6.51	1	674	21799	gob	FARM-TO-SCREEN/parsed_master_analyst/build_section_papers.py
6.51	1	674	21799	gaze	FARM-TO-SCREEN/parsed_master_analyst/build_section_papers.py
6.51	1	674	21448	core-age	wag-frank-tetrad-olog.html
6.51	1	673	42070	k2.html	crate-4.html
6.51	1	673	38890	trails-and-crates	a2.html
6.51	1	673	31997	the-project	shield-mapper.html
6.51	1	673	24646	tractor-dce-gyo	wag-symbiote.html
6.51	1	672	41503	k2.html	crate-3.html
6.51	1	672	32118	momsaic	namk.html
6.51	1	672	32118	momsaic	namh.html
6.51	1	672	29290	sense-ritual	candy-matrix-02.html
6.51	1	672	25277	ripples	4.html
6.51	1	672	24969	core-age	line-22-autopsy.html
6.51	1	672	19049	mythos-canon	MYTHOS-ARCHIVE/ontology_viewer.html
6.51	1	671	27150	dream-organ	do-000.html
6.51	1	671	11802	mythos-canon	MYTHOS-ARCHIVE/mythos-viewer/style.css
6.51	1	670	34592	achilles-orchestra	laundry.html
6.51	1	670	31041	the-project	shield-ultimate.html
6.51	1	670	18472	arkadu	chamber-organic.html
6.51	1	669	38417	encoded-power	codex-of-the-cracks.html
6.51	1	669	27155	the-project	shield-phase2.html
6.51	1	669	26124	abc-flix	TUBE/parts/neck.html
6.51	1	669	21978	sense-ritual	FOOD/swipe-food-butter.html
6.51	1	668	49077	ripples	engine/Kimi_Agent_RIPPLES_ Worldtext Theory Summary (1) copy/ripples/app.js
6.51	1	668	20691	tractor-dce-gyo	sitemap-manifold-05.html
6.51	1	668	20674	tractor-dce-gyo	cool-timber-studio.html
6.50	1	667	46480	abc-flix	TUBE/b.html
6.50	1	667	46480	abc-flix	TUBE/a.html
6.50	1	667	24870	core-age	taxonomy-neuro.html
6.50	1	666	26763	resonome-genetic-archive	morph-field-portal-final.html
6.50	1	666	24935	core-age	watson-slopwright.html
6.50	1	666	24836	core-age	training-manual.html
6.50	1	665	36877	wh-ripple	git_hub_repo_index_bauhaus_table_hartswf_0 (1).html
6.50	1	665	36154	tractor-field-notes	CAN/hyperclay-sonifier.html
6.50	1	665	36154	looking-machine	CAN/hyperclay-sonifier.html
6.50	1	665	36154	hyperclay-editor	CAN/hyperclay-sonifier.html
6.50	1	665	26144	wave	tprior.html
6.50	1	665	23173	the-fork	cartridge-holder.html
6.50	1	665	20995	tractor-dce-gyo	hyper-grid.html
6.50	1	664	28838	role-deck	episode-05-complete.html
6.50	1	664	26536	witt	f-good2.html
6.50	1	664	24451	mp	prime.html
6.50	1	662	39873	encoded-power	algo-reflections-02.html
6.50	1	662	27145	abc-flix	TAX-FUTURE/taxonomy-01.html
6.50	1	661	26653	resonome-genetic-archive	morph-field-portal-01.html
6.50	1	661	22835	the-project	shield-analytics.html
6.50	1	661	21295	tractor-dce-gyo	sitemap-manifold.html
6.50	1	661	20959	tractor-dce-gyo	hyper-monitor.html
6.49	1	660	27733	abc-flix	TAX-FUTURE/stacked-00.html
6.49	1	660	27023	core-age	egri-worksheet.html
6.49	1	660	25970	ripples	22.html
6.49	1	660	20447	tractor-dce-gyo	LEGOS-multi-channel-spec.html
6.49	1	659	30874	growing-entanglements	mason_rebe_land_paper_with_code_single_file_html.html
6.49	1	659	29224	echoes-algos	schafer_bird_dj_acoustic_ecology_instrument_single_file (1).html
6.49	1	659	23841	forkit	thick-loop.html
6.49	1	659	21308	tractor-dce-gyo	sitemap-manifold-06.html
6.49	1	658	38629	abundant-nes	ai_studio_code - 2025-09-29T062954.621.html
6.49	1	658	27989	volholla	CONSTRUCTORS/ONTO HERM/onto-herm-00.html
6.49	1	658	27041	func-sub	shed-frame.html
6.49	1	658	20638	tractor-dce-gyo	timber-studio.html
6.49	1	658	19879	core-age	gar-onyx-studio.html
6.49	1	658	14828	sense-ritual	m-crusher-03.html
6.49	1	657	25083	core-age	trubador-archive.html
6.49	1	656	45763	opek	UNDERSTANDING AI/understanding-ai.html
6.49	1	655	33098	unthinkable-media	hyperclay_fusion_wheel_option_2_prototype_mobile_single_file (1).html
6.49	1	655	33098	tractor-field-notes	POTTERS_WHEEL/hyperclay_fusion_wheel_option_2_prototype_mobile_single_file (1).html
6.49	1	655	33098	potters-wheel	POTTERS_WHEEL/hyperclay_fusion_wheel_option_2_prototype_mobile_single_file (1).html
6.49	1	655	33098	looking-machine	POTTERS_WHEEL/hyperclay_fusion_wheel_option_2_prototype_mobile_single_file (1).html
6.49	1	655	33098	hyperclay-editor	POTTERS_WHEEL/hyperclay_fusion_wheel_option_2_prototype_mobile_single_file (1).html
6.49	1	655	20003	arkadu	organic-evolution.html
6.48	1	654	43070	abc-flix	TUBE/parts/faceplate.html
6.48	1	654	34464	12-specs	index.html
6.48	1	653	30395	island-ecology	BEES ON A TRAIN/library-engine.js
6.48	1	653	28198	acm	the-feed-00.html
6.48	1	653	26440	the-project	shield-drydock.html
6.48	1	653	24524	tractor-dce-gyo	onyx-core-index.html
6.48	1	653	17691	wh-ripple	thematic-rings-viewer.html
6.48	1	652	33048	sense-ritual	a4.html
6.48	1	651	31822	fish-town	f-predator-00.html
6.48	1	651	26052	crest	scene-theater.html
6.48	1	651	24123	role-deck	feed-loop-full-movie.html
6.48	1	650	34804	wave	crate-orange.html
6.48	1	650	26199	loving-grace	index.html
6.48	1	650	25973	synesthetic-flux-console	touch.html
6.48	1	650	22304	arkadu	approach-6-depth-test.html
6.48	1	649	30141	abc-flix	SWARMS/rl-playback.html
6.48	1	649	25314	witt	fe-2good.html
6.48	1	649	17644	mythos-canon	MYTHOS-ARCHIVE/graph_viewer.html
6.48	1	648	43067	sense-ritual	swiper-mo.html
6.48	1	648	43067	sense-ritual	swiper-minimal-test.html
6.48	1	648	32819	abc-flix	TUBE/arc_tunnel_operator_full_single_file.html
6.48	1	648	28326	mother-of-invention	uncanny.html
6.48	1	648	17875	wh-ripple	live-demos-backup.html
6.47	1	647	30179	moto	s01.html
6.47	1	647	21437	atg-3	data/epir-plus.html
6.47	1	647	18142	arkadu	topology-pro.html
6.47	1	646	21405	mp	a.html
6.47	1	645	37793	metisim	index.html
6.47	1	645	28977	abc-flix	SWARMS/rl-multi-agent.html
6.47	1	644	34519	island-ecology	BEES ON A TRAIN/jockey-engine.js
6.47	1	644	26480	encoded-power	VIEWER/app.js
6.47	1	644	20091	core-age	wag-frank-tetrad-unif.html
6.47	1	643	20184	abc-flix	TUBE/circle-00.html
6.47	1	642	22894	tractor-dce-gyo	wag-viewer-prime-integration-20251112-055341 copy/parts-browser.html
6.46	1	641	22703	core-age	onyx-remade.html
6.46	1	641	17250	holo-project	projection-viewer-v2.html
6.46	1	640	29023	abc-flix	SWARMS/rl-single-agent.html
6.46	1	640	25525	who-owns-the-feed	ds-01.html
6.46	1	640	17372	looking-machine	GAZE/creatureliness-manual-pages/film-cut.html
6.46	1	640	14334	eos	CODEX/codex_viewer.html
6.46	1	639	48728	design-brief	diegetic-op-data.js
6.46	1	639	21958	core-age	temporal-mesh-lab.html
6.46	1	639	19302	tractor-dce-gyo	scenario-families.html
6.46	1	638	34660	fish-town	f-plus-00.html
6.46	1	638	34637	abc-flix	TUBE/arc_tunnel_beast_single_file.html
6.46	1	638	23659	tractor-field-notes	FUSE/ecd-u1.html
6.46	1	638	23659	potters-wheel	FUSE/ecd-u1.html
6.46	1	638	23659	looking-machine	FUSE/ecd-u1.html
6.46	1	638	23659	intron	ecd-u1.html
6.46	1	638	23659	hyperclay-editor	FUSE/ecd-u1.html
6.46	1	638	23659	genoma	FUSE/ecd-u1.html
6.46	1	638	23659	codon	FUSE/ecd-u1.html
6.46	1	638	21189	arkadu	terrain-3d-pro.html
6.46	1	637	26620	myth-engine	tow/fs39.html
6.46	1	637	24937	nothing-ritual	k02-nothing-ritual-05.html
6.46	1	637	22574	trails-and-crates	a4.html
6.46	1	636	29868	abc-flix	TUBE/arc_tunnel_operator_single_file.html
6.46	1	636	21129	sapir	cage-silence-presentation.zip/app.js
6.46	1	636	21129	sapir	app_1.js
6.46	1	636	21129	sapir	app.js
6.46	1	635	32593	k2.html	ibm.html
6.46	1	635	29751	text-ure	urn-3/8.html
6.46	1	635	28048	vibe-crates	k56.html
6.46	1	635	24765	nothing-ritual	REPORT-NOTHING-RITUAL/NOTHING-RITUAL-05/app.js
6.46	1	635	23667	tractor-dce-gyo	homer-quickstart.html
6.45	1	634	18501	core-age	lego-code-builder.html
6.45	1	634	14269	ripples	engine/Kimi_Agent_RIPPLES_ Worldtext Theory Summary (1) copy/ripples-feedback/index.html
6.45	1	633	78564	abc-flix	SWARMS/icaro-compiler.html
6.45	1	633	32230	gene	scope.html
6.45	1	633	24841	head-neuroglow	redex.html
6.45	1	633	24708	core-age	onyx-unified.html
6.45	1	632	37993	unthinkable-media	main_gear_film_engine_canvas_build_v_2.html
6.45	1	632	37993	tractor-field-notes	POTTERS_WHEEL/main_gear_film_engine_canvas_build_v_2.html
6.45	1	632	37993	potters-wheel	POTTERS_WHEEL/main_gear_film_engine_canvas_build_v_2.html
6.45	1	632	37993	looking-machine	POTTERS_WHEEL/main_gear_film_engine_canvas_build_v_2.html
6.45	1	632	37993	hyperclay-editor	POTTERS_WHEEL/main_gear_film_engine_canvas_build_v_2.html
6.45	1	632	25105	abc-flix	TAX-FUTURE/c.html
6.45	1	632	23209	manila-memory-arcade	pin31-alien.html
6.45	1	632	21245	text-ure	urn-3/11.html
6.45	1	631	27373	metisim	INVASION/arkano.html
6.45	1	631	23050	text-ure	urn-3/12.html
6.45	1	630	25665	momsaic	namq.html
6.45	1	630	23859	nothing-ritual	k02-nothing-ritual-07.html
6.45	1	630	22634	manila-memory-arcade	pin-29-interaction.html
6.45	1	630	18479	tractor-field-notes	ETHICS INFRASTRUCTURE/ethics_infra_hub (6).html
6.45	1	630	18479	looking-machine	ETHICS INFRASTRUCTURE/ethics_infra_hub (6).html
6.45	1	630	18479	ethics-infrastructure	ethics_infra_hub (6).html
6.45	1	630	16809	wh-ripple	ripple-rings-viewer.html
6.45	1	629	30356	media-surfer	precrime-tilth.html
6.45	1	629	26631	growing-entanglements	epstein_civil_violence_model_single_file.html
6.45	1	629	14619	1000-small-futures	session-viewer-filmic-OLD.html
6.44	1	628	25360	hyperclay-editor	son-mod-01.html
6.44	1	627	32099	unthinkable-media	hyperclay_fusion_wheel_option_2_prototype_mobile_single_file_BBET.html
6.44	1	627	32099	tractor-field-notes	POTTERS_WHEEL/hyperclay_fusion_wheel_option_2_prototype_mobile_single_file_BBET.html
6.44	1	627	32099	potters-wheel	POTTERS_WHEEL/hyperclay_fusion_wheel_option_2_prototype_mobile_single_file_BBET.html
6.44	1	627	32099	looking-machine	POTTERS_WHEEL/hyperclay_fusion_wheel_option_2_prototype_mobile_single_file_BBET.html
6.44	1	627	32099	hyperclay-editor	POTTERS_WHEEL/hyperclay_fusion_wheel_option_2_prototype_mobile_single_file_BBET.html
6.44	1	627	22932	tractor-dce-gyo	sitemap-full.html
6.44	1	626	32091	unthinkable-media	hyperclay_fusion_wheel_option_2_all_out_poc.html
6.44	1	626	32091	unthinkable-media	hyperclay_fusion_wheel_option_2_all_out_poc (1).html
6.44	1	626	32091	tractor-field-notes	POTTERS_WHEEL/hyperclay_fusion_wheel_option_2_all_out_poc.html
6.44	1	626	32091	tractor-field-notes	POTTERS_WHEEL/hyperclay_fusion_wheel_option_2_all_out_poc (1).html
6.44	1	626	32091	potters-wheel	POTTERS_WHEEL/hyperclay_fusion_wheel_option_2_all_out_poc.html
6.44	1	626	32091	potters-wheel	POTTERS_WHEEL/hyperclay_fusion_wheel_option_2_all_out_poc (1).html
6.44	1	626	32091	looking-machine	POTTERS_WHEEL/hyperclay_fusion_wheel_option_2_all_out_poc.html
6.44	1	626	32091	looking-machine	POTTERS_WHEEL/hyperclay_fusion_wheel_option_2_all_out_poc (1).html
6.44	1	626	32091	hyperclay-editor	POTTERS_WHEEL/hyperclay_fusion_wheel_option_2_all_out_poc.html
6.44	1	626	32091	hyperclay-editor	POTTERS_WHEEL/hyperclay_fusion_wheel_option_2_all_out_poc (1).html
6.44	1	626	29684	tractor-dce-gyo	build-minifig-library.js
6.44	1	626	29063	unthinkable-media	cinematic_data_wall_editor_mobile_single_file_no_deps.html
6.44	1	626	29063	tractor-field-notes	POTTERS_WHEEL/cinematic_data_wall_editor_mobile_single_file_no_deps.html
6.44	1	626	29063	potters-wheel	POTTERS_WHEEL/cinematic_data_wall_editor_mobile_single_file_no_deps.html
6.44	1	626	29063	looking-machine	POTTERS_WHEEL/cinematic_data_wall_editor_mobile_single_file_no_deps.html
6.44	1	626	29063	hyperclay-editor	POTTERS_WHEEL/cinematic_data_wall_editor_mobile_single_file_no_deps.html
6.44	1	626	19791	core-age	inception-tetrad-code-editor.html
6.44	1	626	18990	golden-river	scripts/prompt-diff.js
6.44	1	625	25657	abc-flix	TUBE/parts/op.html
6.44	1	625	24447	tractor-field-notes	FUSE/fu8.html
6.44	1	625	24447	potters-wheel	FUSE/fu8.html
6.44	1	625	24447	looking-machine	FUSE/fu8.html
6.44	1	625	24447	intron	fu8.html
6.44	1	625	24447	hyperclay-editor	FUSE/fu8.html
6.44	1	625	24447	genoma	FUSE/fu8.html
6.44	1	625	24447	codon	FUSE/fu8.html
6.44	2	24	612	pretext-cave	vite.config.ts
6.44	1	624	28211	the-project	shield-comprehensive.html
6.44	1	624	26375	myth-engine	tow/fs38.html
6.44	1	624	26268	trails-and-crates	a3.html
6.44	1	623	28542	myth-as-os	plo_t_tug_of_war_deck_live.html
6.44	1	623	22508	core-age	disentangling-strategy.html
6.43	1	622	18524	tractor-dce-gyo	onyx-bibliography.html
6.43	1	621	28478	unthinkable-media	cinematic_data_wall_editor_mobile_v_0.html
6.43	1	621	28478	tractor-field-notes	POTTERS_WHEEL/cinematic_data_wall_editor_mobile_v_0.html
6.43	1	621	28478	potters-wheel	POTTERS_WHEEL/cinematic_data_wall_editor_mobile_v_0.html
6.43	1	621	28478	looking-machine	POTTERS_WHEEL/cinematic_data_wall_editor_mobile_v_0.html
6.43	1	621	28478	hyperclay-editor	POTTERS_WHEEL/cinematic_data_wall_editor_mobile_v_0.html
6.43	1	621	28143	fish-town	aberrations.html
6.43	1	621	23959	manila-memory-arcade	pin20.html
6.43	1	621	21513	nexadoc-jar	epir.html
6.43	1	621	21513	epir	index.html
6.43	1	620	30465	unthinkable-media	prime_inception_medium_poml_runner_single_file_html (1).html
6.43	1	620	30465	tractor-field-notes	POTTERS_WHEEL/prime_inception_medium_poml_runner_single_file_html (1).html
6.43	1	620	30465	potters-wheel	POTTERS_WHEEL/prime_inception_medium_poml_runner_single_file_html (1).html
6.43	1	620	30465	looking-machine	POTTERS_WHEEL/prime_inception_medium_poml_runner_single_file_html (1).html
6.43	1	620	30465	hyperclay-editor	POTTERS_WHEEL/prime_inception_medium_poml_runner_single_file_html (1).html
6.43	1	620	24041	sense-ritual	m-crusher.html
6.43	1	620	22134	pretext-cave	demos/cartesian-breach.ts
6.43	1	620	20176	ripples	engine/Kimi_Agent_RIPPLES_ Worldtext Theory Summary (1) copy/ripples-suite/engine/core.js
6.43	1	620	17802	tractor-field-notes	pca/victor-toolkit.js
6.43	1	620	17802	pca	victor-toolkit.js
6.43	1	620	17802	looking-machine	pca/victor-toolkit.js
6.43	1	620	17802	hyperclay-editor	pca/victor-toolkit.js
6.43	1	619	33091	fish-town	f-mind-00.html
6.43	1	619	25023	abc-flix	TAX-FUTURE/a.html
6.43	1	619	21722	windows-and-mirrors	closure-foraging-deck.zip/app.js
6.43	1	619	21112	manila-memory-arcade	pin24.html
6.43	1	618	41186	k2.html	crate-2.html
6.43	1	618	23186	wave	ptopo.html
6.43	1	618	20545	cage	linguistic-perception-loom.zip/app.js
6.43	1	618	20545	cage	app.js
6.43	1	618	18590	windows-and-mirrors	app.js
6.43	1	617	37068	myth-as-os	roland-barthes-00.html
6.43	1	617	26469	role-deck	tilth-identity-cards.html
6.43	1	617	19643	ripples	skipper.html
6.42	1	616	21096	arkadu	topology-strata.html
6.42	1	615	29105	tractor-field-notes	FUSE/ip-flex-02.html
6.42	1	615	29105	potters-wheel	FUSE/ip-flex-02.html
6.42	1	615	29105	looking-machine	FUSE/ip-flex-02.html
6.42	1	615	29105	intron	ip-flex-02.html
6.42	1	615	29105	hyperclay-editor	FUSE/ip-flex-02.html
6.42	1	615	29105	genoma	FUSE/ip-flex-02.html
6.42	1	615	29105	codon	FUSE/ip-flex-02.html
6.42	1	615	28975	vibe-crates	k57.html
6.42	1	614	35739	feedfall	hom.html
6.42	1	613	22896	ripples	55.html
6.42	1	613	22124	core-age	gar-onyx-presentation.html
6.42	1	613	17566	ripples	engine/Kimi_Agent_RIPPLES_ Worldtext Theory Summary (1) copy/ripples-core/src/orca/operators.js
6.42	1	612	34509	dirty-disclosure	wydo-00.html
6.42	1	612	26093	core-age	brick-haven-previs.html
6.42	1	611	42991	abc-flix	TUBE/parts/gun.html
6.42	1	611	33961	encoded-power	codex-live.html
6.42	1	611	22920	manila-memory-arcade	pin25.html
6.42	1	611	21610	loving-grace	dg-01.html
6.42	1	611	21113	role-deck	opening-07-conditional-harvest.html
6.42	1	611	18820	func-sub	SHED-INTEGRATE-GROUND-IMPLEMENTATION.js
6.42	1	610	22325	nexadoc-jar	stig.html
6.42	1	610	14165	trui	styles.css
6.41	1	609	27769	k2.html	xr.html
6.41	1	609	26147	tractor-dce-gyo	wag-pres.html
6.41	1	609	20595	looking-machine	GAZE/fast-and-furious-grand-prix-title.html
6.41	1	609	20054	ripples	engine/Kimi_Agent_RIPPLES_ Worldtext Theory Summary (1) copy/ripples-feedback/app.js
6.41	1	609	19643	core-age	assembly-line-single-mesh.html
6.41	1	608	30075	tractor-field-notes	Hephaestus Narrative OS/hn-os-25.html
6.41	1	608	30075	looking-machine	Hephaestus Narrative OS/hn-os-25.html
6.41	1	608	30075	hephaestus-narrative-os	hn-os-25.html
6.41	1	608	25574	k2.html	xr-os-04.html
6.41	1	608	23684	tractor-field-notes	FUSE/fu3.html
6.41	1	608	23684	potters-wheel	FUSE/fu3.html
6.41	1	608	23684	looking-machine	FUSE/fu3.html
6.41	1	608	23684	intron	fu3.html
6.41	1	608	23684	hyperclay-editor	FUSE/fu3.html
6.41	1	608	23684	genoma	FUSE/fu3.html
6.41	1	608	23684	codon	FUSE/fu3.html
6.41	1	608	16082	sense-ritual	final-screen.html
6.41	1	607	24962	vibe-crates	pod.html
6.41	1	607	20720	island-ecology	achilles_operator_manual_mobile.html
6.41	1	607	20524	core-age	index (22).html
6.41	1	606	40500	abc-flix	TUBE/archive/preview (53).html
6.41	1	606	34131	abc-flix	TAX-FUTURE/taxonomy-05.html
6.41	1	606	32281	abc-flix	TUBE/parts/yoke.html
6.41	1	606	26880	tractor-field-notes	FUSE/gf3.html
6.41	1	606	26880	potters-wheel	FUSE/gf3.html
6.41	1	606	26880	looking-machine	FUSE/gf3.html
6.41	1	606	26880	intron	gf3.html
6.41	1	606	26880	hyperclay-editor	FUSE/gf3.html
6.41	1	606	26880	genoma	FUSE/gf3.html
6.41	1	606	26880	codon	FUSE/gf3.html
6.41	1	606	22922	tractor-field-notes	pca/tempo-os.html
6.41	1	606	22922	pca	tempo-os.html
6.41	1	606	22922	looking-machine	pca/tempo-os.html
6.41	1	606	22922	hyperclay-editor	pca/tempo-os.html
6.41	1	606	20009	looking-machine	GAZE/09.html
6.41	1	605	24233	tractor-field-notes	TRACTOR FOLKLOGICUS/tract-08.html
6.41	1	605	24233	looking-machine	TRACTOR FOLKLOGICUS/tract-08.html
6.41	1	605	21767	the-project	achilles-09.html
6.41	1	605	17588	aritificial-life	docs.html
6.41	1	604	34848	encoded-power	brand-command.html
6.41	1	604	27619	opek	OPERATIVES/generate_kimi_pres.py
6.41	1	604	25454	tractor-field-notes	FUSE/gm6.html
6.41	1	604	25454	potters-wheel	FUSE/gm6.html
6.41	1	604	25454	looking-machine	FUSE/gm6.html
6.41	1	604	25454	intron	gm6.html
6.41	1	604	25454	hyperclay-editor	FUSE/gm6.html
6.41	1	604	25454	genoma	FUSE/gm6.html
6.41	1	604	25454	codon	FUSE/gm6.html
6.41	1	604	23170	synesthetic-flux-console	resonant-field.html
6.41	1	604	17905	hyperclay-editor	son-mod-19.html
6.41	1	604	17905	hyperclay-editor	son-mod-09.html
6.40	1	603	22835	abc-flix	TAX-FUTURE/d.html
6.40	1	603	19950	trails-and-crates	a1.html
6.40	1	603	19215	atg-3	cse-05.html
6.40	1	602	23920	abc-flix	TUBE/archive/taxonomy_spiral_film_matrix.html
6.40	1	602	20041	grid-os-	Old.html
6.40	1	602	18998	ripples	engine/Kimi_Agent_RIPPLES_ Worldtext Theory Summary (1) copy/ripples-latent-prompt/app.js
6.40	1	601	25284	manila-memory-arcade	pin11-tmppd.html
6.40	1	601	23876	dream-organ	dream-organ-00.html
6.40	1	600	21105	resonome-genetic-archive	res-social-00.html
6.40	1	600	17513	hyperclay-editor	son-mod-06.html
6.40	1	599	25052	crest	crest/f2.html
6.40	1	599	22594	the-project	a-11.html
6.40	1	598	24484	text-ure	urn-3/10.html
6.40	1	598	21813	alien-child	fly-eye-06.html
6.39	1	597	25695	synarchiv	true2-train.html
6.39	1	597	23235	tractor-field-notes	FUSE/gf2.html
6.39	1	597	23235	potters-wheel	FUSE/gf2.html
6.39	1	597	23235	looking-machine	FUSE/gf2.html
6.39	1	597	23235	intron	gf2.html
6.39	1	597	23235	hyperclay-editor	FUSE/gf2.html
6.39	1	597	23235	genoma	FUSE/gf2.html
6.39	1	597	23235	codon	FUSE/gf2.html
6.39	1	597	20594	crest	crest/by-will.html
6.39	1	596	19466	gob	asclepius-agentic-shift-atlas.html
6.39	1	596	19466	gaze	asclepius-agentic-shift-atlas.html
6.39	1	596	17197	tractor-dce-gyo	hyper-grid-builder.html
6.39	1	595	38204	witt	log.html
6.39	1	595	32305	vibe-crates	red-crate.html
6.39	1	595	32305	k2.html	crate-120.html
6.39	1	595	26940	tractor-field-notes	pca/mirror-os.html
6.39	1	595	26940	pca	mirror-os.html
6.39	1	595	26940	looking-machine	pca/mirror-os.html
6.39	1	595	26940	hyperclay-editor	pca/mirror-os.html
6.39	1	595	20763	role-deck	opening-05-root-union.html
6.39	1	594	29229	unthinkable-media	prime_inception_medium_poml_runner_single_file_html.html
6.39	1	594	29229	tractor-field-notes	POTTERS_WHEEL/prime_inception_medium_poml_runner_single_file_html.html
6.39	1	594	29229	potters-wheel	POTTERS_WHEEL/prime_inception_medium_poml_runner_single_file_html.html
6.39	1	594	29229	looking-machine	POTTERS_WHEEL/prime_inception_medium_poml_runner_single_file_html.html
6.39	1	594	29229	hyperclay-editor	POTTERS_WHEEL/prime_inception_medium_poml_runner_single_file_html.html
6.39	1	593	24209	k2.html	ol-05.html
6.39	1	593	23712	abc-flix	TAX-FUTURE/b.html
6.39	1	593	21642	pretext-cave	demos/power-of-a-moon.ts
6.39	1	593	20573	role-deck	opening-06-flood-learning.html
6.39	1	592	35880	vol-air	vols-04.html
6.39	1	592	35880	tractor-field-notes	VOLHOLLA_AIR/vols-04.html
6.39	1	592	35880	looking-machine	VOLHOLLA_AIR/vols-04.html
6.39	1	592	35880	hyperclay-editor	VOLHOLLA_AIR/vols-04.html
6.39	1	592	23698	manila-memory-arcade	pin22-good-grid.html
6.39	1	592	18013	tractor-field-notes	DYAD/mapping.html
6.39	1	592	18013	looking-machine	DYAD/mapping.html
6.39	1	592	18013	dyad	mapping.html
6.39	1	592	17332	tractor-dce-gyo	ator-studio.html
6.38	1	590	48152	mythos-canon	essays/essay_mythopoetic.html
6.38	1	590	26947	golden-lens	zine/ops.html
6.38	1	590	25363	k2.html	xr-os-07.html
6.38	1	589	45731	mythos-canon	essays/essay_forager.html
6.38	1	589	20842	ripples	engine/Kimi_Agent_RIPPLES_ Worldtext Theory Summary (1) copy/ripples-orca/app.js
6.38	1	588	21900	tractor-field-notes	FUSE/g5.html
6.38	1	588	21900	potters-wheel	FUSE/g5.html
6.38	1	588	21900	looking-machine	FUSE/g5.html
6.38	1	588	21900	intron	g5.html
6.38	1	588	21900	hyperclay-editor	FUSE/g5.html
6.38	1	588	21900	genoma	FUSE/g5.html
6.38	1	588	21900	codon	FUSE/g5.html
6.38	1	587	29037	the-project	shield-hyperclay.html
6.38	1	587	27355	can-think	023.html
6.38	1	586	23344	fuzzy-linkography	key-geo.html
6.38	1	586	19971	core-age	index 16.html
6.38	1	586	19196	sense-ritual	m-crusher-02.html
6.38	1	586	17128	tractor-dce-gyo	shield-of-achilles.html
6.37	1	585	25281	moto	s02.html
6.37	1	584	32992	unthinkable-media	unthinkable_media_engine_single_file_html_atlantis_edition_BET.html
6.37	1	584	32992	tractor-field-notes	POTTERS_WHEEL/unthinkable_media_engine_single_file_html_atlantis_edition_BET.html
6.37	1	584	32992	potters-wheel	POTTERS_WHEEL/unthinkable_media_engine_single_file_html_atlantis_edition_BET.html
6.37	1	584	32992	looking-machine	POTTERS_WHEEL/unthinkable_media_engine_single_file_html_atlantis_edition_BET.html
6.37	1	584	32992	hyperclay-editor	POTTERS_WHEEL/unthinkable_media_engine_single_file_html_atlantis_edition_BET.html
6.37	1	582	30967	ripples	1010.html
6.37	1	582	22555	tractor-field-notes	FUSE/ecd-u4.html
6.37	1	582	22555	potters-wheel	FUSE/ecd-u4.html
6.37	1	582	22555	looking-machine	FUSE/ecd-u4.html
6.37	1	582	22555	intron	ecd-u4.html
6.37	1	582	22555	hyperclay-editor	FUSE/ecd-u4.html
6.37	1	582	22555	genoma	FUSE/ecd-u4.html
6.37	1	582	22555	codon	FUSE/ecd-u4.html
6.37	1	582	16531	tractor-dce-gyo	courage-master-studio.html
6.37	1	581	41354	abc-flix	TUBE/riverbed_video_editor_prototype.html
6.37	1	581	29968	fish-town	f-spawn-00.html
6.37	1	581	20742	ripples	14.html
6.37	1	581	20001	liquid-bridge	gindex.html
6.36	1	580	42934	mythos-canon	MYTHOS-ARCHIVE/VAC-WORLD-COMPLETE.html
6.36	1	580	35052	unthinkable-media	main_gear_film_engine_single_file_canvas_build-lil.html
6.36	1	580	35052	tractor-field-notes	POTTERS_WHEEL/main_gear_film_engine_single_file_canvas_build-lil.html
6.36	1	580	35052	potters-wheel	POTTERS_WHEEL/main_gear_film_engine_single_file_canvas_build-lil.html
6.36	1	580	35052	looking-machine	POTTERS_WHEEL/main_gear_film_engine_single_file_canvas_build-lil.html
6.36	1	580	35052	hyperclay-editor	POTTERS_WHEEL/main_gear_film_engine_single_file_canvas_build-lil.html
6.36	1	580	23538	wave	wse.html
6.36	1	580	23084	enos-garden	app.js
6.36	1	580	21379	tractor-field-notes	FUSE/ecd-u2.html
6.36	1	580	21379	potters-wheel	FUSE/ecd-u2.html
6.36	1	580	21379	looking-machine	FUSE/ecd-u2.html
6.36	1	580	21379	intron	ecd-u2.html
6.36	1	580	21379	hyperclay-editor	FUSE/ecd-u2.html
6.36	1	580	21379	genoma	FUSE/ecd-u2.html
6.36	1	580	21379	codon	FUSE/ecd-u2.html
6.36	1	580	19849	arkadu	terrain-explorer.html
6.36	1	580	18509	arkadu	ecology-3d.html
6.36	1	580	17883	ripples	engine/Kimi_Agent_RIPPLES_ Worldtext Theory Summary (1) copy/ripples-suite/engine/adapters/canvas-adapter.js
6.36	1	579	31284	metisim	INVASION/verex.html
6.36	1	579	28477	tractor-field-notes	Hephaestus Narrative OS/hn-os-21.html
6.36	1	579	28477	looking-machine	Hephaestus Narrative OS/hn-os-21.html
6.36	1	579	28477	hephaestus-narrative-os	hn-os-21.html
6.36	1	579	27387	crest	analysis.html
6.36	1	579	20310	leasing-vibes	image-viewer.html
6.36	1	578	23229	k2.html	xr2.html
6.36	1	577	22489	tractor-dce-gyo	seed-index.html
6.36	1	576	23941	mp	03.html
6.36	1	576	21463	holo-project	holo-index.html
6.36	1	576	20965	the-project	a-09.html
6.36	1	576	20015	momsaic	crush.html
6.36	1	576	18422	wa	factory-engine.js
6.36	1	576	18422	wa	factory-engine-beta.js
6.36	1	576	16961	rosetta-protocol	ai_studio_code - 2025-09-25T040059.543.html
6.36	1	575	42977	abundant-nes	btine_v_2_western_filmmaking_engine_edge_ring_scenes_persistence (4).html
6.36	1	575	28735	sense-ritual	STONE/swipe-gravel.html
6.36	1	575	19113	looking-machine	GAZE/06.html
6.35	1	574	31939	growing-entanglements	iruba_model_paper_with_code_single_file_html.html
6.35	1	574	29727	haunted-tools	cup_urban_pedagogy_kit_single_file.html
6.35	1	574	26030	forkit	ch5.html
6.35	1	574	21437	jdb-ripple-remix	promp-c-angel-trace.html
6.35	1	574	16699	core-age	lego-3d-architect.html
6.35	1	573	40299	abc-flix	TUBE/archive/arc_tunnel_operator_single_file (1).html
6.35	1	573	24265	hyperclay-editor	son-mod-17.html
6.35	1	573	24263	k2.html	xr-os-03.html
6.35	1	573	19165	role-deck	opening-08-geo-fencing-garden.html
6.35	1	572	30441	platos-cave	circles.html
6.35	1	572	21223	wave	nex.html
6.35	1	571	37786	abc-flix	TUBE/parts/filament.html
6.35	1	571	30824	ripples	2122-operative-bilder.html
6.35	1	571	26315	alien-child	fly-eye-index.html
6.35	1	571	24638	hyperclay-editor	son-mod-18.html
6.35	1	570	27256	smith-deck	ai_studio_code (90).html
6.35	1	570	27256	prompt-smith	ai_studio_code (90).html
6.35	1	570	20485	vibe-crates	gb.html
6.35	1	570	19914	vibe-crates	suture.html
6.35	1	570	16713	alien-child	alien-dome-viewer.html
6.35	1	570	16693	hyperclay-editor	son-mod-12.html
6.35	1	569	51061	totb	ai_studio_code - 2025-09-22T123417.033.html
6.35	1	569	22212	manila-memory-arcade	pin10-emppi.html
6.35	1	569	19826	political-kayfabe	app.js
6.34	1	568	29440	encoded-power	validate-codex.html
6.34	1	568	26937	tractor-field-notes	FUSE/owe6.html
6.34	1	568	26937	potters-wheel	FUSE/owe6.html
6.34	1	568	26937	looking-machine	FUSE/owe6.html
6.34	1	568	26937	intron	owe6.html
6.34	1	568	26937	hyperclay-editor	FUSE/owe6.html
6.34	1	568	26937	genoma	FUSE/owe6.html
6.34	1	568	26937	codon	FUSE/owe6.html
6.34	1	568	18689	crest	index.html
6.34	1	567	19638	arkadu	terrain-3d.html
6.34	1	566	33175	rosetta-protocol	ai_studio_code - 2025-09-25T040630.541.html
6.34	1	566	20063	eos	OUROBOROS/gaze-explorer.html
6.34	1	565	319856	gob	FARM-TO-SCREEN/engine.html
6.34	1	565	319856	gaze	FARM-TO-SCREEN/engine.html
6.34	1	565	29024	tractor-field-notes	Hephaestus Narrative OS/hf-45.html
6.34	1	565	29024	looking-machine	Hephaestus Narrative OS/hf-45.html
6.34	1	565	29024	hephaestus-narrative-os	hf-45.html
6.34	1	565	23318	tractor-dce-gyo	movieator-02.html
6.34	1	565	22385	tractor-field-notes	FUSE/gg1.html
6.34	1	565	22385	potters-wheel	FUSE/gg1.html
6.34	1	565	22385	looking-machine	FUSE/gg1.html
6.34	1	565	22385	intron	gg1.html
6.34	1	565	22385	hyperclay-editor	FUSE/gg1.html
6.34	1	565	22385	genoma	FUSE/gg1.html
6.34	1	565	22385	codon	FUSE/gg1.html
6.34	1	565	21214	tractor-field-notes	pca/tempo-os-victor-demo.html
6.34	1	565	21214	pca	tempo-os-victor-demo.html
6.34	1	565	21214	looking-machine	pca/tempo-os-victor-demo.html
6.34	1	565	21214	hyperclay-editor	pca/tempo-os-victor-demo.html
6.34	1	565	15055	aritificial-life	loading.html
6.34	1	564	25364	life-star	helicopter/2.html
6.34	1	564	20105	core-age	onyx-branch.html
6.34	1	563	26297	abundant-nes	temporal_hypertetrahedron (8).html
6.34	1	563	20209	tractor-dce-gyo	parse-chapter-script.js
6.33	1	562	30335	platos-cave	ancient_instagram_sontag_clone.html
6.33	1	562	25205	life-star	helicopter/1.html
6.33	1	561	21530	vibe-crates	ship-05.html
6.33	1	561	20905	RIP	llm-compat.js
6.33	1	561	15102	mythos-canon	mythos_network.html
6.33	1	561	10364	the-republic	republic-design.css
6.33	1	560	22700	tmm	ShieldScenes/build.py
6.33	1	560	21989	k2.html	atek.html
6.33	1	559	22739	abc-flix	TUBE/archive/preview (43).html
6.33	1	559	22686	life-star	helicopter/6.html
6.33	1	558	17289	arkadu	ekphrasis-topology.html
6.33	1	558	16369	ripples	engine/Kimi_Agent_RIPPLES_ Worldtext Theory Summary (1) copy/app/src/hooks/useWorldState.ts
6.33	1	558	16369	ripples	app 2/src/hooks/useWorldState.ts
6.33	1	558	16369	ripples	Kimi_Agent_RIPPLES_ Worldtext Theory Summary/app/src/hooks/useWorldState.ts
6.33	1	558	16369	ripples	IMAGES/Kimi_Agent_RIPPLES_ Worldtext Theory Summary (1)/app/src/hooks/useWorldState.ts
6.32	1	557	24903	tractor-field-notes	FUSE/gm10.html
6.32	1	557	24903	potters-wheel	FUSE/gm10.html
6.32	1	557	24903	looking-machine	FUSE/gm10.html
6.32	1	557	24903	intron	gm10.html
6.32	1	557	24903	hyperclay-editor	FUSE/gm10.html
6.32	1	557	24903	genoma	FUSE/gm10.html
6.32	1	557	24903	codon	FUSE/gm10.html
6.32	1	557	20002	the-project	a-10.html
6.32	1	556	35366	ripples	ripple-12.html
6.32	1	556	35366	jdb-ripple-remix	ort.html
6.32	1	556	28683	tractor-field-notes	Hephaestus Narrative OS/hf-46.html
6.32	1	556	28683	looking-machine	Hephaestus Narrative OS/hf-46.html
6.32	1	556	28683	hephaestus-narrative-os	hf-46.html
6.32	1	556	19559	mother-of-invention	build.js
6.32	1	556	16301	hyperclay-editor	son-mod-15.html
6.32	1	556	14951	sense-ritual	oti-export.js
6.32	1	555	62508	tractor-field-notes	TRACTOR FOLKLOGICUS/tract-05-formalized.html
6.32	1	555	62508	looking-machine	TRACTOR FOLKLOGICUS/tract-05-formalized.html
6.32	1	555	39196	abundant-nes	vol_media_decks_v_19_stack_symmetric_hud_clear_alley (2).html
6.32	1	555	30867	resonome-genetic-archive	mwut-03.html
6.32	1	555	26372	role-deck	tilth-investigation.html
6.32	1	555	23794	itinerant-prompt	unified_almanack.html
6.32	1	555	17769	forkit	ETHICS-HELIX-TROLLEY.html
6.32	1	554	23099	text-ure	poml-scroll.html
6.32	1	554	21526	tractor-dce-gyo	wag-prot.html
6.32	1	554	21313	1000-small-futures	theory-map.html
6.32	1	554	20319	role-deck	tilth-parts-catalog.html
6.32	1	554	20109	synesthetic-flux-console	breath.html
6.32	1	554	16310	hyperclay-editor	son-mod-11.html
6.32	1	553	25741	k2.html	xr-os-11.html
6.32	1	553	24703	k2.html	xr-os-10.html
6.32	1	553	19792	manila-memory-arcade	pin23.html
6.32	1	553	18982	atg-3	cse-03.html
6.32	1	552	29067	tractor-field-notes	Hephaestus Narrative OS/hf-44.html
6.32	1	552	29067	looking-machine	Hephaestus Narrative OS/hf-44.html
6.32	1	552	29067	hephaestus-narrative-os	hf-44.html
6.32	1	552	23944	abc-flix	SWARMS/rl-beflix-coder.html
6.32	1	552	18917	role-deck	opening-03-apprentice-rows.html
6.31	1	551	27480	role-deck	feed-loop-index.html
6.31	1	551	15924	tractor-dce-gyo	onyx-wing.html
6.31	1	550	25346	k2.html	xr-os-15.html
6.31	1	549	21757	abc-flix	TAX-FUTURE/taxonomy-00.html
6.31	1	549	20971	synarchiv	train-proper.html
6.31	1	548	107044	eos	CODEX/codex-uni.html
6.31	1	548	20533	tractor-field-notes	FUSE/gm2.html
6.31	1	548	20533	potters-wheel	FUSE/gm2.html
6.31	1	548	20533	looking-machine	FUSE/gm2.html
6.31	1	548	20533	intron	gm2.html
6.31	1	548	20533	hyperclay-editor	FUSE/gm2.html
6.31	1	548	20533	genoma	FUSE/gm2.html
6.31	1	548	20533	codon	FUSE/gm2.html
6.31	1	548	19869	core-age	multi-move-bones.html
6.31	1	547	27780	ripples	1313.html
6.31	1	547	25119	vibe-crates	k55.html
6.31	1	547	23219	forkit	ch7.html
6.31	1	547	20942	tractor-field-notes	FUSE/fu11.html
6.31	1	547	20942	potters-wheel	FUSE/fu11.html
6.31	1	547	20942	looking-machine	FUSE/fu11.html
6.31	1	547	20942	intron	fu11.html
6.31	1	547	20942	hyperclay-editor	FUSE/fu11.html
6.31	1	547	20942	genoma	FUSE/fu11.html
6.31	1	547	20942	codon	FUSE/fu11.html
6.30	1	546	27366	k2.html	bfs.html
6.30	1	546	20393	tractor-field-notes	FUSE/ecd-u3.html
6.30	1	546	20393	potters-wheel	FUSE/ecd-u3.html
6.30	1	546	20393	looking-machine	FUSE/ecd-u3.html
6.30	1	546	20393	intron	ecd-u3.html
6.30	1	546	20393	hyperclay-editor	FUSE/ecd-u3.html
6.30	1	546	20393	genoma	FUSE/ecd-u3.html
6.30	1	546	20393	codon	FUSE/ecd-u3.html
6.30	1	546	17586	holo-project	viewer-app.js
6.30	1	545	21586	tractor-field-notes	CAN/hyperclay-studio.html
6.30	1	545	21586	looking-machine	CAN/hyperclay-studio.html
6.30	1	545	21586	hyperclay-editor	CAN/hyperclay-studio.html
6.30	1	544	13445	tractor-field-notes	2400_25/lmc2400_enculturation_timeline.html
6.30	1	544	13445	potters-wheel	2400_25/lmc2400_enculturation_timeline.html
6.30	1	544	13445	os-dope	lmc2400_enculturation_timeline.html
6.30	1	544	13445	looking-machine	2400_25/lmc2400_enculturation_timeline.html
6.30	1	544	13445	hyperclay-editor	2400_25/lmc2400_enculturation_timeline.html
6.30	1	543	27129	acm	tm-02.html
6.30	1	543	24875	k2.html	xr-os-14.html
6.30	1	543	20585	wave	wav.html
6.30	1	543	19063	role-deck	opening-04-consent-harvest.html
6.30	1	543	12991	achilles-orchestra	ok-plus.html
6.30	1	542	106872	eos	CODEX/codex-plt.html
6.30	1	542	26493	momsaic	ripple.html
6.30	1	542	14524	manila-memory-arcade	pin21.html
6.30	1	541	36729	liberty-machines	sra-00.html
6.30	1	541	24607	tractor-field-notes	Hephaestus Narrative OS/hn-odd.html
6.30	1	541	24607	looking-machine	Hephaestus Narrative OS/hn-odd.html
6.30	1	541	24607	hephaestus-narrative-os	hn-odd.html
6.30	1	541	23996	tractor-field-notes	FUSE/owe3.html
6.30	1	541	23996	potters-wheel	FUSE/owe3.html
6.30	1	541	23996	looking-machine	FUSE/owe3.html
6.30	1	541	23996	intron	owe3.html
6.30	1	541	23996	hyperclay-editor	FUSE/owe3.html
6.30	1	541	23996	genoma	FUSE/owe3.html
6.30	1	541	23996	codon	FUSE/owe3.html
6.30	1	541	20962	resonome-genetic-archive	morph-field-portal-desktop.html
6.30	1	541	19588	excavator	index.html
6.30	1	541	17167	mythos-canon	MYTHOS-ARCHIVE/essay_synthesis.html
6.29	1	540	39914	abc-flix	TUBE/sensorama_vr_cone_wall_clean_ux.html
6.29	1	540	24697	tractor-field-notes	2400_25/arcas-03-symbolic-biosphere.html
6.29	1	540	24697	potters-wheel	2400_25/arcas-03-symbolic-biosphere.html
6.29	1	540	24697	os-dope	arcas-03-symbolic-biosphere.html
6.29	1	540	24697	looking-machine	2400_25/arcas-03-symbolic-biosphere.html
6.29	1	540	24697	hyperclay-editor	2400_25/arcas-03-symbolic-biosphere.html
6.29	1	539	28050	abc-flix	TUBE/parts/volume.html
6.29	1	539	22697	rosetta-protocol	innis_deep_time_cards_mobile_print_deck_single_file.html
6.29	1	539	22483	tractor-field-notes	FUSE/gm-ooo.html
6.29	1	539	22483	potters-wheel	FUSE/gm-ooo.html
6.29	1	539	22483	looking-machine	FUSE/gm-ooo.html
6.29	1	539	22483	intron	gm-ooo.html
6.29	1	539	22483	hyperclay-editor	FUSE/gm-ooo.html
6.29	1	539	22483	genoma	FUSE/gm-ooo.html
6.29	1	539	22483	codon	FUSE/gm-ooo.html
6.29	1	539	18408	ripples	2124-operative-ontology.html
6.29	1	538	32708	abundant-nes	ai_studio_code - 2025-09-29T055523.212.html
6.29	1	538	27771	tractor-field-notes	Hephaestus Narrative OS/hf-48.html
6.29	1	538	27771	looking-machine	Hephaestus Narrative OS/hf-48.html
6.29	1	538	27771	hephaestus-narrative-os	hf-48.html
6.29	1	538	22388	mp	b.html
6.29	1	538	21188	codex-reader	reader-codex-808.html
6.29	1	538	20882	fish-town	sf-prime.html
6.29	1	538	20243	arkadu	ecology-pro.html
6.29	1	538	18901	crest	crest/vincula.html
6.29	1	538	16339	looking-machine	GAZE/01.html
6.29	1	537	23242	abundant-nes	radio_v2.html
6.29	1	537	18980	eos	OUROBOROS/gaze-explorer-mobile.html
6.29	1	537	15270	trui	intro-saul-bass.html
6.29	1	536	29753	tractor-dce-gyo	sitemap.html
6.29	1	536	24475	angel-meets-algo	b3.html
6.29	1	536	24273	abc-flix	CLAUDE/icaro-ship.html
6.29	1	536	15972	func-sub	dsl-training-grounds.js
6.28	1	535	24918	encoded-power	stuart-hall.html
6.28	1	535	24441	k2.html	xr-os-16.html
6.28	1	535	18405	feedfall	wreck.html
6.28	1	534	32006	dirty-disclosure	dd-01.html
6.28	1	534	28613	haunted-tools	sontag-photo-album-enhanced.html
6.28	1	534	24896	platos-cave	ocular-cosmos.html
6.28	1	534	20676	synarchiv	about.html
6.28	1	534	19622	alien-child	fly-eye-10.html
6.28	1	534	16990	role-deck	opening-01-nutrient-lock.html
6.28	1	534	14136	wh-ripple	orange-ripple-viewer.html
6.28	1	533	37697	abundant-nes	btine_v_2_western_filmmaking_engine_edge_ring_scenes_persistence (3).html
6.28	1	533	26761	tractor-field-notes	Hephaestus Narrative OS/hnz-39.html
6.28	1	533	26761	looking-machine	Hephaestus Narrative OS/hnz-39.html
6.28	1	533	26761	hephaestus-narrative-os	hnz-39.html
6.28	1	533	23767	forkit	ch6.html
6.28	1	533	22958	atg-3	thousand-tetrad.html
6.28	1	533	22345	ripples	1515.html
6.28	1	533	18398	arkadu	ecology-fluid.html
6.28	1	533	16994	1000-small-futures	logos-center.html
6.28	1	532	27090	12-specs	r1.html
6.28	1	532	24342	platos-cave	cards-01.html
6.28	1	532	24221	crest	scenes.html
6.28	1	532	20331	tractor-field-notes	FUSE/g10.html
6.28	1	532	20331	potters-wheel	FUSE/g10.html
6.28	1	532	20331	looking-machine	FUSE/g10.html
6.28	1	532	20331	intron	g10.html
6.28	1	532	20331	hyperclay-editor	FUSE/g10.html
6.28	1	532	20331	genoma	FUSE/g10.html
6.28	1	532	20331	codon	FUSE/g10.html
6.28	1	532	20038	tractor-field-notes	ETHICS INFRASTRUCTURE/index.html
6.28	1	532	20038	looking-machine	ETHICS INFRASTRUCTURE/index.html
6.28	1	532	19529	tractor-field-notes	CAN/hyperclay-blend.html
6.28	1	532	19529	looking-machine	CAN/hyperclay-blend.html
6.28	1	532	19529	hyperclay-editor	CAN/hyperclay-blend.html
6.28	1	531	23230	tractor-field-notes	FUSE/index.html
6.28	1	531	23230	potters-wheel	FUSE/index.html
6.28	1	531	23230	looking-machine	FUSE/index.html
6.28	1	531	23230	intron	index.html
6.28	1	531	23230	hyperclay-editor	FUSE/index.html
6.28	1	531	23230	genoma	FUSE/index.html
6.28	1	531	23230	codon	FUSE/index.html
6.28	1	531	21554	abundant-nes	ai_studio_code - 2025-09-29T060650.719.html
6.28	1	531	20909	crest	living_shield.html
6.28	1	531	20275	text-ure	urn-3/2.html
6.27	1	530	40964	text-ure	text-ure-03.html
6.27	1	530	28069	tractor-field-notes	Hephaestus Narrative OS/hnz-41.html
6.27	1	530	28069	looking-machine	Hephaestus Narrative OS/hnz-41.html
6.27	1	530	28069	hephaestus-narrative-os	hnz-41.html
6.27	1	530	20641	tractor-field-notes	pca/scale-os-victor-demo.html
6.27	1	530	20641	pca	scale-os-victor-demo.html
6.27	1	530	20641	looking-machine	pca/scale-os-victor-demo.html
6.27	1	530	20641	hyperclay-editor	pca/scale-os-victor-demo.html
6.27	1	529	34655	ripples	11.html
6.27	1	529	27131	tractor-field-notes	Hephaestus Narrative OS/hnz-40.html
6.27	1	529	27131	looking-machine	Hephaestus Narrative OS/hnz-40.html
6.27	1	529	27131	hephaestus-narrative-os	hnz-40.html
6.27	1	529	18658	looking-machine	GAZE/bass.html
6.27	1	529	18061	ripples	shield-compiler.html
6.27	1	529	12809	arkadu	shell/terminal.html
6.27	1	528	27661	tractor-field-notes	Hephaestus Narrative OS/hnz-43.html
6.27	1	528	27661	looking-machine	Hephaestus Narrative OS/hnz-43.html
6.27	1	528	27661	hephaestus-narrative-os	hnz-43.html
6.27	1	528	19710	wag-gallery	wag-castle-arch.html
6.27	1	528	18458	leasing-vibes	index.html
6.27	1	528	16485	resonome-genetic-archive	vibe-lab.html
6.27	1	528	15683	ripples	engine/ripples-engine.js
6.27	1	527	24661	acm	tm-01.html
6.27	1	527	18364	manila-memory-arcade	pin27-poem.html
6.27	1	527	17870	ripples	engine/Kimi_Agent_RIPPLES_ Worldtext Theory Summary (1) copy/ripples-suite/archive/1717.html
6.27	1	527	17753	golden-lens	edgar-vision.html
6.27	1	527	16597	abc-flix	TUBE/archive/gemini-code-1777137858420.html
6.27	1	527	16597	abc-flix	TUBE/archive/gemini-code-1777137368469.html
6.27	1	526	27292	tractor-field-notes	Hephaestus Narrative OS/hnz-42.html
6.27	1	526	27292	looking-machine	Hephaestus Narrative OS/hnz-42.html
6.27	1	526	27292	hephaestus-narrative-os	hnz-42.html
6.27	1	526	25926	ripples	16.html
6.27	1	526	24882	volholla	CONSTRUCTORS/CODE THE WORLD/ctw-00.html
6.27	1	526	22741	sense-ritual	story-game.html
6.27	1	526	22291	tractor-field-notes	pca/surreal-os-victor-index.html
6.27	1	526	22291	pca	surreal-os-victor-index.html
6.27	1	526	22291	looking-machine	pca/surreal-os-victor-index.html
6.27	1	526	22291	hyperclay-editor	pca/surreal-os-victor-index.html
6.27	1	526	20140	synarchiv	Iso-Memory-Vault.html
6.27	1	526	18260	wave	protocol-brown.html
6.27	1	525	36423	role-deck	work_sense_agronica_integrated_tui_single_file (1).html
6.27	1	525	24295	shoot-is-program	ai_studio_code - 2025-09-18T131149.302.html
6.27	1	525	20179	nexadoc-jar	nd-01.html
6.27	1	525	19955	wave	syz.html
6.27	1	525	15858	opek	UNDERSTANDING AI/generate_ai_kim_comic.py
6.26	1	524	23198	tractor-field-notes	FUSE/gm4.html
6.26	1	524	23198	potters-wheel	FUSE/gm4.html
6.26	1	524	23198	looking-machine	FUSE/gm4.html
6.26	1	524	23198	intron	gm4.html
6.26	1	524	23198	hyperclay-editor	FUSE/gm4.html
6.26	1	524	23198	genoma	FUSE/gm4.html
6.26	1	524	23198	codon	FUSE/gm4.html
6.26	1	524	18969	tractor-field-notes	FUSE/g13.html
6.26	1	524	18969	potters-wheel	FUSE/g13.html
6.26	1	524	18969	looking-machine	FUSE/g13.html
6.26	1	524	18969	intron	g13.html
6.26	1	524	18969	hyperclay-editor	FUSE/g13.html
6.26	1	524	18969	genoma	FUSE/g13.html
6.26	1	524	18969	codon	FUSE/g13.html
6.26	1	524	18086	tractor-field-notes	FUSE/fu10.html
6.26	1	524	18086	potters-wheel	FUSE/fu10.html
6.26	1	524	18086	looking-machine	FUSE/fu10.html
6.26	1	524	18086	intron	fu10.html
6.26	1	524	18086	hyperclay-editor	FUSE/fu10.html
6.26	1	524	18086	genoma	FUSE/fu10.html
6.26	1	524	18086	codon	FUSE/fu10.html
6.26	1	524	15741	core-age	lego-auto-mapper.html
6.26	1	523	122607	mother-of-invention	index.html
6.26	1	523	15618	looking-machine	GAZE/film-harness-01-10.html
6.26	1	522	18785	tractor-field-notes	FUSE/m1.html
6.26	1	522	18785	potters-wheel	FUSE/m1.html
6.26	1	522	18785	looking-machine	FUSE/m1.html
6.26	1	522	18785	intron	m1.html
6.26	1	522	18785	hyperclay-editor	FUSE/m1.html
6.26	1	522	18785	genoma	FUSE/m1.html
6.26	1	522	18785	codon	FUSE/m1.html
6.26	1	522	16395	sense-ritual	m-crusher-05.html
6.26	1	521	24253	k2.html	xr-os-12.html
6.26	1	521	23423	tractor-dce-gyo	brick-create.html
6.26	1	521	18102	tractor-dce-gyo	conveyor.html
6.26	1	520	23072	nexadoc-jar	nd-03.html
6.26	1	520	23017	unthinkable-media	temporal_sculptor_gear_editor_web_m_export.html
6.26	1	520	23017	tractor-field-notes	POTTERS_WHEEL/temporal_sculptor_gear_editor_web_m_export.html
6.26	1	520	23017	potters-wheel	POTTERS_WHEEL/temporal_sculptor_gear_editor_web_m_export.html
6.26	1	520	23017	looking-machine	POTTERS_WHEEL/temporal_sculptor_gear_editor_web_m_export.html
6.26	1	520	23017	hyperclay-editor	POTTERS_WHEEL/temporal_sculptor_gear_editor_web_m_export.html
6.26	1	520	18058	resonome-genetic-archive	rosa-tetra-form.html
6.26	1	520	15457	trails-and-crates	index.html
6.25	1	519	36137	abundant-nes	bullet_time_mobile_unthinkable_v_2_mobile_first_bret_victor_refactor (2).html
6.25	1	519	22274	soul-mansion	m1.html
6.25	1	519	20482	wh-ripple	generate-genome-patches.py
6.25	1	519	19644	mother-of-invention	ccru.html
6.25	1	519	15935	core-age	wag-frank-olog.html
6.25	1	518	30871	encoded-power	code-cracker.html
6.25	1	518	25409	rosetta-protocol	champ_1970_s_tv_presentation_single_file_mobile_first.html
6.25	1	518	19361	nexadoc-jar	nd-14-text-automata.html
6.25	1	518	18678	manila-memory-arcade	pin09-mtpp.html
6.25	1	518	18029	hyperclay-editor	son-mod-04.html
6.25	1	517	52483	ripples	app/src/data/latentLibrary.ts
6.25	1	517	20688	abc-flix	TUBE/parts/mask.html
6.25	1	517	18766	k2.html	rlm/composer.py
6.25	1	517	14565	fourth-shield	forge/page-1.html
6.25	1	516	28539	text-ure	poml-ide.html
6.25	1	516	27131	gene	docs.html
6.25	1	516	22495	tractor-field-notes	FUSE/gs4.html
6.25	1	516	22495	potters-wheel	FUSE/gs4.html
6.25	1	516	22495	looking-machine	FUSE/gs4.html
6.25	1	516	22495	intron	gs4.html
6.25	1	516	22495	hyperclay-editor	FUSE/gs4.html
6.25	1	516	22495	genoma	FUSE/gs4.html
6.25	1	516	22495	codon	FUSE/gs4.html
6.25	1	516	11831	ripples	engine/Kimi_Agent_RIPPLES_ Worldtext Theory Summary (1) copy/ripples-latent-prompt/index.html
6.25	1	515	19518	forkit	a1.html
6.24	1	513	44818	unthinkable-media	hyperclay_fusion_wheel_option_2_all_out_poc (6).html
6.24	1	513	44818	tractor-field-notes	POTTERS_WHEEL/hyperclay_fusion_wheel_option_2_all_out_poc (6).html
6.24	1	513	44818	potters-wheel	POTTERS_WHEEL/hyperclay_fusion_wheel_option_2_all_out_poc (6).html
6.24	1	513	44818	looking-machine	POTTERS_WHEEL/hyperclay_fusion_wheel_option_2_all_out_poc (6).html
6.24	1	513	44818	hyperclay-editor	POTTERS_WHEEL/hyperclay_fusion_wheel_option_2_all_out_poc (6).html
6.24	1	513	27608	feedfall	vs-stty.html
6.24	1	513	20904	core-age	gar-tao-explainer.html
6.24	1	513	19544	nothing-ritual	REPORT-NOTHING-RITUAL/NOTHING-RITUAL-04/app.js
6.24	1	513	16033	func-sub	t3.html
6.24	1	512	52266	abc-flix	TUBE/sensorama_vr_timeline_geometry.html
6.24	1	512	27856	abundant-nes	spuddy_improved_single_file_html_v_2 (1).html
6.24	1	512	23964	rosetta-protocol	ai_studio_code - 2025-09-25T014846.542.html
6.24	1	512	17165	eos	OUROBOROS/film-gaze-snake.html
6.24	1	511	29766	abundant-nes	ai_studio_code - 2025-09-29T062400.817.html
6.24	1	511	18300	golden-lens	edgar-db.html
6.24	1	511	11511	arkadu	voronoi-test.html
6.24	1	510	40080	abundant-nes	bullet_time_mobile_unthinkable_v_2_mobile_first_bret_victor_refactor (3).html
6.24	1	510	23211	abundant-nes	echoes_algorithms_performance_lecture_single_file.html
6.24	1	510	17990	text-ure	urn-3/13.html
6.23	1	509	25539	momsaic	op.html
6.23	1	509	21350	tractor-field-notes	FUSE/fu6.html
6.23	1	509	21350	potters-wheel	FUSE/fu6.html
6.23	1	509	21350	looking-machine	FUSE/fu6.html
6.23	1	509	21350	intron	fu6.html
6.23	1	509	21350	hyperclay-editor	FUSE/fu6.html
6.23	1	509	21350	genoma	FUSE/fu6.html
6.23	1	509	21350	codon	FUSE/fu6.html
6.23	1	508	24721	angel-meets-algo	e0.html
6.23	1	508	22118	abc-flix	TAX-FUTURE/taxonomy-04.html
6.23	1	508	17319	tractor-dce-gyo	homer-step1-swiss-frank-courage.html
6.23	1	508	17244	role-deck	opening-02-first-fruit.html
6.23	1	508	16918	ripples	2222-living-lattice.html
6.23	1	507	41285	tractor-field-notes	2400_25/arcas-04-lineage-game-clicky.html
6.23	1	507	41285	potters-wheel	2400_25/arcas-04-lineage-game-clicky.html
6.23	1	507	41285	os-dope	arcas-04-lineage-game-clicky.html
6.23	1	507	41285	looking-machine	2400_25/arcas-04-lineage-game-clicky.html
6.23	1	507	41285	hyperclay-editor	2400_25/arcas-04-lineage-game-clicky.html
6.23	1	507	25540	momsaic	nomz.html
6.23	1	507	21793	life-star	life-star/3.html
6.23	1	507	21793	life-star	life-star/2.html
6.23	1	507	15379	gob	asclepius-hub-analysis.html
6.23	1	507	15379	gaze	asclepius-hub-analysis.html
6.23	1	506	24962	haunted-tools	bell_labs_science_kits_crystallography_mid_century.html
6.23	1	506	21273	wave	wave-cat.html
6.23	1	505	18828	tractor-field-notes	FUSE/gm9.html
6.23	1	505	18828	potters-wheel	FUSE/gm9.html
6.23	1	505	18828	looking-machine	FUSE/gm9.html
6.23	1	505	18828	intron	gm9.html
6.23	1	505	18828	hyperclay-editor	FUSE/gm9.html
6.23	1	505	18828	genoma	FUSE/gm9.html
6.23	1	505	18828	codon	FUSE/gm9.html
6.23	1	505	15457	meets	adapt-index.html
6.22	1	504	31117	tractor-field-notes	2400_25/real-cal.html
6.22	1	504	31117	potters-wheel	2400_25/real-cal.html
6.22	1	504	31117	os-dope	real-cal.html
6.22	1	504	31117	looking-machine	2400_25/real-cal.html
6.22	1	504	31117	hyperclay-editor	2400_25/real-cal.html
6.22	1	504	27836	text-ure	urn-3/7.html
6.22	1	504	18974	wave	crate-king.html
6.22	1	503	22674	witt	crit-aud.html
6.22	1	502	35240	abc-flix	TUBE/icaro-slice-court-1.html
6.22	1	502	25679	abundant-nes	muybridge_bullet_time_media_for_thinking_the_unthinkable_mobile (1).html
6.22	1	502	22054	opek	OPERATIVES/generate_deep_pres.py
6.22	1	502	21792	tractor-field-notes	FUSE/f4.html
6.22	1	502	21792	potters-wheel	FUSE/f4.html
6.22	1	502	21792	looking-machine	FUSE/f4.html
6.22	1	502	21792	intron	f4.html
6.22	1	502	21792	hyperclay-editor	FUSE/f4.html
6.22	1	502	21792	genoma	FUSE/f4.html
6.22	1	502	21792	codon	FUSE/f4.html
6.22	1	502	15883	tractor-field-notes	ETHICS INFRASTRUCTURE/ethics_infra_hub (7).html
6.22	1	502	15883	looking-machine	ETHICS INFRASTRUCTURE/ethics_infra_hub (7).html
6.22	1	502	15883	ethics-infrastructure	ethics_infra_hub (7).html
6.22	1	502	14688	tractor-dce-gyo	sitemap-evolution-lite.html
6.22	1	501	18369	resonome-genetic-archive	euler-oscillator.html
6.22	1	500	41664	abundant-nes	ai_studio_code - 2025-09-25T152537.831.html
6.22	1	500	35496	angel-meets-algo	novus-assembly.html
6.22	1	500	12538	sense-ritual	garden-party.html
6.22	1	500	11084	ripples	engine/Kimi_Agent_RIPPLES_ Worldtext Theory Summary (1) copy/ripples-core/public/index.html
6.21	1	499	25743	witt	con.html
6.21	1	499	22217	platos-cave	seeing-02.html
6.21	1	499	21748	tractor-field-notes	pca/archive-os-victor-demo.html
6.21	1	499	21748	pca	archive-os-victor-demo.html
6.21	1	499	21748	looking-machine	pca/archive-os-victor-demo.html
6.21	1	499	21748	hyperclay-editor	pca/archive-os-victor-demo.html
6.21	1	499	17357	opek	UNDERSTANDING AI/ai-kim-comic.html
6.21	1	499	16770	core-age	wag-frank-studio.html
6.21	1	498	24012	growing-entanglements	watts_strogatz_small_world_paper_with_code_single_file_html.html
6.21	1	498	23296	haunted-tools	ethical_explorer_pack_caution_ui_single.html
6.21	1	498	17902	opek	UNDERSTANDING AI/generate_ai_vector_comic.py
6.21	1	498	15649	myth-as-os	kayfabe_presentation.html
6.21	1	498	12457	wh-ripple	about-watson.html
6.21	1	497	26084	metisim	index-launcher-v5.html
6.21	1	497	25878	momsaic	nomx.html
6.21	1	497	22247	myth-engine	tow/kw43.html
6.21	1	497	21307	abundant-nes	vol_stacks_isometric_sequencer_demo_single_file_canvas.html
6.21	1	497	19353	core-age	brick-haven-central.html
6.21	1	497	15603	hyperclay-editor	son-mod-07.html
6.21	1	497	14506	sense-ritual	garden-comet.html
6.21	1	496	27962	smith-deck	new.html
6.21	1	496	27962	prompt-smith	new.html
6.21	1	496	19899	k2.html	ol-03.html
6.21	1	496	18200	tractor-dce-gyo	Brickfilm_Studio_Kit/REALITY MEDIA_MOMENTO/dynamic-camera.html
6.21	1	496	15286	the-fork	RAILWAY GAME/CORE-train-brain.js
6.21	1	495	29648	growing-entanglements	axelrod_cultural_dissemination_paper_with_code_single_file.html
6.21	1	495	24088	haunted-tools	brainiac_kit_1959_schematic.html
6.21	1	495	17983	k2.html	rlm/dataset_loaders.py
6.21	1	495	16189	the-fork	RAILWAY GAME/railway-simplified.html
6.20	1	494	40083	abundant-nes	bullet_time_mobile_unthinkable_v_2_mobile_first_bret_victor_refactor (4).html
6.20	1	494	32178	ripples	10.html
6.20	1	494	24531	cage	linguistic-perception-loom.zip/index.html
6.20	1	494	24531	cage	index.html
6.20	1	494	22501	tractor-field-notes	FUSE/gf4.html
6.20	1	494	22501	potters-wheel	FUSE/gf4.html
6.20	1	494	22501	looking-machine	FUSE/gf4.html
6.20	1	494	22501	intron	gf4.html
6.20	1	494	22501	hyperclay-editor	FUSE/gf4.html
6.20	1	494	22501	genoma	FUSE/gf4.html
6.20	1	494	22501	codon	FUSE/gf4.html
6.20	1	494	21350	life-star	life-star/8.html
6.20	1	494	20147	mythos-canon	MYTHOS-ARCHIVE/KITES/family-of-one/app.js
6.20	1	494	20147	mythos-canon	MYTHOS-ARCHIVE/KITES/app_1.js
6.20	1	494	20147	mythos-canon	MYTHOS-ARCHIVE/KITES/app.js
6.20	1	493	27303	haunted-tools	du_boisian_visualization_toolkit_single.html
6.20	1	493	25998	tractor-field-notes	2400_25/bateson-01-BET.html
6.20	1	493	25998	potters-wheel	2400_25/bateson-01-BET.html
6.20	1	493	25998	os-dope	bateson-01-BET.html
6.20	1	493	25998	looking-machine	2400_25/bateson-01-BET.html
6.20	1	493	25998	hyperclay-editor	2400_25/bateson-01-BET.html
6.20	1	493	23863	ripples	ripples-03.html
6.20	1	493	23733	sense-ritual	a1.html
6.20	1	493	20997	abc-flix	TAX-FUTURE/taxonomy-02.html
6.20	1	492	33782	abundant-nes	btine_v_2_western_filmmaking_engine_edge_ring_scenes_persistence.html
6.20	1	492	33782	abundant-nes	btine_v_2_western_filmmaking_engine_edge_ring_scenes_persistence (2).html
6.20	1	492	33782	abundant-nes	btine_v_2_western_filmmaking_engine_edge_ring_scenes_persistence (1).html
6.20	1	492	22488	k2.html	xr-os-09.html
6.20	1	492	19626	tractor-field-notes	FUSE/gs3.html
6.20	1	492	19626	potters-wheel	FUSE/gs3.html
6.20	1	492	19626	looking-machine	FUSE/gs3.html
6.20	1	492	19626	intron	gs3.html
6.20	1	492	19626	hyperclay-editor	FUSE/gs3.html
6.20	1	492	19626	genoma	FUSE/gs3.html
6.20	1	492	19626	codon	FUSE/gs3.html
6.20	1	492	17065	nexadoc-jar	nd-08.html
6.20	1	492	15295	the-project	shield-movie-player.html
6.20	1	492	14280	hyperclay-editor	son-mod-10.html
6.20	1	491	15979	text-ure	urn-3/5.html
6.20	1	491	15516	ripples	2121-worldtext-display.html
6.20	1	490	28850	smith-deck	smith-radio.html
6.20	1	490	28850	prompt-smith	smith-radio.html
6.20	1	490	24642	tractor-field-notes	Hephaestus Narrative OS/hnz-38.html
6.20	1	490	24642	looking-machine	Hephaestus Narrative OS/hnz-38.html
6.20	1	490	24642	hephaestus-narrative-os	hnz-38.html
6.20	1	490	24266	dirty-disclosure	dd-index.html
6.19	1	489	21120	life-star	life-star/9.html
6.19	1	489	16322	alien-child	alien-grid-viewer.html
6.19	1	489	14990	synesthetic-flux-console	sonic-mandala.html
6.19	1	488	38980	abc-flix	TUBE/archive/preview (31).html
6.19	1	488	26608	liberty-machines	bs-01.html
6.19	1	488	22594	vibe-crates	ship-01.html
6.19	1	488	22527	abundant-nes	geo_tetrad_cultural_os_mobile_first_fullscreen_sound.html
6.19	1	488	19931	life-star	life-star/7.html
6.19	1	488	17295	feedfall	multi-mode.html
6.19	1	488	16811	ripples	2123-unified-engine.html
6.19	1	488	13113	arkadu	chamber-nested.html
6.19	1	487	22928	text-ure	text-ure-cascade.html
6.19	1	487	17468	crest	SHIELD/01.html
6.19	1	487	16876	arkadu	ca-erode-accrete.html
6.19	1	487	15033	mythos-canon	mythos_vibe_viewer.html
6.19	1	486	1283730	operation-describe	Operative Ekphrasis, Thick Description/files/3292/7705.html
6.19	1	486	19530	abundant-nes	apple_soviet_kruger_odometer_index.html
6.19	1	486	18069	synarchiv	railway-engineering.html
6.19	1	486	15590	tractor-dce-gyo	mpd-validator.html
6.19	1	485	35103	abundant-nes	vol_media_decks_v_19_stack_symmetric_hud_clear_alley (1).html
6.19	1	485	22971	haunted-tools	method_kit_decks_neutral_card_grid_single.html
6.18	1	484	29347	abc-flix	TUBE/archive/arc_tunnel_operator_full_single_file (1).html
6.18	1	484	19396	abc-flix	TAX-FUTURE/taxonomy-06.html
6.18	1	484	19103	synarchiv	iso-drawer.html
6.18	1	484	16650	forkit	ch4.html
6.18	1	484	16647	nothing-ritual	k02-nothing-ritual-04.html
6.18	1	483	39468	myth-engine	MYTH-ENGINE-OS.html
6.18	1	483	22716	echoes-algos	sound-engine.html
6.18	1	483	22716	abundant-nes	echoes_algorithms_experimental_soundtrack_engine_single_file.html
6.18	1	482	27218	abundant-nes	ai_studio_code - 2025-09-29T061225.796.html
6.18	1	482	23580	media-shaper-2400	eno_windchime_garden_real_canvas_single_file.html
6.18	1	482	20677	life-star	life-star/11.html
6.18	1	481	20445	life-star	life-star/4.html
6.18	1	480	33991	abundant-nes	bullet_time_mobile_unthinkable_v_2_mobile_first_bret_victor_refactor (1).html
6.18	1	480	25780	abc-flix	icaro-spo.html
6.18	1	480	19805	aura-after-copies	aura_after_copies_categorical_field_theory_self_contained_html.html
6.18	1	480	19805	angel-meets-algo	a0.html
6.18	1	480	18644	opek	UNDERSTANDING AI/ai-deep-comic.html
6.18	1	480	17444	sense-ritual	FOOD/swipe-food-bread.html
6.18	1	480	14385	core-age	pathology-report-viewer.html
6.17	1	479	33249	encoded-power	TETRAFORMER/tactic.html
6.17	1	479	24832	fish-town	f-tide-00.html
6.17	1	479	20847	tractor-field-notes	FUSE/fu7.html
6.17	1	479	20847	potters-wheel	FUSE/fu7.html
6.17	1	479	20847	looking-machine	FUSE/fu7.html
6.17	1	479	20847	intron	fu7.html
6.17	1	479	20847	hyperclay-editor	FUSE/fu7.html
6.17	1	479	20847	genoma	FUSE/fu7.html
6.17	1	479	20847	codon	FUSE/fu7.html
6.17	1	479	16128	manila-memory-arcade	pin14-rpag.html
6.17	1	479	15913	ripples	1919-operative-sequencer.html
6.17	1	478	26971	acm	tm-00.html
6.17	1	478	25185	mythos-canon	MYTHOS-ARCHIVE/MYTHOS-MASTER-DEFENSE-VAC-INTEGRATED.html
6.17	1	478	18824	abc-flix	TAX-FUTURE/gemini-code-1777059913357.html
6.17	1	478	16790	arkadu	accuracy-proof.html
6.17	1	477	20444	momsaic	nam.html
6.17	1	477	17987	1000-small-futures	CONTEXTUAL_TOUR.js
6.17	1	477	15801	func-sub	dsl-02.html
6.17	1	476	21917	rosetta-protocol	sharpen_hone_index_viewer_single_file_html.html
6.17	1	476	17836	text-ure	urn-3/9.html
6.17	1	475	22287	abc-flix	TAX-FUTURE/quad-slice-good.html
6.17	1	475	18035	nexadoc-jar	nd-09.html
6.17	1	475	16750	manila-memory-arcade	pin-30-sounds-good.html
6.17	1	475	14366	hyperclay-editor	son-mod-08.html
6.16	1	474	25887	haunted-tools	metaphors_toolkit_collage_cards_activities_inline.html
6.16	1	473	33251	acm	cardbank.html
6.16	1	473	21926	itinerant-prompt	sovereign_almanack.html
6.16	1	473	21042	crest	crest/action-over-words.html
6.16	1	473	20854	opek	UNDERSTANDING AI/ai-vector-comic.html
6.16	1	473	19781	life-star	life-star/5.html
6.16	1	473	16116	tractor-dce-gyo	onyx-studio-slides.html
6.16	1	472	35989	abundant-nes	bullet_time_camera_array_mobile_cinematic_debug_single_file.html
6.16	1	472	32862	myth-as-os	barthes_world_of_wrestling_saul_bass_concrete_poetry_deck (1).html
6.16	1	472	29455	trails-and-crates	trails.html
6.16	1	472	22719	abundant-nes	tetrad_tetrahedron_engine_single_file_html_css_js_three.html
6.16	1	472	19243	wa	PROJECT-HOME.html
6.16	1	471	39220	abundant-nes	bullet_time_mobile_unthinkable_v_2_mobile_first_bret_victor_refactor (6).html
6.16	1	471	39220	abundant-nes	bullet_time_mobile_unthinkable_v_2_mobile_first_bret_victor_refactor (5).html
6.16	1	471	23862	witt	witt-prop.html
6.16	1	471	20208	ripples	44.html
6.16	1	471	15093	arkadu	strata-deep.html
6.15	1	470	19417	jdb-ripple-remix	ripple-ai.js
6.15	1	470	19372	life-star	life-star/1.html
6.15	1	470	19140	role-deck	farmos-ecosystem.html
6.15	1	470	17773	wa	ldraw-scene-composer.js
6.15	1	469	24035	abundant-nes	orca_deck_predator_paradox_update_single_file_html.html
6.15	1	469	23690	encoded-power	die-on-a-hill.html
6.15	1	469	20002	ripples	audio/orca/desktop/sources/scripts/client.js
6.15	1	469	16499	the-fork	TRAINING GROUND/index.html
6.15	1	468	44874	who-owns-the-feed	ds-02.html
6.15	1	468	15817	manila-memory-arcade	pin08-gvm.html
6.15	1	468	14867	role-deck	character-gallery.html
6.15	1	468	13749	the-fork	TRAINING GROUND/VISUAL-GUIDE.html
6.15	1	468	13700	tractor-field-notes	ETHICS INFRASTRUCTURE/ethics_infra_hub (2).html
6.15	1	468	13700	looking-machine	ETHICS INFRASTRUCTURE/ethics_infra_hub (2).html
6.15	1	468	13700	ethics-infrastructure	ethics_infra_hub (2).html
6.15	1	467	34254	feedfall	vs-stacker.html
6.15	1	467	34254	feedfall	video-01.html
6.15	1	467	29657	shoot-is-program	ai_studio_code - 2025-09-18T132452.819.html
6.15	1	467	21772	itinerant-prompt	emergent_almanack.html
6.15	1	467	19844	tractor-field-notes	pca/anomaly-os-victor-demo.html
6.15	1	467	19844	pca	anomaly-os-victor-demo.html
6.15	1	467	19844	looking-machine	pca/anomaly-os-victor-demo.html
6.15	1	467	19844	hyperclay-editor	pca/anomaly-os-victor-demo.html
6.15	1	467	19184	achilles-orchestra	PROCESS/archive_car_threejs (2).html
6.15	1	467	18829	tractor-dce-gyo	Brickfilm_Studio_Kit/REALITY MEDIA_MOMENTO/index_hub.html
6.15	1	467	14733	myth-engine	tow/lpw-00.html
6.15	1	466	19000	tractor-field-notes	pca/morph-os-victor-demo.html
6.15	1	466	19000	pca	morph-os-victor-demo.html
6.15	1	466	19000	looking-machine	pca/morph-os-victor-demo.html
6.15	1	466	19000	hyperclay-editor	pca/morph-os-victor-demo.html
6.15	1	466	18230	metisim	index-launcher-v2.html
6.15	1	466	16850	text-ure	urn-3/6.html
6.15	1	466	16007	ripples	engine/Kimi_Agent_RIPPLES_ Worldtext Theory Summary (1) copy/ripples-core/src/interface/App.js
6.14	1	465	18671	k2.html	ol-02.html
6.14	1	465	17492	wave	fugue-01.html
6.14	1	464	27704	witt	anti.html
6.14	1	464	26056	shoot-is-program	flusser_episodes_mobile_presentation_player.html
6.14	1	464	26056	shoot-is-program	flusser_episodes_mobile_presentation_player (1).html
6.14	1	464	19298	tractor-field-notes	FUSE/ecd10.html
6.14	1	464	19298	potters-wheel	FUSE/ecd10.html
6.14	1	464	19298	looking-machine	FUSE/ecd10.html
6.14	1	464	19298	intron	ecd10.html
6.14	1	464	19298	hyperclay-editor	FUSE/ecd10.html
6.14	1	464	19298	genoma	FUSE/ecd10.html
6.14	1	464	19298	codon	FUSE/ecd10.html
6.14	1	464	17389	tractor-field-notes	DYAD/analyze-themes.js
6.14	1	464	17389	looking-machine	DYAD/analyze-themes.js
6.14	1	464	17389	dyad	analyze-themes.js
6.14	1	463	48943	unthinkable-media	hyperclay_fusion_wheel_option_2_linear_export_hi_q_sonic_haptic-BETTER.html
6.14	1	463	48943	tractor-field-notes	POTTERS_WHEEL/hyperclay_fusion_wheel_option_2_linear_export_hi_q_sonic_haptic-BETTER.html
6.14	1	463	48943	potters-wheel	POTTERS_WHEEL/hyperclay_fusion_wheel_option_2_linear_export_hi_q_sonic_haptic-BETTER.html
6.14	1	463	48943	looking-machine	POTTERS_WHEEL/hyperclay_fusion_wheel_option_2_linear_export_hi_q_sonic_haptic-BETTER.html
6.14	1	463	48943	hyperclay-editor	POTTERS_WHEEL/hyperclay_fusion_wheel_option_2_linear_export_hi_q_sonic_haptic-BETTER.html
6.14	1	463	24187	abundant-nes	orca_deck_predator_paradox_update_single_file_html (3).html
6.14	1	463	18773	itinerant-prompt	skeptical_almanack.html
6.14	1	463	18510	abc-flix	TUBE/archive/gemini-code-1777072354415.html
6.14	1	463	18510	abc-flix	TAX-FUTURE/gemini-code-1777063156713.html
6.14	1	463	15526	arkadu	ecology-spatial.html
6.14	1	463	14982	golden-lens	edgar-obj.html
6.14	1	462	30984	iran-sugarscape-scholars-canvas	index.html
6.14	1	462	21091	abundant-nes	ai_studio_code - 2025-09-29T060923.271.html
6.14	1	462	19369	life-star	life-star/10.html
6.14	1	462	15587	k2.html	a1.html
6.14	1	461	24607	growing-entanglements	schelling_segregation_paper_with_code_single_file.html
6.14	1	461	13119	sr-os	index.html
6.13	1	460	38865	venn-32	stack_index_minimal_preview_single_file_html (6).html
6.13	1	460	38865	abundant-nes	stack_index_minimal_preview_single_file_html (6).html
6.13	1	460	24228	angel-meets-algo	e1.html
6.13	1	460	17501	pretext-cave	demos/cartesian-breach-v2.ts
6.13	1	459	26502	angel-meets-algo	c2.html
6.13	1	459	23106	abundant-nes	muybridge_bullet_time_media_for_thinking_the_unthinkable_mobile.html
6.13	1	459	21907	media-surfer	evolutionary-ledgers-presentation.html
6.13	1	459	19079	achilles-orchestra	PROCESS/archive_car_threejs.html
6.13	1	459	19079	achilles-orchestra	PROCESS/archive_car_threejs (1).html
6.13	1	459	18308	abc-flix	harness-pt.html
6.13	1	459	12745	func-sub	video-showcase.html
6.13	1	458	28050	venn-32	volumetric_venn_cubes_mobile_draggable_dock.html
6.13	1	458	28050	abundant-nes	volumetric_venn_cubes_mobile_draggable_dock.html
6.13	1	458	21170	itinerant-prompt	operative_almanack.html
6.13	1	458	18933	resonome-genetic-archive	morph-field-portal-00.html
6.13	1	458	17183	tractor-field-notes	FUSE/f2.html
6.13	1	458	17183	potters-wheel	FUSE/f2.html
6.13	1	458	17183	looking-machine	FUSE/f2.html
6.13	1	458	17183	intron	f2.html
6.13	1	458	17183	hyperclay-editor	FUSE/f2.html
6.13	1	458	17183	genoma	FUSE/f2.html
6.13	1	458	17183	codon	FUSE/f2.html
6.13	1	458	16718	synarchiv	train-physics-v2.html
6.13	1	457	27270	rosetta-protocol	ai_studio_code - 2025-09-25T031552.795.html
6.12	1	456	22146	tractor-field-notes	FUSE/ecd1.html
6.12	1	456	22146	potters-wheel	FUSE/ecd1.html
6.12	1	456	22146	looking-machine	FUSE/ecd1.html
6.12	1	456	22146	intron	ecd1.html
6.12	1	456	22146	hyperclay-editor	FUSE/ecd1.html
6.12	1	456	22146	genoma	FUSE/ecd1.html
6.12	1	456	22146	codon	FUSE/ecd1.html
6.12	1	456	15898	ripples	2020-autonomic-system.html
6.12	1	456	15079	hyperclay-editor	son-mod-13.html
6.12	1	456	9963	mythos-canon	MYTHOS-ARCHIVE/FILM/film-player.html
6.12	1	455	27633	dirty-disclosure	index.html
6.12	1	455	19959	liberty-machines	sra-01.html
6.12	1	455	15999	abc-flix	TUBE/archive/sensorama_projector_responsive_single_file.html
6.12	1	455	15882	nexadoc-jar	nd-13-cylindrical-automata.html
6.12	1	455	14343	the-project	gallery-v4.html
6.12	1	455	13305	ripples	engine/Kimi_Agent_RIPPLES_ Worldtext Theory Summary (1) copy/ripples-suite/engine/equipment/rendering-layers.js
6.12	1	455	12781	wave	wave-kids.html
6.12	1	454	26174	mythos-canon	MYTHOS-ARCHIVE/GIVE-ESSAY-LIBERATION.html
6.12	1	454	20513	tractor-field-notes	FUSE/ecd20.html
6.12	1	454	20513	potters-wheel	FUSE/ecd20.html
6.12	1	454	20513	looking-machine	FUSE/ecd20.html
6.12	1	454	20513	intron	ecd20.html
6.12	1	454	20513	hyperclay-editor	FUSE/ecd20.html
6.12	1	454	20513	genoma	FUSE/ecd20.html
6.12	1	454	20513	codon	FUSE/ecd20.html
6.12	1	454	20408	tractor-field-notes	FUSE/ecd18.html
6.12	1	454	20408	potters-wheel	FUSE/ecd18.html
6.12	1	454	20408	looking-machine	FUSE/ecd18.html
6.12	1	454	20408	intron	ecd18.html
6.12	1	454	20408	hyperclay-editor	FUSE/ecd18.html
6.12	1	454	20408	genoma	FUSE/ecd18.html
6.12	1	454	20408	codon	FUSE/ecd18.html
6.12	1	454	18449	wa	ldraw-topo-art-generator.js
6.12	1	454	18050	role-deck	tilth-almanac.html
6.12	1	454	17684	wa	topo-showcase.html
6.12	1	453	22886	text-ure	shield 3/4.html
6.12	1	453	18456	abundant-nes	hypnosis_clock_odometer_single_file_index.html
6.12	1	452	20054	itinerant-prompt	agentic_almanack.html
6.12	1	452	15182	nexadoc-jar	index.html
6.11	1	451	22570	tractor-field-notes	FUSE/gf5.html
6.11	1	451	22570	potters-wheel	FUSE/gf5.html
6.11	1	451	22570	looking-machine	FUSE/gf5.html
6.11	1	451	22570	intron	gf5.html
6.11	1	451	22570	hyperclay-editor	FUSE/gf5.html
6.11	1	451	22570	genoma	FUSE/gf5.html
6.11	1	451	22570	codon	FUSE/gf5.html
6.11	1	451	21131	itinerant-prompt	relational_almanack.html
6.11	1	451	20474	encoded-power	algo-reflections.html
6.11	1	451	13034	wave	wse-kids.html
6.11	1	450	30676	unthinkable-media	hyperclay_fusion_wheel_3_d_mvp_prototype.html
6.11	1	450	30676	tractor-field-notes	POTTERS_WHEEL/hyperclay_fusion_wheel_3_d_mvp_prototype.html
6.11	1	450	30676	potters-wheel	POTTERS_WHEEL/hyperclay_fusion_wheel_3_d_mvp_prototype.html
6.11	1	450	30676	looking-machine	POTTERS_WHEEL/hyperclay_fusion_wheel_3_d_mvp_prototype.html
6.11	1	450	30676	hyperclay-editor	POTTERS_WHEEL/hyperclay_fusion_wheel_3_d_mvp_prototype.html
6.11	1	450	30242	tractor-dce-gyo	hello-world-reversed.html
6.11	1	450	21847	abundant-nes	temporal_hypertetrahedron (7).html
6.11	1	450	13459	core-age	frank-base.js
6.11	1	449	31243	ripples	15.html
6.11	1	449	23955	smith-deck	index-min-alt.html
6.11	1	449	23955	prompt-smith	index-min-alt.html
6.11	1	449	23954	moto	smith-deck-min-alt.html
6.11	1	449	23336	witt	rup.html
6.11	1	449	19493	witt	rg-mn-23.html
6.11	1	449	10167	arkadu	stereo-decks.html
6.11	1	448	23179	vol-air	volholla_single_file_b_b_website_index (1).html
6.11	1	448	23179	tractor-field-notes	VOLHOLLA_AIR/volholla_single_file_b_b_website_index (1).html
6.11	1	448	23179	looking-machine	VOLHOLLA_AIR/volholla_single_file_b_b_website_index (1).html
6.11	1	448	23179	hyperclay-editor	VOLHOLLA_AIR/volholla_single_file_b_b_website_index (1).html
6.11	1	448	18063	forkit	ch8.html
6.11	1	448	12890	arkadu	chamber-explorer.html
6.10	1	447	35136	venn-32	stack_index_minimal_preview_single_file_html (5).html
6.10	1	447	35136	abundant-nes	stack_index_minimal_preview_single_file_html (5).html
6.10	1	447	20050	tractor-field-notes	2400_25/calendar-ticker.html
6.10	1	447	20050	potters-wheel	2400_25/calendar-ticker.html
6.10	1	447	20050	os-dope	calendar-ticker.html
6.10	1	447	20050	looking-machine	2400_25/calendar-ticker.html
6.10	1	447	20050	hyperclay-editor	2400_25/calendar-ticker.html
6.10	1	447	19066	tractor-field-notes	SHROUDED HISTORY/Geertzian Analysis of O'Hanlon Mural.html
6.10	1	447	19066	shroud-project	Geertzian Analysis of O'Hanlon Mural.html
6.10	1	447	19066	looking-machine	SHROUDED HISTORY/Geertzian Analysis of O'Hanlon Mural.html
6.10	1	447	14389	tractor-dce-gyo	kimi-chat.html
6.10	1	446	23136	ripples	1212.html
6.10	1	446	20299	witt	fe3.html
6.10	1	446	17761	momsaic	naml.html
6.10	1	446	15237	wa	generate-scenes.js
6.10	1	445	20539	mythos-canon	MYTHOS-ARCHIVE/VAC-WORLD-MASTER.html
6.10	1	445	19737	itinerant-prompt	alman.html
6.10	1	445	16104	achilles-orchestra	ok.html
6.10	1	445	13828	hyperclay-editor	son-mod-16.html
6.10	1	444	38302	abc-flix	TUBE/parts/shield.html
6.10	1	444	18576	tractor-field-notes	TRACTOR FOLKLOGICUS/tract-07-flux.html
6.10	1	444	18576	looking-machine	TRACTOR FOLKLOGICUS/tract-07-flux.html
6.10	1	444	17930	life-star	life-star/6.html
6.10	1	444	15807	arkadu	voronoi-warfare.html
6.10	1	444	15711	wa	generate-sculptures.js
6.10	1	443	16113	arkadu	erode-accrete.html
6.09	1	442	24887	sterner	soundscapes-interface.zip/index.html
6.09	1	442	24887	sterner	index.html
6.09	1	442	22387	sense-ritual	trails_before_links_saul_bass_film_html (2).html
6.09	1	442	20391	rosetta-protocol	cultural_os_innis_folklore_cards_mobile_canvas.html
6.09	1	442	19185	shoot-is-program	ai_studio_code - 2025-09-18T130707.466.html
6.09	1	441	28276	abundant-nes	bullet_time_mobile_unthinkable_v_2_mobile_first_bret_victor_refactor.html
6.09	1	441	24139	platos-cave	seeing.html
6.09	1	441	18438	angel-meets-algo	b2.html
6.09	1	440	26403	nothing-ritual	REPORT-NOTHING-RITUAL/NOTHING-RITUAL-07/index.html
6.09	1	440	24820	witt	w-arch.html
6.09	1	440	22893	text-ure	urn-3/4.html
6.09	1	440	21002	tractor-field-notes	FUSE/ecd6.html
6.09	1	440	21002	potters-wheel	FUSE/ecd6.html
6.09	1	440	21002	looking-machine	FUSE/ecd6.html
6.09	1	440	21002	intron	ecd6.html
6.09	1	440	21002	hyperclay-editor	FUSE/ecd6.html
6.09	1	440	21002	genoma	FUSE/ecd6.html
6.09	1	440	21002	codon	FUSE/ecd6.html
6.09	1	440	20690	resonome-genetic-archive	morphic-portal-v2.html
6.09	1	440	14033	func-sub	t4.html
6.09	1	439	26089	sense-ritual	crush-02.html
6.09	1	439	26089	sense-ritual	crush-02-backup.html
6.09	1	439	25757	ripples	1111.html
6.09	1	439	16233	abc-flix	TAX-FUTURE/taxonomy-03.html
6.09	1	439	14169	sense-ritual	matrix-crush.html
6.09	1	439	13059	func-sub	t2.html
6.08	1	438	23453	metisim	index-launcher-v4.html
6.08	1	438	18163	1000-small-futures	scenario-generator.html
6.08	1	438	14965	abc-flix	AETHEL/runner.js
6.08	1	438	13364	func-sub	t1.html
6.08	1	438	7941	1000-small-futures	session-viewer-styles.css
6.08	1	437	18144	feedfall	pyramid-poetry.html
6.08	1	437	17841	sense-ritual	fragment-branches.html
6.08	1	437	17383	the-republic	generate-scripts.html
6.08	1	437	14935	tractor-field-notes	ETHICS INFRASTRUCTURE/hub-of-hubs.html
6.08	1	437	14935	looking-machine	ETHICS INFRASTRUCTURE/hub-of-hubs.html
6.08	1	437	14935	ethics-infrastructure	hub-of-hubs.html
6.08	1	437	14073	tractor-field-notes	FUSE/fu4.html
6.08	1	437	14073	potters-wheel	FUSE/fu4.html
6.08	1	437	14073	looking-machine	FUSE/fu4.html
6.08	1	437	14073	intron	fu4.html
6.08	1	437	14073	hyperclay-editor	FUSE/fu4.html
6.08	1	437	14073	genoma	FUSE/fu4.html
6.08	1	437	14073	codon	FUSE/fu4.html
6.08	1	437	12335	arkadu	chamber-voronoi.html
6.08	1	436	15629	sense-ritual	FOOD/swipe-food.html
6.08	1	436	11525	pretext-cave	demos/lantern.html
6.08	1	435	37679	abundant-nes	venn_32_glowing_stack_index_single_file (12).html
6.08	1	434	23709	role-deck	work_sense_tui_company_os_mobile (3).html
6.08	1	434	20394	witt	in.html
6.08	1	434	18765	role-deck	character-card-component.js
6.08	1	434	15289	k2.html	rlm/rlm_core.py
6.08	1	434	13185	role-deck	ethics-anthology.html
6.08	1	434	10589	ripples	engine/Kimi_Agent_RIPPLES_ Worldtext Theory Summary (1) copy/ripples-core/src/pilot/synth.js
6.07	1	433	18581	itinerant-prompt	pluralistic_almanack.html
6.07	1	433	15621	abc-flix	SWARMS/riverbed-viewer.html
6.07	1	433	14819	tractor-field-notes	FUSE/g8.html
6.07	1	433	14819	potters-wheel	FUSE/g8.html
6.07	1	433	14819	looking-machine	FUSE/g8.html
6.07	1	433	14819	intron	g8.html
6.07	1	433	14819	hyperclay-editor	FUSE/g8.html
6.07	1	433	14819	genoma	FUSE/g8.html
6.07	1	433	14819	codon	FUSE/g8.html
6.07	1	433	12664	tractor-field-notes	ETHICS INFRASTRUCTURE/ethics_infra_hub (4).html
6.07	1	433	12664	looking-machine	ETHICS INFRASTRUCTURE/ethics_infra_hub (4).html
6.07	1	433	12664	ethics-infrastructure	ethics_infra_hub (4).html
6.07	1	432	29978	tractor-field-notes	FUSE/fu5.html
6.07	1	432	29978	potters-wheel	FUSE/fu5.html
6.07	1	432	29978	looking-machine	FUSE/fu5.html
6.07	1	432	29978	intron	fu5.html
6.07	1	432	29978	hyperclay-editor	FUSE/fu5.html
6.07	1	432	29978	genoma	FUSE/fu5.html
6.07	1	432	29978	codon	FUSE/fu5.html
6.07	1	432	23187	tractor-field-notes	FUSE/ecd-fu-odd.html
6.07	1	432	23187	potters-wheel	FUSE/ecd-fu-odd.html
6.07	1	432	23187	looking-machine	FUSE/ecd-fu-odd.html
6.07	1	432	23187	intron	ecd-fu-odd.html
6.07	1	432	23187	hyperclay-editor	FUSE/ecd-fu-odd.html
6.07	1	432	23187	genoma	FUSE/ecd-fu-odd.html
6.07	1	432	23187	codon	FUSE/ecd-fu-odd.html
6.07	1	432	18449	tractor-field-notes	FUSE/ecd23.html
6.07	1	432	18449	potters-wheel	FUSE/ecd23.html
6.07	1	432	18449	looking-machine	FUSE/ecd23.html
6.07	1	432	18449	intron	ecd23.html
6.07	1	432	18449	hyperclay-editor	FUSE/ecd23.html
6.07	1	432	18449	genoma	FUSE/ecd23.html
6.07	1	432	18449	codon	FUSE/ecd23.html
6.07	1	432	15523	synarchiv	train-curved-track.html
6.07	1	432	13928	sense-ritual	narrative-garden-v01.html
6.07	1	431	21591	abundant-nes	temporal_hypertetrahedron (6).html
6.07	1	431	19872	itinerant-prompt	civilization_almanack.html
6.07	1	431	18761	role-deck	openings-index.html
6.07	1	430	22823	text-ure	index-old.html
6.07	1	430	21570	sympathetic-magic	view-01.html
6.07	1	430	20350	wa	ldraw-header-compliance.js
6.07	1	430	18670	tractor-field-notes	FUSE/ecd2.html
6.07	1	430	18670	potters-wheel	FUSE/ecd2.html
6.07	1	430	18670	looking-machine	FUSE/ecd2.html
6.07	1	430	18670	intron	ecd2.html
6.07	1	430	18670	hyperclay-editor	FUSE/ecd2.html
6.07	1	430	18670	genoma	FUSE/ecd2.html
6.07	1	430	18670	codon	FUSE/ecd2.html
6.07	1	430	13295	crest	crest/words.html
6.06	1	429	18752	training-ground	index.html
6.06	1	429	18752	training-ground	Index.html
6.06	1	429	18751	the-fork	TRAINING GROUND/t-01.html
6.06	1	429	18733	tractor-field-notes	pca/light-os-victor-demo.html
6.06	1	429	18733	pca	light-os-victor-demo.html
6.06	1	429	18733	looking-machine	pca/light-os-victor-demo.html
6.06	1	429	18733	hyperclay-editor	pca/light-os-victor-demo.html
6.06	1	429	15664	rosetta-protocol	ai_studio_code - 2025-09-25T031242.872.html
6.06	1	428	24197	venn-32	rhm_cards_on_face_v5.html
6.06	1	428	24197	abundant-nes	rhm_cards_on_face_v5.html
6.06	1	428	16517	abundant-nes	spatiotemporal_tetrad_tetrahedron_mobile_three_js_canvas_show_dont_tell.html
6.06	1	428	11137	design-brief	diegetic-op.html
6.06	1	427	19152	tractor-field-notes	FUSE/ecd19.html
6.06	1	427	19152	potters-wheel	FUSE/ecd19.html
6.06	1	427	19152	looking-machine	FUSE/ecd19.html
6.06	1	427	19152	intron	ecd19.html
6.06	1	427	19152	hyperclay-editor	FUSE/ecd19.html
6.06	1	427	19152	genoma	FUSE/ecd19.html
6.06	1	427	19152	codon	FUSE/ecd19.html
6.06	1	427	14452	core-age	inception-harness.html
6.06	1	427	12895	tractor-dce-gyo	homer-step5-mento-brickfilm.html
6.06	1	426	28528	myth-as-os	barthes_world_of_wrestling_saul_bass_concrete_poetry_deck.html
6.06	1	426	19916	venn-32	rhm_32_layer_instrument.html
6.06	1	426	19916	abundant-nes	rhm_32_layer_instrument.html
6.06	1	426	16702	synarchiv	true-train.html
6.05	1	425	33761	abundant-nes	vol_media_decks_v_20_edge_docks_fit_frustum_see_through_popup_single_file.html
6.05	1	425	13478	achilles-orchestra	MESH-GNN/ripples.html
6.05	1	425	13039	golden-lens	zine/grid-01-prism.html
6.05	1	424	36301	rosetta-protocol	op-ek.html
6.05	1	424	16597	forkit	tilth-parts-manual-reference.html
6.05	1	424	14116	ripples	2120-demiurge-engine.html
6.05	1	423	13443	design-brief	01-film.html
6.05	1	422	28918	privacy-value-labels	ci-01.html
6.05	1	422	28549	abc-flix	TUBE/sensorama_scot_mobile_planner.html
6.05	1	422	18086	unthinkable-media	hyperclay_mobile_mixer_single_file_html_works_with_real_video-BET.html
6.05	1	422	18086	tractor-field-notes	POTTERS_WHEEL/hyperclay_mobile_mixer_single_file_html_works_with_real_video-BET.html
6.05	1	422	18086	potters-wheel	POTTERS_WHEEL/hyperclay_mobile_mixer_single_file_html_works_with_real_video-BET.html
6.05	1	422	18086	looking-machine	POTTERS_WHEEL/hyperclay_mobile_mixer_single_file_html_works_with_real_video-BET.html
6.05	1	422	18086	hyperclay-editor	POTTERS_WHEEL/hyperclay_mobile_mixer_single_file_html_works_with_real_video-BET.html
6.05	1	422	17558	tractor-dce-gyo	worldinator-02.html
6.05	1	421	31066	feedfall	video_stacker_pro_filmic_v_2_100_tv_layouts_calm_mode.html
6.05	1	421	27137	rosetta-protocol	innis_cards_mobile_tufte_tool.html
6.05	1	421	27137	rosetta-protocol	innis_cards_mobile_tufte_tool (1).html
6.05	1	421	23561	tractor-field-notes	Hephaestus Narrative OS/hf-01.html
6.05	1	421	23561	looking-machine	Hephaestus Narrative OS/hf-01.html
6.05	1	421	23561	hephaestus-narrative-os	hf-01.html
6.05	1	421	22003	rosetta-protocol	champ_it_aint_half_racist_mum_1979_1970_s_bbc_style_presentation_single_file.html
6.05	1	421	17799	1000-small-futures	thousand-tet-tut.html
6.05	1	421	17188	role-deck	tilth-parts-manual.html
6.05	1	421	15596	arkadu	organic-comparison.html
6.04	1	420	18267	tractor-field-notes	FUSE/ecd5.html
6.04	1	420	18267	potters-wheel	FUSE/ecd5.html
6.04	1	420	18267	looking-machine	FUSE/ecd5.html
6.04	1	420	18267	intron	ecd5.html
6.04	1	420	18267	hyperclay-editor	FUSE/ecd5.html
6.04	1	420	18267	genoma	FUSE/ecd5.html
6.04	1	420	18267	codon	FUSE/ecd5.html
6.04	1	420	17994	momsaic	sdj-op.html
6.04	1	420	15156	ripples	engine/Kimi_Agent_RIPPLES_ Worldtext Theory Summary (1) copy/app/src/data/scenarios.ts
6.04	1	420	15156	ripples	app 2/src/data/scenarios.ts
6.04	1	420	15156	ripples	Kimi_Agent_RIPPLES_ Worldtext Theory Summary/app/src/data/scenarios.ts
6.04	1	420	15156	ripples	IMAGES/Kimi_Agent_RIPPLES_ Worldtext Theory Summary (1)/app/src/data/scenarios.ts
6.04	1	419	34536	abundant-nes	venn_32_glowing_stack_index_single_file (11).html
6.04	1	419	13765	arkadu	terrain-clean.html
6.04	1	419	12981	golden-lens	zine/grid-05-blank.html
6.04	1	418	14855	tractor-dce-gyo	test-code.html
6.04	1	418	14599	pretext-cave	index.html
6.04	1	418	14528	nothing-ritual	k02-nothing-ritual-06.html
6.04	1	418	13663	resonome-genetic-archive	res-social.html
6.04	1	417	17470	tractor-field-notes	FUSE/ecd22.html
6.04	1	417	17470	potters-wheel	FUSE/ecd22.html
6.04	1	417	17470	looking-machine	FUSE/ecd22.html
6.04	1	417	17470	intron	ecd22.html
6.04	1	417	17470	hyperclay-editor	FUSE/ecd22.html
6.04	1	417	17470	genoma	FUSE/ecd22.html
6.04	1	417	17470	codon	FUSE/ecd22.html
6.04	1	417	15744	text-ure	urn-3/3.html
6.04	1	417	13094	tractor-dce-gyo	platos-cave.html
6.03	1	416	22332	abundant-nes	ai_studio_code - 2025-09-29T062545.571.html
6.03	1	416	22103	platos-laundry	index.html
6.03	1	416	21007	codex-reader	reader-codex-pro-genoma.html
6.03	1	416	20444	tractor-field-notes	FUSE/ecd3.html
6.03	1	416	20444	potters-wheel	FUSE/ecd3.html
6.03	1	416	20444	looking-machine	FUSE/ecd3.html
6.03	1	416	20444	intron	ecd3.html
6.03	1	416	20444	hyperclay-editor	FUSE/ecd3.html
6.03	1	416	20444	genoma	FUSE/ecd3.html
6.03	1	416	20444	codon	FUSE/ecd3.html
6.03	1	416	20342	tractor-field-notes	FUSE/ecd4.html
6.03	1	416	20342	potters-wheel	FUSE/ecd4.html
6.03	1	416	20342	looking-machine	FUSE/ecd4.html
6.03	1	416	20342	intron	ecd4.html
6.03	1	416	20342	hyperclay-editor	FUSE/ecd4.html
6.03	1	416	20342	genoma	FUSE/ecd4.html
6.03	1	416	20342	codon	FUSE/ecd4.html
6.03	1	416	19316	abundant-nes	ai_studio_code - 2025-09-29T060434.942.html
6.03	1	416	17896	tractor-field-notes	FUSE/f3.html
6.03	1	416	17896	potters-wheel	FUSE/f3.html
6.03	1	416	17896	looking-machine	FUSE/f3.html
6.03	1	416	17896	intron	f3.html
6.03	1	416	17896	hyperclay-editor	FUSE/f3.html
6.03	1	416	17896	genoma	FUSE/f3.html
6.03	1	416	17896	codon	FUSE/f3.html
6.03	1	415	25457	rosetta-protocol	sharpen_hone_time_space_spectrum_engine_single_file.html
6.03	1	415	20413	sense-ritual	trails_before_links_saul_bass_film_html.html
6.03	1	415	18859	tractor-field-notes	FUSE/owe7.html
6.03	1	415	18859	potters-wheel	FUSE/owe7.html
6.03	1	415	18859	looking-machine	FUSE/owe7.html
6.03	1	415	18859	intron	owe7.html
6.03	1	415	18859	hyperclay-editor	FUSE/owe7.html
6.03	1	415	18859	genoma	FUSE/owe7.html
6.03	1	415	18859	codon	FUSE/owe7.html
6.03	1	415	14315	tractor-field-notes	FUSE/g3.html
6.03	1	415	14315	potters-wheel	FUSE/g3.html
6.03	1	415	14315	looking-machine	FUSE/g3.html
6.03	1	415	14315	intron	g3.html
6.03	1	415	14315	hyperclay-editor	FUSE/g3.html
6.03	1	415	14315	genoma	FUSE/g3.html
6.03	1	415	14315	codon	FUSE/g3.html
6.03	1	414	15767	k2.html	tonnetz.html
6.03	1	413	15289	text-ure	shield 3/3.html
6.03	1	413	13289	tractor-dce-gyo	mpd-ves-gen.html
6.03	1	413	12910	tractor-dce-gyo	homer-step2-courage-rb-gold.html
6.02	1	412	1058662	operation-describe	Operative Ekphrasis, Thick Description/files/3310/aat.html
6.02	1	412	20156	abundant-nes	ai_studio_code - 2025-09-29T060142.289.html
6.02	1	412	20142	resonome-genetic-archive	hypno-res-02.html
6.02	1	412	13813	text-ure	auden-shield/1-calligram.html
6.02	1	412	12403	tractor-dce-gyo	Brickfilm_Studio_Kit/REALITY MEDIA_MOMENTO/undaunted_disc_grid_app.js
6.02	1	412	12265	tractor-dce-gyo	homer-step4-master-tune-return.html
6.02	1	411	15901	1000-small-futures	thousand-cultural.html
6.02	1	411	15855	tractor-field-notes	SHROUDED HISTORY/viz.html
6.02	1	411	15855	shroud-project	viz.html
6.02	1	411	15855	looking-machine	SHROUDED HISTORY/viz.html
6.02	1	410	31201	mythos-canon	MYTHOS-ARCHIVE/FILM/scaling_vertical_ambition.html
6.02	1	410	26847	dream-organ	do-011.html
6.02	1	410	24380	dirty-disclosure	nested-double-bind-00.html
6.02	1	410	18325	momsaic	op10.html
6.02	1	410	14982	manila-memory-arcade	pin34-accordion.html
6.02	1	409	27697	angel-meets-algo	d2.html
6.02	1	409	21938	witt	pictutres-port.html
6.02	1	409	18531	tractor-field-notes	FUSE/owe5.html
6.02	1	409	18531	potters-wheel	FUSE/owe5.html
6.02	1	409	18531	looking-machine	FUSE/owe5.html
6.02	1	409	18531	intron	owe5.html
6.02	1	409	18531	hyperclay-editor	FUSE/owe5.html
6.02	1	409	18531	genoma	FUSE/owe5.html
6.02	1	409	18531	codon	FUSE/owe5.html
6.02	1	409	17889	tractor-field-notes	FUSE/ecd17.html
6.02	1	409	17889	potters-wheel	FUSE/ecd17.html
6.02	1	409	17889	looking-machine	FUSE/ecd17.html
6.02	1	409	17889	intron	ecd17.html
6.02	1	409	17889	hyperclay-editor	FUSE/ecd17.html
6.02	1	409	17889	genoma	FUSE/ecd17.html
6.02	1	409	17889	codon	FUSE/ecd17.html
6.02	1	409	14999	arkadu	dla-turbo.html
6.02	1	409	12500	tractor-dce-gyo	homer-step3-weaver-assembly-gold-bus.html
6.02	1	409	10730	ripples	engine/Kimi_Agent_RIPPLES_ Worldtext Theory Summary (1) copy/ripples-core/src/gull/sampler.js
6.02	1	409	8990	func-sub	tra-grid-3d.html
6.01	1	408	33738	abundant-nes	vol_media_decks_v_20_edge_docks_fit_frustum_see_through_popup_single_file (1).html
6.01	1	408	14281	synarchiv	train-wheels-stage2.html
6.01	1	407	32328	venn-32	volumetric_venn_cubes_mobile_draggable_dock (1).html
6.01	1	407	32328	abundant-nes	volumetric_venn_cubes_mobile_draggable_dock (1).html
6.01	1	407	27669	dirty-disclosure	disclosure-theatre-00.html
6.01	1	407	23074	fish-town	the-glass.html
6.01	1	407	17231	tractor-field-notes	FUSE/ipflex.html
6.01	1	407	17231	potters-wheel	FUSE/ipflex.html
6.01	1	407	17231	looking-machine	FUSE/ipflex.html
6.01	1	407	17231	intron	ipflex.html
6.01	1	407	17231	hyperclay-editor	FUSE/ipflex.html
6.01	1	407	17231	genoma	FUSE/ipflex.html
6.01	1	407	17231	codon	FUSE/ipflex.html
6.01	1	407	15075	the-project	legos-workbench.html
6.01	1	407	14911	island-ecology	BEES ON A TRAIN/route-engine.js
6.01	1	406	26071	abundant-nes	vol_stacks_isometric_sequencer_demo_single_file_canvas (4).html
6.01	1	406	15717	tractor-field-notes	FUSE/f5.html
6.01	1	406	15717	potters-wheel	FUSE/f5.html
6.01	1	406	15717	looking-machine	FUSE/f5.html
6.01	1	406	15717	intron	f5.html
6.01	1	406	15717	hyperclay-editor	FUSE/f5.html
6.01	1	406	15717	genoma	FUSE/f5.html
6.01	1	406	15717	codon	FUSE/f5.html
6.01	1	405	28135	dream-organ	do-008.html
6.01	1	405	15879	leasing-vibes	mclu-01.html
6.01	1	405	14557	fuzzy-linkography	app.js
6.00	1	404	11798	manila-memory-arcade	pinnacle-pinball.html
6.00	1	403	27050	role-deck	work_sense_agronica_integrated_tui_single_file.html
6.00	1	403	20942	abundant-nes	ai_studio_code - 2025-09-29T062016.252.html
6.00	1	403	19397	abundant-nes	hypertet_thickened_prompt_gizmo_single_file_html_css_js_three.html
6.00	1	402	25531	mythos-canon	MYTHOS-ARCHIVE/FILM/hybrid_convergence_experimental_media_film_single_file (6) (1).html
6.00	1	402	15459	tractor-field-notes	EOS/operating-system/games/lumen-loom/parent/index.html
6.00	1	402	15459	looking-machine	EOS/operating-system/games/lumen-loom/parent/index.html
6.00	1	402	15459	hyperclay-editor	EOS/operating-system/games/lumen-loom/parent/index.html
6.00	1	402	15459	eos	operating-system/games/lumen-loom/parent/index.html
6.00	1	402	12825	the-project	shield-valhalla.html
6.00	1	401	14769	resonome-genetic-archive	res-hub-01.html
6.00	1	401	13382	tractor-dce-gyo	wag-cleanroom.html
6.00	1	401	13382	atg-3	ai_studio_code - 2025-12-11T053957.431.html
6.00	1	401	13066	tractor-dce-gyo	wag-fork-integrated.html
5.99	1	400	18987	tractor-field-notes	FUSE/ecd7.html
5.99	1	400	18987	potters-wheel	FUSE/ecd7.html
5.99	1	400	18987	looking-machine	FUSE/ecd7.html
5.99	1	400	18987	intron	ecd7.html
5.99	1	400	18987	hyperclay-editor	FUSE/ecd7.html
5.99	1	400	18987	genoma	FUSE/ecd7.html
5.99	1	400	18987	codon	FUSE/ecd7.html
5.99	1	399	30514	abundant-nes	vol_media_decks_v_19_stack_symmetric_hud_clear_alley.html
5.99	1	399	23228	novus-groove	index-3d.html
5.99	1	399	18547	aura-after-copies	aura_after_copies_slide_deck_single_file_html.html
5.99	1	399	18187	arkadu	approach-8-infinite-organic.html
5.99	1	399	15855	wh-ripple	git_hub_repo_index_bauhaus_table_hartswf_0.html
5.99	1	399	12318	metisim	index-deprecated.html
5.99	1	398	31225	mythos-canon	VAC/vac_world_website_single_file.html
5.99	1	398	22152	wh-ripple	year-in-review.html
5.99	1	398	19828	dream-organ	do-010.html
5.99	1	398	12557	golden-lens	zine/grid-06-holler.html
5.99	1	398	7301	moto	VOLHOLLA/radio.css
5.99	1	397	19711	sense-ritual	swipe-vert.html
5.99	1	397	17565	tractor-field-notes	FUSE/owe-1.html
5.99	1	397	17565	potters-wheel	FUSE/owe-1.html
5.99	1	397	17565	looking-machine	FUSE/owe-1.html
5.99	1	397	17565	intron	owe-1.html
5.99	1	397	17565	hyperclay-editor	FUSE/owe-1.html
5.99	1	397	17565	genoma	FUSE/owe-1.html
5.99	1	397	17565	codon	FUSE/owe-1.html
5.98	1	396	30231	abundant-nes	venn_32_glowing_stack_index_single_file (9).html
5.98	1	396	30231	abundant-nes	venn_32_glowing_stack_index_single_file (9) (1).html
5.98	1	396	29771	abundant-nes	ai_studio_code - 2025-09-25T152010.895.html
5.98	1	396	22623	tractor-field-notes	2400_25/bateson-02.html
5.98	1	396	22623	potters-wheel	2400_25/bateson-02.html
5.98	1	396	22623	os-dope	bateson-02.html
5.98	1	396	22623	looking-machine	2400_25/bateson-02.html
5.98	1	396	22623	hyperclay-editor	2400_25/bateson-02.html
5.98	1	396	20850	platos-laundry	tiza-02.html
5.98	1	396	18500	shoot-is-program	comparative_formal_models_single_file_presentation.html
5.98	1	396	18433	golden-river	groll.html
5.98	1	396	17619	os-dope-faa	tone-engine.html
5.98	1	396	16046	core-age	neuro-tutorial.html
5.98	1	396	10810	sense-ritual	beat-collection-system.js
5.98	1	395	32534	unthinkable-media	gear_narrative_engine_arc_sequencer_mechanical_nle.html
5.98	1	395	32534	tractor-field-notes	POTTERS_WHEEL/gear_narrative_engine_arc_sequencer_mechanical_nle.html
5.98	1	395	32534	potters-wheel	POTTERS_WHEEL/gear_narrative_engine_arc_sequencer_mechanical_nle.html
5.98	1	395	32534	looking-machine	POTTERS_WHEEL/gear_narrative_engine_arc_sequencer_mechanical_nle.html
5.98	1	395	32534	hyperclay-editor	POTTERS_WHEEL/gear_narrative_engine_arc_sequencer_mechanical_nle.html
5.98	1	395	21125	gene	index.html
5.98	1	395	19014	tractor-field-notes	FUSE/ecd12.html
5.98	1	395	19014	potters-wheel	FUSE/ecd12.html
5.98	1	395	19014	looking-machine	FUSE/ecd12.html
5.98	1	395	19014	intron	ecd12.html
5.98	1	395	19014	hyperclay-editor	FUSE/ecd12.html
5.98	1	395	19014	genoma	FUSE/ecd12.html
5.98	1	395	19014	codon	FUSE/ecd12.html
5.98	1	395	13422	tractor-dce-gyo	frank-sync-notes.html
5.98	1	394	25021	dream-organ	do-009.html
5.98	1	394	12626	mythos-canon	MYTHOS-ARCHIVE/mythos-viewer/app.js
5.98	1	394	11733	tractor-field-notes	pca/surreal-os-victor-index-old.html
5.98	1	394	11733	pca	surreal-os-victor-index-old.html
5.98	1	394	11733	looking-machine	pca/surreal-os-victor-index-old.html
5.98	1	394	11733	hyperclay-editor	pca/surreal-os-victor-index-old.html
5.98	1	393	24711	metisim	paper-draft-v01.html
5.98	1	393	17529	tractor-field-notes	FUSE/owe4.html
5.98	1	393	17529	potters-wheel	FUSE/owe4.html
5.98	1	393	17529	looking-machine	FUSE/owe4.html
5.98	1	393	17529	intron	owe4.html
5.98	1	393	17529	hyperclay-editor	FUSE/owe4.html
5.98	1	393	17529	genoma	FUSE/owe4.html
5.98	1	393	17529	codon	FUSE/owe4.html
5.98	1	393	16361	atg-3	atg-2-topo.html
5.97	1	392	25278	million	02.html
5.97	1	392	19075	fish-town	f-cycle-00.html
5.97	1	392	17901	tractor-field-notes	FUSE/ecd11.html
5.97	1	392	17901	potters-wheel	FUSE/ecd11.html
5.97	1	392	17901	looking-machine	FUSE/ecd11.html
5.97	1	392	17901	intron	ecd11.html
5.97	1	392	17901	hyperclay-editor	FUSE/ecd11.html
5.97	1	392	17901	genoma	FUSE/ecd11.html
5.97	1	392	17901	codon	FUSE/ecd11.html
5.97	1	392	14424	text-ure	auden-shield/5-ops-schemas.html
5.97	1	392	10432	text-ure	shield 3/index.html
5.97	1	391	38421	unthinkable-media	main_gear_film_engine_canvas_build_v_2 (1).html
5.97	1	391	38421	tractor-field-notes	POTTERS_WHEEL/main_gear_film_engine_canvas_build_v_2 (1).html
5.97	1	391	38421	potters-wheel	POTTERS_WHEEL/main_gear_film_engine_canvas_build_v_2 (1).html
5.97	1	391	38421	looking-machine	POTTERS_WHEEL/main_gear_film_engine_canvas_build_v_2 (1).html
5.97	1	391	38421	hyperclay-editor	POTTERS_WHEEL/main_gear_film_engine_canvas_build_v_2 (1).html
5.97	1	391	19451	vibe-crates	ship-03.html
5.97	1	391	18167	sense-ritual	class-analysis.html
5.97	1	391	18069	abc-flix	TAX-FUTURE/gemini-code-1777060467757.html
5.97	1	391	16583	wave	kjn.html
5.97	1	391	13036	wave	fugue.html
5.97	1	391	12597	jdb-ripple-remix	rrc-runtime.js
5.97	1	391	11699	ripples	engine/Kimi_Agent_RIPPLES_ Worldtext Theory Summary (1) copy/ripples-suite/engine/adapters/react-adapter.js
5.97	1	390	17715	shoot-is-program	post_binary_media_theory_single_file_presentation.html
5.97	1	390	13977	dream-organ	do-02.html
5.97	1	390	11130	text-ure	auden-shield/index.html
5.97	1	389	96846	operation-describe	Operative Ekphrasis, Thick Description/files/3339/2109.html
5.97	1	389	28092	island-ecology	BEES ON A TRAIN/hive-engine.js
5.97	1	389	21077	unthinkable-media	morphic_mergefield_mobile_canvas_prototype_html_css_js_single_file_BET.html
5.97	1	389	21077	tractor-field-notes	POTTERS_WHEEL/morphic_mergefield_mobile_canvas_prototype_html_css_js_single_file_BET.html
5.97	1	389	21077	potters-wheel	POTTERS_WHEEL/morphic_mergefield_mobile_canvas_prototype_html_css_js_single_file_BET.html
5.97	1	389	21077	looking-machine	POTTERS_WHEEL/morphic_mergefield_mobile_canvas_prototype_html_css_js_single_file_BET.html
5.97	1	389	21077	hyperclay-editor	POTTERS_WHEEL/morphic_mergefield_mobile_canvas_prototype_html_css_js_single_file_BET.html
5.97	1	389	20632	abundant-nes	temporal_hypertetrahedron (5).html
5.97	1	389	14567	abc-flix	SWARMS/harness_video.py
5.96	1	388	96001	operation-describe	Operative Ekphrasis, Thick Description/files/3326/2303.html
5.96	1	388	23419	dirty-disclosure	dd-ind-01.html
5.96	1	388	23419	dirty-disclosure	dd-ind-00.html
5.96	1	388	23419	dirty-disclosure	dd-02.html
5.96	1	388	11798	media-culture	time-atlas.html
5.96	1	387	29870	abundant-nes	venn_32_glowing_stack_index_single_file (8).html
5.96	1	387	21987	encoded-power	ar-03.html
5.96	1	387	16886	abundant-nes	hypertetrahedral_temporal_control_gizmo_single_file_three_js_html_css_js.html
5.96	1	387	14967	role-deck	tilth-nebraska-test.html
5.96	1	387	14237	k2.html	rlm/eno_reframer.py
5.96	1	386	28003	abc-flix	TUBE/archive/preview (32).html
5.96	1	386	22351	the-republic	corpus.html
5.96	1	386	19287	metisim	index-launcher-v3.html
5.96	1	385	29668	unthinkable-media	gear_narrative_engine_full_send_single_file-BET.html
5.96	1	385	29668	tractor-field-notes	POTTERS_WHEEL/gear_narrative_engine_full_send_single_file-BET.html
5.96	1	385	29668	potters-wheel	POTTERS_WHEEL/gear_narrative_engine_full_send_single_file-BET.html
5.96	1	385	29668	looking-machine	POTTERS_WHEEL/gear_narrative_engine_full_send_single_file-BET.html
5.96	1	385	29668	hyperclay-editor	POTTERS_WHEEL/gear_narrative_engine_full_send_single_file-BET.html
5.96	1	385	22761	role-deck	work_sense_tui_mobile_canvas_build.html
5.96	1	385	17771	growing-entanglements	ccim_cross_cultural_interaction_model_single_file.html
5.96	1	385	13035	arkadu	media-ecology-life.html
5.95	1	384	22355	privacy-value-labels	ci-02.html
5.95	1	384	15685	sense-ritual	narrative-garden-v02.html
5.95	1	383	96930	operation-describe	Operative Ekphrasis, Thick Description/files/3341/2303.html
5.95	1	383	96580	operation-describe	Operative Ekphrasis, Thick Description/files/3336/2312.html
5.95	1	383	20676	role-deck	work_sense_tui_mobile_canvas_build (1).html
5.95	1	383	19157	gaze	data-dermis-03.html
5.95	1	383	17046	tractor-field-notes	FUSE/ecd16.html
5.95	1	383	17046	potters-wheel	FUSE/ecd16.html
5.95	1	383	17046	looking-machine	FUSE/ecd16.html
5.95	1	383	17046	intron	ecd16.html
5.95	1	383	17046	hyperclay-editor	FUSE/ecd16.html
5.95	1	383	17046	genoma	FUSE/ecd16.html
5.95	1	383	17046	codon	FUSE/ecd16.html
5.95	1	383	11339	sense-ritual	timeline-garden.html
5.95	1	382	21378	tractor-field-notes	FUSE/ilex.html
5.95	1	382	21378	potters-wheel	FUSE/ilex.html
5.95	1	382	21378	looking-machine	FUSE/ilex.html
5.95	1	382	21378	intron	ilex.html
5.95	1	382	21378	hyperclay-editor	FUSE/ilex.html
5.95	1	382	21378	genoma	FUSE/ilex.html
5.95	1	382	21378	codon	FUSE/ilex.html
5.95	1	382	18302	abundant-nes	orca_empathy_is_the_apex_predator_single_file_deck (2).html
5.95	1	382	18302	abundant-nes	orca_empathy_is_the_apex_predator_single_file_deck (1).html
5.95	1	382	12945	tractor-field-notes	Hephaestus Narrative OS/index.html
5.95	1	382	12945	looking-machine	Hephaestus Narrative OS/index.html
5.95	1	382	12945	hephaestus-narrative-os	index.html
5.95	1	382	12597	golden-lens	edgar-feed.html
5.95	1	381	98623	operation-describe	Operative Ekphrasis, Thick Description/files/3330/2304.html
5.95	1	381	31183	abundant-nes	venn_32_glowing_stack_index_single_file (10).html
5.95	1	381	29811	rosetta-protocol	ai_studio_code - 2025-09-25T032343.201.html
5.95	1	381	16878	wave	kjnss.html
5.95	1	381	11448	golden-lens	edgar-ritual.html
5.94	1	380	28138	abc-flix	TUBE/parts/plate.html
5.94	1	380	22606	venn-32	rhm_cards_on_face_v3.html
5.94	1	380	22606	abundant-nes	rhm_cards_on_face_v3.html
5.94	1	380	20843	venn-32	rhm_cards_on_face_v4.html
5.94	1	380	20843	abundant-nes	rhm_cards_on_face_v4.html
5.94	1	380	13107	text-ure	shield 3/2.html
5.94	1	380	11415	golden-lens	edgar-gui.html
5.94	1	380	11087	the-fork	RAILWAY GAME/CORE-thousand-tetrad.js
5.94	1	379	25664	abundant-nes	venn_32_glowing_stack_index_single_file (6).html
5.94	1	378	45224	abc-flix	TUBE/parts/screen.html
5.94	1	378	17342	abundant-nes	temporal_hypertetrahedron (2).html
5.94	1	378	14315	media-surfer	precrime-video-interface.html
5.93	1	377	31885	abundant-nes	muybridge_bullet_time_media_for_thinking_the_unthinkable_mobile (5).html
5.93	1	377	17604	vol-air	index.html
5.93	1	377	17604	tractor-field-notes	VOLHOLLA_AIR/index.html
5.93	1	377	17604	looking-machine	VOLHOLLA_AIR/index.html
5.93	1	377	17604	hyperclay-editor	VOLHOLLA_AIR/index.html
5.93	1	376	30386	venn-32	vol_media_decks_v_5_canvas_only_data_stacks.html
5.93	1	376	30386	abundant-nes	vol_media_decks_v_5_canvas_only_data_stacks.html
5.93	1	376	30262	venn-32	volumetric_venn_cubes_mobile_draggable_dock (5).html
5.93	1	376	30262	abundant-nes	volumetric_venn_cubes_mobile_draggable_dock (5).html
5.93	1	376	15682	witt	lf34.html
5.93	1	376	11977	golden-lens	zine/grid-04-glowball.html
5.93	1	375	20559	golden-lens	zine/index.html
5.93	1	374	25124	abc-flix	TUBE/sensorama_vr_futures_cone_density.html
5.93	1	374	11206	fourth-shield	forge/page-7.html
5.92	1	373	21398	abundant-nes	ai_studio_code - 2025-09-25T152226.073.html
5.92	1	373	16542	tractor-field-notes	FUSE/ecd14.html
5.92	1	373	16542	potters-wheel	FUSE/ecd14.html
5.92	1	373	16542	looking-machine	FUSE/ecd14.html
5.92	1	373	16542	intron	ecd14.html
5.92	1	373	16542	hyperclay-editor	FUSE/ecd14.html
5.92	1	373	16542	genoma	FUSE/ecd14.html
5.92	1	373	16542	codon	FUSE/ecd14.html
5.92	1	373	15743	operation-describe	generate-worldtext-manifest.js
5.92	1	373	12780	vol-air	exported-assets (10)/app.js
5.92	1	373	12780	tractor-field-notes	VOLHOLLA_AIR/exported-assets (10)/app.js
5.92	1	373	12780	looking-machine	VOLHOLLA_AIR/exported-assets (10)/app.js
5.92	1	373	12780	hyperclay-editor	VOLHOLLA_AIR/exported-assets (10)/app.js
5.92	1	373	12059	hyperclay-editor	son-mod-14.html
5.92	1	372	12667	design-brief	02-repair.html
5.92	1	371	18564	vol-air	volholla_single_file_b_b_website_index.html
5.92	1	371	18564	tractor-field-notes	VOLHOLLA_AIR/volholla_single_file_b_b_website_index.html
5.92	1	371	18564	looking-machine	VOLHOLLA_AIR/volholla_single_file_b_b_website_index.html
5.92	1	371	18564	hyperclay-editor	VOLHOLLA_AIR/volholla_single_file_b_b_website_index.html
5.92	1	371	15940	abundant-nes	radio.html
5.92	1	371	11865	feedfall	pyramid-scene.html
5.92	1	370	26718	abundant-nes	hypertetrahedral_temporal_control_gizmo_single_file_three_js_html_css_js (2).html
5.92	1	370	18352	witt	fsl.html
5.91	1	369	13939	wag-gallery	generate_castle_v9_backup.py
5.91	1	368	31471	abc-flix	TUBE/icaro_stepping_stone_operator.html
5.91	1	368	19502	abundant-nes	temporal_hypertetrahedron (4).html
5.91	1	368	19502	abundant-nes	temporal_hypertetrahedron (3).html
5.91	1	367	32917	venn-32	volumetric_venn_cubes_mobile_draggable_dock (2).html
5.91	1	367	32917	abundant-nes	volumetric_venn_cubes_mobile_draggable_dock (2).html
5.91	1	367	19554	island-ecology	BEES ON A TRAIN/prism-engine.js
5.91	1	367	15233	tractor-field-notes	FUSE/ecd21.html
5.91	1	367	15233	potters-wheel	FUSE/ecd21.html
5.91	1	367	15233	looking-machine	FUSE/ecd21.html
5.91	1	367	15233	intron	ecd21.html
5.91	1	367	15233	hyperclay-editor	FUSE/ecd21.html
5.91	1	367	15233	genoma	FUSE/ecd21.html
5.91	1	367	15233	codon	FUSE/ecd21.html
5.91	1	367	14358	text-ure	shield 3/1.html
5.91	1	366	21105	tractor-field-notes	FUSE/ip-flex-free-02.html
5.91	1	366	21105	potters-wheel	FUSE/ip-flex-free-02.html
5.91	1	366	21105	looking-machine	FUSE/ip-flex-free-02.html
5.91	1	366	21105	intron	ip-flex-free-02.html
5.91	1	366	21105	hyperclay-editor	FUSE/ip-flex-free-02.html
5.91	1	366	21105	genoma	FUSE/ip-flex-free-02.html
5.91	1	366	21105	codon	FUSE/ip-flex-free-02.html
5.91	1	366	14343	1000-small-futures	session-viewer-main.js
5.91	1	366	13694	fuzzy-linkography	think_tool.js
5.91	1	366	13452	tractor-dce-gyo	homer-research-log.html
5.91	1	366	11935	opek	index.html
5.90	1	365	30672	sense-ritual	STONE/swipe-quartz-frag-04-api.html
5.90	1	365	26344	dirty-disclosure	disc-00.html
5.90	1	365	19121	tractor-field-notes	FUSE/g9.html
5.90	1	365	19121	potters-wheel	FUSE/g9.html
5.90	1	365	19121	looking-machine	FUSE/g9.html
5.90	1	365	19121	intron	g9.html
5.90	1	365	19121	hyperclay-editor	FUSE/g9.html
5.90	1	365	19121	genoma	FUSE/g9.html
5.90	1	365	19121	codon	FUSE/g9.html
5.90	1	365	17498	tractor-field-notes	FUSE/f7.html
5.90	1	365	17498	potters-wheel	FUSE/f7.html
5.90	1	365	17498	looking-machine	FUSE/f7.html
5.90	1	365	17498	intron	f7.html
5.90	1	365	17498	hyperclay-editor	FUSE/f7.html
5.90	1	365	17498	genoma	FUSE/f7.html
5.90	1	365	17498	codon	FUSE/f7.html
5.90	1	364	26261	dirty-disclosure	disclosure-theatre-01.html
5.90	1	364	18094	fourth-shield	build_presentation.py
5.90	1	364	12073	design-brief	04-catalog.html
5.90	1	363	25473	abundant-nes	venn_32_glowing_stack_index_single_file (2).html
5.90	1	363	22073	rosetta-protocol	ai_studio_code - 2025-09-25T034227.241.html
5.90	1	363	22070	rosetta-protocol	ai_studio_code - 2025-09-25T034257.726.html
5.90	1	363	17352	island-ecology	BEES ON A TRAIN/hive-logger.js
5.90	1	363	13932	opek	UNDERSTANDING AI/generate_ai_deep_comic.py
5.90	1	363	11407	golden-lens	zine/grid-02-edgar.html
5.90	1	363	9535	tractor-dce-gyo	homer-studio.html
5.89	1	362	33540	abundant-nes	echoes_algorithms_mobile_one_file_presentation.html
5.89	1	362	22434	mythos-canon	MYTHOS-ARCHIVE/FILM/hybrid_convergence_experimental_media_film_single_file (5) (1).html
5.89	1	362	10781	tractor-field-notes	ETHICS INFRASTRUCTURE/ethics_infra_hub (1).html
5.89	1	362	10781	looking-machine	ETHICS INFRASTRUCTURE/ethics_infra_hub (1).html
5.89	1	362	10781	ethics-infrastructure	ethics_infra_hub (1).html
5.89	1	361	15169	role-deck	episode-08-complete.html
5.89	1	361	13623	tractor-field-notes	SHROUDED HISTORY/compare.html
5.89	1	361	13623	shroud-project	compare.html
5.89	1	361	13623	looking-machine	SHROUDED HISTORY/compare.html
5.89	1	361	12743	text-ure	auden-shield/2-kittler.html
5.89	1	361	10302	fourth-shield	forge/page-4.html
5.89	1	361	8967	pretext-cave	demos/spotlight.html
5.89	1	360	24572	unthinkable-media	morphic_mergefield_mobile_canvas_prototype_html_css_js_single_file_1_BET.html
5.89	1	360	24572	tractor-field-notes	POTTERS_WHEEL/morphic_mergefield_mobile_canvas_prototype_html_css_js_single_file_1_BET.html
5.89	1	360	24572	potters-wheel	POTTERS_WHEEL/morphic_mergefield_mobile_canvas_prototype_html_css_js_single_file_1_BET.html
5.89	1	360	24572	looking-machine	POTTERS_WHEEL/morphic_mergefield_mobile_canvas_prototype_html_css_js_single_file_1_BET.html
5.89	1	360	24572	hyperclay-editor	POTTERS_WHEEL/morphic_mergefield_mobile_canvas_prototype_html_css_js_single_file_1_BET.html
5.89	1	360	13420	atg-3	atg-technical-genome.html
5.89	1	360	11763	tractor-dce-gyo	parts-materializer.html
5.89	1	359	33049	abc-flix	TUBE/archive/preview (30).html
5.89	1	359	28849	abundant-nes	muybridge_bullet_time_media_for_thinking_the_unthinkable_mobile (4).html
5.89	1	359	24487	liberty-machines	map-01.html
5.89	1	359	17176	tractor-field-notes	FUSE/f6.html
5.89	1	359	17176	potters-wheel	FUSE/f6.html
5.89	1	359	17176	looking-machine	FUSE/f6.html
5.89	1	359	17176	intron	f6.html
5.89	1	359	17176	hyperclay-editor	FUSE/f6.html
5.89	1	359	17176	genoma	FUSE/f6.html
5.89	1	359	17176	codon	FUSE/f6.html
5.89	1	359	13228	tractor-field-notes	pca/app.js
5.89	1	359	13228	pca	app.js
5.89	1	359	13228	looking-machine	pca/app.js
5.89	1	359	13228	hyperclay-editor	pca/app.js
5.89	1	359	9038	tractor-field-notes	CAN/hyperclay-trex-minimal.html
5.89	1	359	9038	looking-machine	CAN/hyperclay-trex-minimal.html
5.89	1	359	9038	hyperclay-editor	CAN/hyperclay-trex-minimal.html
5.88	1	358	16363	tractor-field-notes	FUSE/ecd9.html
5.88	1	358	16363	tractor-field-notes	FUSE/ecd8.html
5.88	1	358	16363	potters-wheel	FUSE/ecd9.html
5.88	1	358	16363	potters-wheel	FUSE/ecd8.html
5.88	1	358	16363	looking-machine	FUSE/ecd9.html
5.88	1	358	16363	looking-machine	FUSE/ecd8.html
5.88	1	358	16363	intron	ecd9.html
5.88	1	358	16363	intron	ecd8.html
5.88	1	358	16363	hyperclay-editor	FUSE/ecd9.html
5.88	1	358	16363	hyperclay-editor	FUSE/ecd8.html
5.88	1	358	16363	genoma	FUSE/ecd9.html
5.88	1	358	16363	genoma	FUSE/ecd8.html
5.88	1	358	16363	codon	FUSE/ecd9.html
5.88	1	358	16363	codon	FUSE/ecd8.html
5.88	1	358	14793	tractor-field-notes	EOS/operating-system/games/tide-turner/parent/index.html
5.88	1	358	14793	looking-machine	EOS/operating-system/games/tide-turner/parent/index.html
5.88	1	358	14793	hyperclay-editor	EOS/operating-system/games/tide-turner/parent/index.html
5.88	1	358	14793	eos	operating-system/games/tide-turner/parent/index.html
5.88	1	358	12496	1000-small-futures	tutorial-overlay.js
5.88	1	357	23657	abc-flix	TUBE/archive/preview (33).html
5.88	1	357	23657	abc-flix	TAX-FUTURE/preview (33).html
5.88	1	357	18420	angel-meets-algo	c0.html
5.88	1	357	10069	ripples	engine/Kimi_Agent_RIPPLES_ Worldtext Theory Summary (1) copy/app/src/components/ui/chart.tsx
5.88	1	357	10069	ripples	app/src/components/ui/chart.tsx
5.88	1	357	10069	ripples	app 2/src/components/ui/chart.tsx
5.88	1	357	10069	ripples	Kimi_Agent_RIPPLES_ Worldtext Theory Summary/app/src/components/ui/chart.tsx
5.88	1	357	10069	ripples	IMAGES/Kimi_Agent_RIPPLES_ Worldtext Theory Summary (1)/app/src/components/ui/chart.tsx
5.88	1	356	32651	abundant-nes	chips_fries_quadrant_business_model_canvases_single_file_html (1).html
5.88	1	356	13806	haunted-tools	styled-tools.html
5.88	1	356	12585	design-brief	03-quick.html
5.88	1	356	12235	abundant-nes	arc_designer.html
5.87	1	355	36640	mythos-canon	mythos-core.html
5.87	1	355	14930	tractor-field-notes	EOS/operating-system/games/bloom-orbit/parent/index.html
5.87	1	355	14930	looking-machine	EOS/operating-system/games/bloom-orbit/parent/index.html
5.87	1	355	14930	hyperclay-editor	EOS/operating-system/games/bloom-orbit/parent/index.html
5.87	1	355	14930	eos	operating-system/games/bloom-orbit/parent/index.html
5.87	1	355	12515	abc-flix	TAX-FUTURE/taxonomy-07.html
5.87	1	354	20831	platos-laundry	tiza.html
5.87	1	354	9264	pretext-cave	demos/cultural-brain.html
5.87	1	354	7989	ripples	engine/Kimi_Agent_RIPPLES_ Worldtext Theory Summary (1) copy/ripples-orca/index.html
5.87	1	353	29535	abundant-nes	muybridge_bullet_time_media_for_thinking_the_unthinkable_mobile (3).html
5.87	1	353	21957	mythos-canon	MYTHOS-ARCHIVE/FILM/alignment_culture_mythos_rituals.html
5.87	1	353	21433	soul-mansion	m2.html
5.87	1	353	19819	windows-and-mirrors	index.html
5.87	1	353	18619	venn-32	rhm_cards_on_face.html
5.87	1	353	18619	abundant-nes	rhm_cards_on_face.html
5.87	1	353	16844	ripples	7.html
5.87	1	353	16844	ripples	16b.html
5.87	1	353	15368	wave	kjns.html
5.87	1	353	14682	tractor-dce-gyo	Brickfilm_Studio_Kit/system-map.html
5.87	1	352	27446	gaze	data-dermis-00.html
5.87	1	352	24777	abundant-nes	venn_32_glowing_stack_index_single_file (1).html
5.87	1	352	21454	mythos-canon	MYTHOS-ARCHIVE/FILM/open_integration_cinematic_intro_single_file (1).html
5.87	1	352	21003	the-republic	thick-prompting.html
5.87	1	352	19618	venn-32	rhm_postits.html
5.87	1	352	19618	venn-32	rhm_postits (1).html
5.87	1	352	19618	abundant-nes	rhm_postits.html
5.87	1	352	19618	abundant-nes	rhm_postits (1).html
5.87	1	352	12703	synarchiv	sleek-drawer.html
5.87	1	352	11190	golden-lens	zine/grid-03-spectacles.html
5.87	1	352	10391	fourth-shield	forge/page-8.html
5.86	1	351	27822	abundant-nes	venn_32_glowing_stack_index_single_file (7).html
5.86	1	351	25648	unthinkable-media	hyperclay_fusion_wheel_option_2_all_out_poc_ok.html
5.86	1	351	25648	tractor-field-notes	POTTERS_WHEEL/hyperclay_fusion_wheel_option_2_all_out_poc_ok.html
5.86	1	351	25648	potters-wheel	POTTERS_WHEEL/hyperclay_fusion_wheel_option_2_all_out_poc_ok.html
5.86	1	351	25648	looking-machine	POTTERS_WHEEL/hyperclay_fusion_wheel_option_2_all_out_poc_ok.html
5.86	1	351	25648	hyperclay-editor	POTTERS_WHEEL/hyperclay_fusion_wheel_option_2_all_out_poc_ok.html
5.86	1	351	12841	arkadu	approach-comparison-tool.html
5.86	1	351	12538	gob	FARM-TO-SCREEN/parsed_master_analyst/generate_weaponized_essays.py
5.86	1	351	12538	gaze	FARM-TO-SCREEN/parsed_master_analyst/generate_weaponized_essays.py
5.86	1	351	12312	1000-small-futures	CONTEXTUAL_TOUR_OLD.js
5.86	1	351	11084	gob	parse_world_text_double.py
5.86	1	351	11084	gaze	parse_world_text_double.py
5.86	1	350	27408	venn-32	volumetric_media_nexus_unthinkable_applied (4).html
5.86	1	350	27408	abundant-nes	volumetric_media_nexus_unthinkable_applied (4).html
5.86	1	350	21896	gaze	data-dermis-05.html
5.86	1	350	17417	k2.html	chronos.html
5.86	1	350	14360	mythos-canon	index.html
5.86	1	350	10428	fourth-shield	forge/page-3.html
5.86	1	349	19176	tractor-field-notes	2400_25/arcas-02-victor-os-syntigration-timeline_GOOD.html
5.86	1	349	19176	potters-wheel	2400_25/arcas-02-victor-os-syntigration-timeline_GOOD.html
5.86	1	349	19176	os-dope	arcas-02-victor-os-syntigration-timeline_GOOD.html
5.86	1	349	19176	looking-machine	2400_25/arcas-02-victor-os-syntigration-timeline_GOOD.html
5.86	1	349	19176	hyperclay-editor	2400_25/arcas-02-victor-os-syntigration-timeline_GOOD.html
5.86	1	349	13012	synarchiv	train-fixed.html
5.86	1	348	18305	vol-air	vols-03.html
5.86	1	348	18305	tractor-field-notes	VOLHOLLA_AIR/vols-03.html
5.86	1	348	18305	looking-machine	VOLHOLLA_AIR/vols-03.html
5.86	1	348	18305	hyperclay-editor	VOLHOLLA_AIR/vols-03.html
5.86	1	348	16613	wa	ldraw-omr-extension.js
5.86	1	348	14442	vibe-crates	ship-02.html
5.86	1	348	13012	core-age	knowledge-hub.html
5.86	1	348	11035	wave	wav-kids.html
5.85	1	347	12564	making-kin	project-flow.html
5.85	1	346	19227	tractor-field-notes	FUSE/g12.html
5.85	1	346	19227	potters-wheel	FUSE/g12.html
5.85	1	346	19227	looking-machine	FUSE/g12.html
5.85	1	346	19227	intron	g12.html
5.85	1	346	19227	hyperclay-editor	FUSE/g12.html
5.85	1	346	19227	genoma	FUSE/g12.html
5.85	1	346	19227	codon	FUSE/g12.html
5.85	1	346	15524	tractor-field-notes	2400_25/f25-structured.html
5.85	1	346	15524	potters-wheel	2400_25/f25-structured.html
5.85	1	346	15524	os-dope	f25-structured.html
5.85	1	346	15524	looking-machine	2400_25/f25-structured.html
5.85	1	346	15524	hyperclay-editor	2400_25/f25-structured.html
5.85	1	346	15030	k2.html	88.html
5.85	1	345	14535	dream-organ	do-03.html
5.85	1	345	9832	fourth-shield	forge/page-5.html
5.84	1	344	15510	tractor-field-notes	FUSE/ecd15.html
5.84	1	344	15510	potters-wheel	FUSE/ecd15.html
5.84	1	344	15510	looking-machine	FUSE/ecd15.html
5.84	1	344	15510	intron	ecd15.html
5.84	1	344	15510	hyperclay-editor	FUSE/ecd15.html
5.84	1	344	15510	genoma	FUSE/ecd15.html
5.84	1	344	15510	codon	FUSE/ecd15.html
5.84	1	344	9702	wave	wvs-kids.html
5.84	1	344	8211	text-ure	media-index.html
5.84	1	343	29874	abundant-nes	hypertetrahedral_hypertext_gizmo_single_file_mobile_html_css_js (6).html
5.84	1	343	24943	rosetta-protocol	ai_studio_code - 2025-09-25T041655.548.html
5.84	1	343	16680	tractor-dce-gyo	Brickfilm_Studio_Kit/REALITY MEDIA_MOMENTO/video_capture_system_map.html
5.84	1	343	13728	role-deck	tilth-pocket-reference.html
5.84	1	343	12262	atg-3	repo-map.html
5.84	1	343	11452	tractor-dce-gyo	wag-skeleton-digital-twin.html
5.84	1	343	10845	wa	generate-mountains.js
5.84	1	342	17311	ripples	thread.html
5.84	1	342	16403	abundant-nes	spatiotemporal_tetrad_tetrahedron_mobile_three_js_canvas_show_dont_tell (1).html
5.84	1	342	12652	wa	ldraw-geometry-explorer.js
5.83	1	341	23404	gaze	data-dermis-04.html
5.83	1	341	22815	venn-32	volumetric_venn_cubes_mobile_draggable_dock (7).html
5.83	1	341	22815	abundant-nes	volumetric_venn_cubes_mobile_draggable_dock (7).html
5.83	1	341	15815	tractor-dce-gyo	timber-docs.html
5.83	1	340	24954	abundant-nes	ai_studio_code - 2025-09-29T055839.345.html
5.83	1	340	19570	echoes-algos	index.html
5.83	1	340	19570	abundant-nes	echoes_algorithms_live_audio_presentation_single_file_mobile_first.html
5.83	1	340	18171	head-neuroglow	red-33.html
5.83	1	340	17878	venn-32	rhm_faces_reader_v2.html
5.83	1	340	17878	abundant-nes	rhm_faces_reader_v2.html
5.83	1	340	16144	abundant-nes	orca_empathy_is_the_apex_predator_mobile_slide_deck_single_file_html.html
5.83	1	340	15338	tractor-field-notes	EOS/operating-system/games/echo-meadow/parent/index.html
5.83	1	340	15338	looking-machine	EOS/operating-system/games/echo-meadow/parent/index.html
5.83	1	340	15338	hyperclay-editor	EOS/operating-system/games/echo-meadow/parent/index.html
5.83	1	340	15338	eos	operating-system/games/echo-meadow/parent/index.html
5.83	1	340	9724	fourth-shield	forge/page-6.html
5.83	1	339	15167	momsaic	pp.html
5.83	1	339	14474	tractor-field-notes	EOS/operating-system/games/lumen-loom/child_ttl1/index.html
5.83	1	339	14474	looking-machine	EOS/operating-system/games/lumen-loom/child_ttl1/index.html
5.83	1	339	14474	hyperclay-editor	EOS/operating-system/games/lumen-loom/child_ttl1/index.html
5.83	1	339	14474	eos	operating-system/games/lumen-loom/child_ttl1/index.html
5.83	1	339	13489	role-deck	identity-bridge.html
5.83	1	339	9563	the-project	gallery-v3.html
5.83	1	339	8978	1000-small-futures	ring-buffer.js
5.83	1	338	22447	abundant-nes	vol_media_decks_everything_is_a_stack_v_20_hud_density_mega_mode (5).html
5.83	1	338	21647	forkit	thick_data_indented.js
5.83	1	338	18943	forkit	thick_data_manual.js
5.83	1	338	17371	silence-has-rules	cage.html
5.83	1	338	14971	fish-town	f-confine-00.html
5.82	1	337	29571	unthinkable-media	hyperclay_fusion_wheel_option_2_all_out_poc (5).html
5.82	1	337	29571	tractor-field-notes	POTTERS_WHEEL/hyperclay_fusion_wheel_option_2_all_out_poc (5).html
5.82	1	337	29571	potters-wheel	POTTERS_WHEEL/hyperclay_fusion_wheel_option_2_all_out_poc (5).html
5.82	1	337	29571	looking-machine	POTTERS_WHEEL/hyperclay_fusion_wheel_option_2_all_out_poc (5).html
5.82	1	337	29571	hyperclay-editor	POTTERS_WHEEL/hyperclay_fusion_wheel_option_2_all_out_poc (5).html
5.82	1	337	29555	unthinkable-media	hyperclay_fusion_wheel_option_2_all_out_poc (4).html
5.82	1	337	29555	tractor-field-notes	POTTERS_WHEEL/hyperclay_fusion_wheel_option_2_all_out_poc (4).html
5.82	1	337	29555	potters-wheel	POTTERS_WHEEL/hyperclay_fusion_wheel_option_2_all_out_poc (4).html
5.82	1	337	29555	looking-machine	POTTERS_WHEEL/hyperclay_fusion_wheel_option_2_all_out_poc (4).html
5.82	1	337	29555	hyperclay-editor	POTTERS_WHEEL/hyperclay_fusion_wheel_option_2_all_out_poc (4).html
5.82	1	337	26888	abundant-nes	vol_media_decks_v_18_musical_banks_stacks_of_coins_erewhon_fusion.html
5.82	1	337	18392	myth-as-os	myth_engines_saul_bass_whitney_deck_single_file.html
5.82	1	337	15910	tractor-dce-gyo	Brickfilm_Studio_Kit/REALITY MEDIA_MOMENTO/brickfilm_studio_system_map.html
5.82	1	337	14490	tractor-field-notes	EOS/operating-system/games/sky-lantern-relay/parent/index.html
5.82	1	337	14490	looking-machine	EOS/operating-system/games/sky-lantern-relay/parent/index.html
5.82	1	337	14490	hyperclay-editor	EOS/operating-system/games/sky-lantern-relay/parent/index.html
5.82	1	337	14490	eos	operating-system/games/sky-lantern-relay/parent/index.html
5.82	1	337	13494	abc-flix	TAX-FUTURE/sector_instrument.html
5.82	1	337	10901	acm	acm-02.html
5.82	1	337	9953	the-fork	RAILWAY GAME/railyard-train-agent.js
5.82	1	336	29513	abundant-nes	hypertetrahedral_hypertext_gizmo_single_file_mobile_html_css_js (5).html
5.82	1	336	29372	unthinkable-media	temporal_sculptor_gear_editor_web_m_export (6).html
5.82	1	336	29372	unthinkable-media	temporal_sculptor_gear_editor_web_m_export (5).html
5.82	1	336	29372	tractor-field-notes	POTTERS_WHEEL/temporal_sculptor_gear_editor_web_m_export (6).html
5.82	1	336	29372	tractor-field-notes	POTTERS_WHEEL/temporal_sculptor_gear_editor_web_m_export (5).html
5.82	1	336	29372	potters-wheel	POTTERS_WHEEL/temporal_sculptor_gear_editor_web_m_export (6).html
5.82	1	336	29372	potters-wheel	POTTERS_WHEEL/temporal_sculptor_gear_editor_web_m_export (5).html
5.82	1	336	29372	looking-machine	POTTERS_WHEEL/temporal_sculptor_gear_editor_web_m_export (6).html
5.82	1	336	29372	looking-machine	POTTERS_WHEEL/temporal_sculptor_gear_editor_web_m_export (5).html
5.82	1	336	29372	hyperclay-editor	POTTERS_WHEEL/temporal_sculptor_gear_editor_web_m_export (6).html
5.82	1	336	29372	hyperclay-editor	POTTERS_WHEEL/temporal_sculptor_gear_editor_web_m_export (5).html
5.82	1	336	11196	wa	generate-city.js
5.82	1	336	9667	core-age	wag-frank-tetrad-studio.html
5.82	1	335	12150	atg-3	SHUFFLE/build_forager.py
5.81	1	334	27774	tractor-field-notes	2400_25/tdl-03.html
5.81	1	334	27774	potters-wheel	2400_25/tdl-03.html
5.81	1	334	27774	os-dope	tdl-03.html
5.81	1	334	27774	looking-machine	2400_25/tdl-03.html
5.81	1	334	27774	hyperclay-editor	2400_25/tdl-03.html
5.81	1	334	12343	golden-lens	zine/page-09-chapter3.html
5.81	1	334	12278	role-deck	episode-06-complete.html
5.81	1	333	22761	abundant-nes	venn_32_glowing_stack_index_single_file.html
5.81	1	333	12941	tractor-field-notes	FUSE/ip-flex-free.html
5.81	1	333	12941	potters-wheel	FUSE/ip-flex-free.html
5.81	1	333	12941	looking-machine	FUSE/ip-flex-free.html
5.81	1	333	12941	intron	ip-flex-free.html
5.81	1	333	12941	hyperclay-editor	FUSE/ip-flex-free.html
5.81	1	333	12941	genoma	FUSE/ip-flex-free.html
5.81	1	333	12941	codon	FUSE/ip-flex-free.html
5.81	1	333	10832	acm	acm-03.html
5.81	1	333	9131	the-fork	RAILWAY GAME/railyard-game-loop.js
5.81	1	333	5260	wa	factory-style.css
5.81	1	333	5260	wa	factory-style-beta.css
5.81	1	332	19573	tractor-field-notes	FUSE/ip-flex-free-08.html
5.81	1	332	19573	potters-wheel	FUSE/ip-flex-free-08.html
5.81	1	332	19573	looking-machine	FUSE/ip-flex-free-08.html
5.81	1	332	19573	intron	ip-flex-free-08.html
5.81	1	332	19573	hyperclay-editor	FUSE/ip-flex-free-08.html
5.81	1	332	19573	genoma	FUSE/ip-flex-free-08.html
5.81	1	332	19573	codon	FUSE/ip-flex-free-08.html
5.81	1	332	9425	wave	sw-kids.html
5.81	1	331	11277	atg-3	atg-3-unified.html
5.81	1	331	10842	sense-ritual	a0.html
5.80	1	330	18455	codex-reader	reader-codex-05.html
5.80	1	330	13448	role-deck	episode-07-complete.html
5.80	1	330	13047	wave	sonic.html
5.80	1	330	11343	angel-meets-algo	i4.html
5.80	1	330	8889	ripples	engine/Kimi_Agent_RIPPLES_ Worldtext Theory Summary (1) copy/ripples-core/src/engine/simulation.js
5.80	1	329	41143	abc-flix	TUBE/sensorama_vr_futures_cone_refined.html
5.80	1	329	26142	venn-32	volumetric_venn_cubes_mobile_draggable_dock (10).html
5.80	1	329	26142	abundant-nes	volumetric_venn_cubes_mobile_draggable_dock (10).html
5.80	1	329	26141	venn-32	volumetric_venn_cubes_mobile_draggable_dock (9).html
5.80	1	329	26141	abundant-nes	volumetric_venn_cubes_mobile_draggable_dock (9).html
5.80	1	329	17074	haunted-tools	lunchables_tray_ui_playful_compartment.html
5.80	1	329	12481	tractor-field-notes	FUSE/gf1.html
5.80	1	329	12481	potters-wheel	FUSE/gf1.html
5.80	1	329	12481	looking-machine	FUSE/gf1.html
5.80	1	329	12481	intron	gf1.html
5.80	1	329	12481	hyperclay-editor	FUSE/gf1.html
5.80	1	329	12481	genoma	FUSE/gf1.html
5.80	1	329	12481	codon	FUSE/gf1.html
5.80	1	328	22443	dream-organ	do-006.html
5.80	1	328	22191	abundant-nes	venn_32_glowing_stack_index_single_file (5).html
5.80	1	328	18748	codex-reader	reader-codex-04.html
5.80	1	328	15130	wa	ldraw-custom-commands.js
5.80	1	328	14312	tractor-field-notes	EOS/operating-system/games/aurora-chimes/parent/index.html
5.80	1	328	14312	looking-machine	EOS/operating-system/games/aurora-chimes/parent/index.html
5.80	1	328	14312	hyperclay-editor	EOS/operating-system/games/aurora-chimes/parent/index.html
5.80	1	328	14312	eos	operating-system/games/aurora-chimes/parent/index.html
5.80	1	328	8654	the-project	index.html
5.79	1	327	38426	unthinkable-media	main_gear_film_engine_v_2-BET.html
5.79	1	327	38426	tractor-field-notes	POTTERS_WHEEL/main_gear_film_engine_v_2-BET.html
5.79	1	327	38426	potters-wheel	POTTERS_WHEEL/main_gear_film_engine_v_2-BET.html
5.79	1	327	38426	looking-machine	POTTERS_WHEEL/main_gear_film_engine_v_2-BET.html
5.79	1	327	38426	hyperclay-editor	POTTERS_WHEEL/main_gear_film_engine_v_2-BET.html
5.79	1	327	23963	rosetta-protocol	ai_studio_code - 2025-09-25T034546.087.html
5.79	1	327	19869	venn-32	volumetric_venn_cubes_mobile_draggable_dock (3).html
5.79	1	327	19869	abundant-nes	volumetric_venn_cubes_mobile_draggable_dock (3).html
5.79	1	327	9492	opek	UNDERSTANDING AI/generate_comic_pres.py
5.79	1	326	22521	abundant-nes	vol_stacks_isometric_sequencer_demo_single_file_canvas (3).html
5.79	1	326	14028	k2.html	ol-01.html
5.79	1	326	10143	resonome-genetic-archive	rosa-deep-03.html
5.79	1	325	23802	sense-ritual	b1.html
5.79	1	325	13157	golden-lens	zine/page-02-intro.html
5.79	1	325	9400	ripples	engine/Kimi_Agent_RIPPLES_ Worldtext Theory Summary (1) copy/app/src/components/Visualization3D.tsx
5.79	1	325	9400	ripples	app 2/src/components/Visualization3D.tsx
5.79	1	325	9400	ripples	Kimi_Agent_RIPPLES_ Worldtext Theory Summary/app/src/components/Visualization3D.tsx
5.79	1	325	9400	ripples	IMAGES/Kimi_Agent_RIPPLES_ Worldtext Theory Summary (1)/app/src/components/Visualization3D.tsx
5.78	1	324	40309	unthinkable-media	gear_narrative_engine_script_wheels_fountain_fdx_import_bet.html
5.78	1	324	40309	unthinkable-media	gear_narrative_engine_script_wheels_fountain_fdx_import.html
5.78	1	324	40309	tractor-field-notes	POTTERS_WHEEL/gear_narrative_engine_script_wheels_fountain_fdx_import_bet.html
5.78	1	324	40309	tractor-field-notes	POTTERS_WHEEL/gear_narrative_engine_script_wheels_fountain_fdx_import.html
5.78	1	324	40309	potters-wheel	POTTERS_WHEEL/gear_narrative_engine_script_wheels_fountain_fdx_import_bet.html
5.78	1	324	40309	potters-wheel	POTTERS_WHEEL/gear_narrative_engine_script_wheels_fountain_fdx_import.html
5.78	1	324	40309	looking-machine	POTTERS_WHEEL/gear_narrative_engine_script_wheels_fountain_fdx_import_bet.html
5.78	1	324	40309	looking-machine	POTTERS_WHEEL/gear_narrative_engine_script_wheels_fountain_fdx_import.html
5.78	1	324	40309	hyperclay-editor	POTTERS_WHEEL/gear_narrative_engine_script_wheels_fountain_fdx_import_bet.html
5.78	1	324	40309	hyperclay-editor	POTTERS_WHEEL/gear_narrative_engine_script_wheels_fountain_fdx_import.html
5.78	1	324	17895	tractor-field-notes	FUSE/iyex.html
5.78	1	324	17895	potters-wheel	FUSE/iyex.html
5.78	1	324	17895	looking-machine	FUSE/iyex.html
5.78	1	324	17895	intron	iyex.html
5.78	1	324	17895	hyperclay-editor	FUSE/iyex.html
5.78	1	324	17895	genoma	FUSE/iyex.html
5.78	1	324	17895	codon	FUSE/iyex.html
5.78	1	324	15154	text-ure	media-op.html
5.78	1	324	10972	opek	UNDERSTANDING AI/understanding-ai-flow.html
5.78	1	324	9559	1000-small-futures	GUIDED_TOUR.js
5.78	1	323	17738	codex-reader	reader-codex-03.html
5.78	1	323	15244	tractor-field-notes	FUSE/ecd13.html
5.78	1	323	15244	potters-wheel	FUSE/ecd13.html
5.78	1	323	15244	looking-machine	FUSE/ecd13.html
5.78	1	323	15244	intron	ecd13.html
5.78	1	323	15244	hyperclay-editor	FUSE/ecd13.html
5.78	1	323	15244	genoma	FUSE/ecd13.html
5.78	1	323	15244	codon	FUSE/ecd13.html
5.78	1	323	14781	pretext-cave	demos/lantern.ts
5.78	1	323	12637	leasing-vibes	mclu-00.html
5.78	1	323	9942	func-sub	node-viewer-integration.js
5.78	1	322	9106	1000-small-futures	temporal-index.js
5.77	1	321	12402	resonome-genetic-archive	rft-01.html
5.77	1	320	19076	tractor-field-notes	FUSE/ip-flex-free-10.html
5.77	1	320	19076	potters-wheel	FUSE/ip-flex-free-10.html
5.77	1	320	19076	looking-machine	FUSE/ip-flex-free-10.html
5.77	1	320	19076	intron	ip-flex-free-10.html
5.77	1	320	19076	hyperclay-editor	FUSE/ip-flex-free-10.html
5.77	1	320	19076	genoma	FUSE/ip-flex-free-10.html
5.77	1	320	19076	codon	FUSE/ip-flex-free-10.html
5.77	1	320	18609	venn-32	rhm_cards_on_face_v4a.html
5.77	1	320	18609	abundant-nes	rhm_cards_on_face_v4a.html
5.77	1	319	18879	venn-32	rhm_dom_v7d_mobile_pro.html
5.77	1	319	18879	abundant-nes	rhm_dom_v7d_mobile_pro.html
5.77	1	318	24072	mythos-canon	MYTHOS-ARCHIVE/FILM/attention_vibe_field_total_interconnection_single_file_film (2) (1).html
5.77	1	318	23552	rosetta-protocol	ai_studio_code - 2025-09-25T045659.169.html
5.77	1	318	23552	rosetta-protocol	ai_studio_code - 2025-09-25T034732.978.html
5.77	1	318	13174	tractor-field-notes	EOS/operating-system/games/tide-turner/child_ttl1/index.html
5.77	1	318	13174	looking-machine	EOS/operating-system/games/tide-turner/child_ttl1/index.html
5.77	1	318	13174	hyperclay-editor	EOS/operating-system/games/tide-turner/child_ttl1/index.html
5.77	1	318	13174	eos	operating-system/games/tide-turner/child_ttl1/index.html
5.76	1	317	24956	venn-32	volumetric_venn_cubes_mobile_draggable_dock (4).html
5.76	1	317	24956	abundant-nes	volumetric_venn_cubes_mobile_draggable_dock (4).html
5.76	1	317	19150	venn-32	rhm_faces_reader.html
5.76	1	317	19150	venn-32	rhm_faces_reader (1).html
5.76	1	317	19150	abundant-nes	rhm_faces_reader.html
5.76	1	317	19150	abundant-nes	rhm_faces_reader (1).html
5.76	1	317	11096	ripples	1776.html
5.76	1	317	10885	arkadu	scale-verify.py
5.76	1	317	10551	ripples	engine/Kimi_Agent_RIPPLES_ Worldtext Theory Summary (1) copy/ripples-core/src/engine/latent_library.js
5.76	1	316	31473	abundant-nes	vol_media_decks_v_19_musical_banks_coin_ontology_poml_aware.html
5.76	1	316	14679	LEGOS	index.html
5.76	1	315	28980	venn-32	volumetric_venn_cubes_mobile_draggable_dock (13).html
5.76	1	315	28980	abundant-nes	volumetric_venn_cubes_mobile_draggable_dock (13).html
5.76	1	315	14263	abc-flix	TAX-FUTURE/future_parallel_four_slices_tight.html
5.76	1	315	14078	tractor-field-notes	EOS/operating-system/games/echo-meadow/child_ttl1/index.html
5.76	1	315	14078	looking-machine	EOS/operating-system/games/echo-meadow/child_ttl1/index.html
5.76	1	315	14078	hyperclay-editor	EOS/operating-system/games/echo-meadow/child_ttl1/index.html
5.76	1	315	14078	eos	operating-system/games/echo-meadow/child_ttl1/index.html
5.76	1	315	9739	tractor-dce-gyo	wag-viewer-prime-integration-20251112-055341 copy/build-connectivity-index.js
5.75	1	314	27391	unthinkable-media	temporal_sculptor_gear_editor_web_m_export (4).html
5.75	1	314	27391	unthinkable-media	temporal_sculptor_gear_editor_web_m_export (3).html
5.75	1	314	27391	unthinkable-media	temporal_sculptor_gear_editor_web_m_export (2).html
5.75	1	314	27391	tractor-field-notes	POTTERS_WHEEL/temporal_sculptor_gear_editor_web_m_export (4).html
5.75	1	314	27391	tractor-field-notes	POTTERS_WHEEL/temporal_sculptor_gear_editor_web_m_export (3).html
5.75	1	314	27391	tractor-field-notes	POTTERS_WHEEL/temporal_sculptor_gear_editor_web_m_export (2).html
5.75	1	314	27391	potters-wheel	POTTERS_WHEEL/temporal_sculptor_gear_editor_web_m_export (4).html
5.75	1	314	27391	potters-wheel	POTTERS_WHEEL/temporal_sculptor_gear_editor_web_m_export (3).html
5.75	1	314	27391	potters-wheel	POTTERS_WHEEL/temporal_sculptor_gear_editor_web_m_export (2).html
5.75	1	314	27391	looking-machine	POTTERS_WHEEL/temporal_sculptor_gear_editor_web_m_export (4).html
5.75	1	314	27391	looking-machine	POTTERS_WHEEL/temporal_sculptor_gear_editor_web_m_export (3).html
5.75	1	314	27391	looking-machine	POTTERS_WHEEL/temporal_sculptor_gear_editor_web_m_export (2).html
5.75	1	314	27391	hyperclay-editor	POTTERS_WHEEL/temporal_sculptor_gear_editor_web_m_export (4).html
5.75	1	314	27391	hyperclay-editor	POTTERS_WHEEL/temporal_sculptor_gear_editor_web_m_export (3).html
5.75	1	314	27391	hyperclay-editor	POTTERS_WHEEL/temporal_sculptor_gear_editor_web_m_export (2).html
5.75	1	314	18956	role-deck	work_sense_tui_company_os_mobile.html
5.75	1	314	15845	ripples	17.html
5.75	1	314	14309	tractor-field-notes	2400_25/tdl-01.html
5.75	1	314	14309	potters-wheel	2400_25/tdl-01.html
5.75	1	314	14309	os-dope	tdl-01.html
5.75	1	314	14309	looking-machine	2400_25/tdl-01.html
5.75	1	314	14309	hyperclay-editor	2400_25/tdl-01.html
5.75	1	314	11443	tractor-field-notes	SHROUDED HISTORY/index.html
5.75	1	314	11443	looking-machine	SHROUDED HISTORY/index.html
5.75	1	314	11382	angel-meets-algo	i.html
5.75	1	314	8614	the-project	gallery-v2.html
5.75	1	314	6198	ripples	engine/Kimi_Agent_RIPPLES_ Worldtext Theory Summary (1) copy/app/src/index.css
5.75	1	314	6198	ripples	app 2/src/index.css
5.75	1	314	6198	ripples	Kimi_Agent_RIPPLES_ Worldtext Theory Summary/app/src/index.css
5.75	1	314	6198	ripples	IMAGES/Kimi_Agent_RIPPLES_ Worldtext Theory Summary (1)/app/src/index.css
5.75	1	313	18789	tractor-field-notes	FUSE/ip-flex-free-09.html
5.75	1	313	18789	potters-wheel	FUSE/ip-flex-free-09.html
5.75	1	313	18789	looking-machine	FUSE/ip-flex-free-09.html
5.75	1	313	18789	intron	ip-flex-free-09.html
5.75	1	313	18789	hyperclay-editor	FUSE/ip-flex-free-09.html
5.75	1	313	18789	genoma	FUSE/ip-flex-free-09.html
5.75	1	313	18789	codon	FUSE/ip-flex-free-09.html
5.75	1	313	18191	abundant-nes	hypertetrahedral_temporal_control_gizmo_single_file_three_js_html_css_js (1).html
5.75	1	313	16716	head-neuroglow	head-dipper.html
5.75	1	313	11194	tractor-dce-gyo	wag-viewer-prime-integration-20251112-055341 copy/swiss-frank-scene.html
5.75	1	312	18831	tractor-field-notes	FUSE/ip-flex-free-04.html
5.75	1	312	18831	potters-wheel	FUSE/ip-flex-free-04.html
5.75	1	312	18831	looking-machine	FUSE/ip-flex-free-04.html
5.75	1	312	18831	intron	ip-flex-free-04.html
5.75	1	312	18831	hyperclay-editor	FUSE/ip-flex-free-04.html
5.75	1	312	18831	genoma	FUSE/ip-flex-free-04.html
5.75	1	312	18831	codon	FUSE/ip-flex-free-04.html
5.75	1	312	11465	core-age	grid-nav.html
5.75	1	312	9775	1000-small-futures	tutorial-system.js
5.75	1	312	7567	core-age	scene-picker.js
5.74	1	311	26124	venn-32	stack_index_minimal_preview_single_file_html (4).html
5.74	1	311	26124	venn-32	stack_index_minimal_preview_single_file_html (3).html
5.74	1	311	26124	abundant-nes	stack_index_minimal_preview_single_file_html (4).html
5.74	1	311	26124	abundant-nes	stack_index_minimal_preview_single_file_html (3).html
5.74	1	311	25696	abundant-nes	stack_index_minimal_preview_single_file_html (11).html
5.74	1	311	18466	tractor-field-notes	FUSE/ip-flex-free-03.html
5.74	1	311	18466	potters-wheel	FUSE/ip-flex-free-03.html
5.74	1	311	18466	looking-machine	FUSE/ip-flex-free-03.html
5.74	1	311	18466	intron	ip-flex-free-03.html
5.74	1	311	18466	hyperclay-editor	FUSE/ip-flex-free-03.html
5.74	1	311	18466	genoma	FUSE/ip-flex-free-03.html
5.74	1	311	18466	codon	FUSE/ip-flex-free-03.html
5.74	1	311	18311	unthinkable-media	prime_inception_medium_poml_runner_single_file_html (5).html
5.74	1	311	18311	tractor-field-notes	POTTERS_WHEEL/prime_inception_medium_poml_runner_single_file_html (5).html
5.74	1	311	18311	potters-wheel	POTTERS_WHEEL/prime_inception_medium_poml_runner_single_file_html (5).html
5.74	1	311	18311	looking-machine	POTTERS_WHEEL/prime_inception_medium_poml_runner_single_file_html (5).html
5.74	1	311	18311	hyperclay-editor	POTTERS_WHEEL/prime_inception_medium_poml_runner_single_file_html (5).html
5.74	1	311	6421	core-age	frank-unified.css
5.74	1	310	18117	nothing-ritual	REPORT-NOTHING-RITUAL/NOTHING-RITUAL-03/index.html
5.74	1	310	17458	encoded-power	TETRAFORMER/decode-cards.html
5.74	1	310	12818	abundant-nes	platos_laundry_front_door_sepia_physics_cloth_emitter.html
5.74	1	310	10372	acm	acm-core.html
5.74	1	310	10192	jdb-ripple-remix	ripple-llm-adapter.js
5.74	1	309	23347	rosetta-protocol	ai_studio_code - 2025-09-25T041953.876.html
5.74	1	309	16700	func-sub	tra.html
5.74	1	309	12181	leasing-vibes	mclu.html
5.74	1	309	10883	wa	beta-prime-engine.js
5.73	1	308	520855	looking-machine	GAZE/creatureliness-manual-flow/index.html
5.73	1	308	95538	eos	CODEX/codex-uni-data.js
5.73	1	308	24918	media-surfer	precrime-apparatus-00.html
5.73	1	308	19077	eos	CODEX/codex-please.html
5.73	1	308	13640	tractor-field-notes	EOS/operating-system/games/bloom-orbit/child_ttl1/index.html
5.73	1	308	13640	looking-machine	EOS/operating-system/games/bloom-orbit/child_ttl1/index.html
5.73	1	308	13640	hyperclay-editor	EOS/operating-system/games/bloom-orbit/child_ttl1/index.html
5.73	1	308	13640	eos	operating-system/games/bloom-orbit/child_ttl1/index.html
5.73	1	308	12386	tractor-field-notes	SHROUDED HISTORY/Legal Analysis of Federal Art Ownership.html
5.73	1	308	12386	shroud-project	Legal Analysis of Federal Art Ownership.html
5.73	1	308	12386	looking-machine	SHROUDED HISTORY/Legal Analysis of Federal Art Ownership.html
5.73	1	307	18512	tractor-field-notes	FUSE/ip-flex-free-06.html
5.73	1	307	18512	tractor-field-notes	FUSE/ip-flex-free-05.html
5.73	1	307	18512	potters-wheel	FUSE/ip-flex-free-06.html
5.73	1	307	18512	potters-wheel	FUSE/ip-flex-free-05.html
5.73	1	307	18512	looking-machine	FUSE/ip-flex-free-06.html
5.73	1	307	18512	looking-machine	FUSE/ip-flex-free-05.html
5.73	1	307	18512	intron	ip-flex-free-06.html
5.73	1	307	18512	intron	ip-flex-free-05.html
5.73	1	307	18512	hyperclay-editor	FUSE/ip-flex-free-06.html
5.73	1	307	18512	hyperclay-editor	FUSE/ip-flex-free-05.html
5.73	1	307	18512	genoma	FUSE/ip-flex-free-06.html
5.73	1	307	18512	genoma	FUSE/ip-flex-free-05.html
5.73	1	307	18512	codon	FUSE/ip-flex-free-06.html
5.73	1	307	18512	codon	FUSE/ip-flex-free-05.html
5.73	1	307	18418	venn-32	rhm_dom_v7b.html
5.73	1	307	18418	abundant-nes	rhm_dom_v7b.html
5.73	1	306	18091	unthinkable-media	prime_inception_medium_poml_runner_single_file_html (4).html
5.73	1	306	18091	tractor-field-notes	POTTERS_WHEEL/prime_inception_medium_poml_runner_single_file_html (4).html
5.73	1	306	18091	potters-wheel	POTTERS_WHEEL/prime_inception_medium_poml_runner_single_file_html (4).html
5.73	1	306	18091	looking-machine	POTTERS_WHEEL/prime_inception_medium_poml_runner_single_file_html (4).html
5.73	1	306	18091	hyperclay-editor	POTTERS_WHEEL/prime_inception_medium_poml_runner_single_file_html (4).html
5.73	1	306	17760	island-ecology	BEES ON A TRAIN/train-engine.js
5.73	1	306	13815	haunted-tools	social_design_toolkit_bold_collapsible.html
5.73	1	306	13188	mythos-canon	MYTHOS-ARCHIVE/presentation-02-technical-specs.html
5.72	1	305	15532	abundant-nes	orca_deck_predator_paradox_update_single_file_html (2).html
5.72	1	305	15532	abundant-nes	orca_deck_predator_paradox_update_single_file_html (1).html
5.72	1	305	13413	role-deck	character-profiles.js
5.72	1	305	8907	trui	worlds/phase.html
5.72	1	304	24067	abundant-nes	vol_media_master_alley_stack_prototype_v_1 (1).html
5.72	1	304	13430	tractor-dce-gyo	wag-viewer-prime-integration-20251112-055341 copy/build-parts-index.js
5.72	1	304	9893	jdb-ripple-remix	tools/video_up_catalog.py
5.72	1	303	19711	abundant-nes	vol_stacks_isometric_sequencer_demo_single_file_canvas (2).html
5.72	1	303	13761	fish-town	f-morph-00.html
5.72	1	303	12674	abundant-nes	temporal_hypertetrahedron (1).html
5.72	1	303	12523	momsaic	ww.html
5.72	1	303	11012	wag-gallery	generate_castle.py
5.71	1	302	17024	myth-as-os	shabakh-pres.html
5.71	1	302	13800	text-ure	auden-shield/3-ekphrasis.html
5.71	1	302	13370	wa	ldraw-metadata-extension.js
5.71	1	302	12159	gaze	data-dermis-01.html
5.71	1	301	17135	gaze	data-dermis-02.html
5.71	1	301	12636	tractor-dce-gyo	build-part-taxonomy.js
5.71	1	301	10613	crest	crest/triple.html
5.71	1	300	20534	tractor-dce-gyo	block-03.html
5.71	1	300	15955	sapir	index.html
5.71	1	300	15955	sapir	cage-silence-presentation.zip/index.html
5.70	1	299	29788	platos-cave	pc-03.html
5.70	1	299	27940	venn-32	volumetric_venn_cubes_mobile_draggable_dock (12).html
5.70	1	299	27940	abundant-nes	volumetric_venn_cubes_mobile_draggable_dock (12).html
5.70	1	299	11537	resonome-genetic-archive	index.html
5.70	1	299	10203	ripples	engine/Kimi_Agent_RIPPLES_ Worldtext Theory Summary (1) copy/app/src/components/ControlPanel.tsx
5.70	1	299	10203	ripples	app 2/src/components/ControlPanel.tsx
5.70	1	299	10203	ripples	Kimi_Agent_RIPPLES_ Worldtext Theory Summary/app/src/components/ControlPanel.tsx
5.70	1	299	10203	ripples	IMAGES/Kimi_Agent_RIPPLES_ Worldtext Theory Summary (1)/app/src/components/ControlPanel.tsx
5.70	1	299	9430	golden-lens	zine/page-08-insert.html
5.70	1	299	8888	island-ecology	mobile.css
5.70	1	298	17398	sense-ritual	farm.html
5.70	1	298	16376	vol-air	vols.html
5.70	1	298	16376	tractor-field-notes	VOLHOLLA_AIR/vols.html
5.70	1	298	16376	looking-machine	VOLHOLLA_AIR/vols.html
5.70	1	298	16376	hyperclay-editor	VOLHOLLA_AIR/vols.html
5.70	1	298	14361	resonome-genetic-archive	mwut-04.html
5.70	1	298	12866	wave	past.html
5.70	1	298	9973	wave	pat.html
5.70	1	297	18116	tractor-field-notes	FUSE/ip-flex-free-07.html
5.70	1	297	18116	potters-wheel	FUSE/ip-flex-free-07.html
5.70	1	297	18116	looking-machine	FUSE/ip-flex-free-07.html
5.70	1	297	18116	intron	ip-flex-free-07.html
5.70	1	297	18116	hyperclay-editor	FUSE/ip-flex-free-07.html
5.70	1	297	18116	genoma	FUSE/ip-flex-free-07.html
5.70	1	297	18116	codon	FUSE/ip-flex-free-07.html
5.70	1	297	14836	tractor-field-notes	FUSE/m2.html
5.70	1	297	14836	potters-wheel	FUSE/m2.html
5.70	1	297	14836	looking-machine	FUSE/m2.html
5.70	1	297	14836	intron	m2.html
5.70	1	297	14836	hyperclay-editor	FUSE/m2.html
5.70	1	297	14836	genoma	FUSE/m2.html
5.70	1	297	14836	codon	FUSE/m2.html
5.70	1	297	12867	crest	crest/conquers.html
5.70	1	297	12216	tractor-dce-gyo	brick-grid-fam-00.html
5.70	1	297	10807	tractor-field-notes	bluefoot/exported-assets (7)/script_1.py
5.70	1	297	10807	tractor-field-notes	bluefoot/exported-assets (7) 2/script_1.py
5.70	1	297	10807	looking-machine	bluefoot/exported-assets (7)/script_1.py
5.70	1	297	10807	looking-machine	bluefoot/exported-assets (7) 2/script_1.py
5.70	1	297	10807	hyperclay-editor	bluefoot/exported-assets (7)/script_1.py
5.70	1	297	10807	hyperclay-editor	bluefoot/exported-assets (7) 2/script_1.py
5.70	1	297	10807	bluefoot	exported-assets (7)/script_1.py
5.70	1	297	10807	bluefoot	exported-assets (7) 2/script_1.py
5.70	1	297	9110	opek	OPERATIVES/generate_presentation_v3.py
5.69	1	296	13729	fish-town	f-school-00.html
5.69	1	296	12407	abundant-nes	temporal_hypertetrahedron.html
5.69	1	296	10461	abc-flix	TAX-FUTURE/gemini-code-1777062423049.html
5.69	1	296	9082	core-age	gar-00.html
5.69	1	295	24267	unthinkable-media	temporal_sculptor_gear_editor_web_m_export (1).html
5.69	1	295	24267	tractor-field-notes	POTTERS_WHEEL/temporal_sculptor_gear_editor_web_m_export (1).html
5.69	1	295	24267	potters-wheel	POTTERS_WHEEL/temporal_sculptor_gear_editor_web_m_export (1).html
5.69	1	295	24267	looking-machine	POTTERS_WHEEL/temporal_sculptor_gear_editor_web_m_export (1).html
5.69	1	295	24267	hyperclay-editor	POTTERS_WHEEL/temporal_sculptor_gear_editor_web_m_export (1).html
5.69	1	295	23350	venn-32	vol_media_decks_v_5_canvas_only_data_stacks (2).html
5.69	1	295	23350	abundant-nes	vol_media_decks_v_5_canvas_only_data_stacks (2).html
5.69	1	295	20613	abundant-nes	polished_tv_train_canvas_intro_final.html
5.69	1	295	15026	haunted-tools	toolbox_toolbox_index_cards.html
5.69	1	295	12524	angel-meets-algo	i5.html
5.69	1	295	10172	atg-3	SHUFFLE/forager/rocky-glossary.html
5.69	1	295	8064	fourth-shield	forge/page-2.html
5.69	1	294	11346	angel-meets-algo	index.html
5.69	1	294	10923	wa	generate-scene-files.js
5.68	1	293	29638	platos-cave	pc-01.html
5.68	1	293	25569	abundant-nes	hypertetrahedral_hypertext_gizmo_single_file_mobile_html_css_js (4).html
5.68	1	293	18345	tractor-field-notes	FUSE/iyeti.html
5.68	1	293	18345	potters-wheel	FUSE/iyeti.html
5.68	1	293	18345	looking-machine	FUSE/iyeti.html
5.68	1	293	18345	intron	iyeti.html
5.68	1	293	18345	hyperclay-editor	FUSE/iyeti.html
5.68	1	293	18345	genoma	FUSE/iyeti.html
5.68	1	293	18345	codon	FUSE/iyeti.html
5.68	1	292	19959	unthinkable-media	hyperclay_fusion_wheel_3_d_mobile_editor_single_file_html_css_js.html
5.68	1	292	19959	tractor-field-notes	POTTERS_WHEEL/hyperclay_fusion_wheel_3_d_mobile_editor_single_file_html_css_js.html
5.68	1	292	19959	potters-wheel	POTTERS_WHEEL/hyperclay_fusion_wheel_3_d_mobile_editor_single_file_html_css_js.html
5.68	1	292	19959	looking-machine	POTTERS_WHEEL/hyperclay_fusion_wheel_3_d_mobile_editor_single_file_html_css_js.html
5.68	1	292	19959	hyperclay-editor	POTTERS_WHEEL/hyperclay_fusion_wheel_3_d_mobile_editor_single_file_html_css_js.html
5.68	1	292	9867	k2.html	rlm/midi_writer.py
5.68	1	292	9048	core-age	lab-hub.html
5.68	1	291	24205	spuddy-west	index.html
5.68	1	291	10027	wh-ripple	generate-github-index.py
5.67	1	289	16787	abundant-nes	muybridge_bullet_time_media_for_thinking_the_unthinkable_mobile (2).html
5.67	1	289	10504	witt	new-por.html
5.67	1	289	10137	jdb-ripple-remix	indexgpt.html
5.67	1	289	9844	opek	OPERATIVES/update_manifest_b4.py
5.67	2	16	896	moto	VOLHOLLA/mall-patchworld-ingest.html
5.67	1	288	18482	angel-meets-algo	d3.html
5.67	1	288	15428	liberty-machines	vape-loop.html
5.67	1	288	15261	abundant-nes	hypertetrahedral_temporal_control_surface_pure_show_dont_tell_single_file_three.html
5.67	1	288	14346	abundant-nes	platos_laundry_three.html
5.67	1	288	14346	abundant-nes	platos_laundry_three (1).html
5.67	1	288	10879	opek	OPERATIVES/update_manifest_b3p1.py
5.67	1	288	8499	tractor-dce-gyo	taxonetic.html
5.66	1	287	18242	head-neuroglow	head-clipper.html
5.66	1	287	6878	media-surfer	index.html
5.66	1	286	32314	unthinkable-media	main_gear_film_engine_pro_arc_mix_controls.html
5.66	1	286	32314	tractor-field-notes	POTTERS_WHEEL/main_gear_film_engine_pro_arc_mix_controls.html
5.66	1	286	32314	potters-wheel	POTTERS_WHEEL/main_gear_film_engine_pro_arc_mix_controls.html
5.66	1	286	32314	looking-machine	POTTERS_WHEEL/main_gear_film_engine_pro_arc_mix_controls.html
5.66	1	286	32314	hyperclay-editor	POTTERS_WHEEL/main_gear_film_engine_pro_arc_mix_controls.html
5.66	1	286	16942	angel-meets-algo	b4.html
5.66	1	286	11195	wa	ldraw-multi-model-loader.js
5.66	1	286	11109	pretext-cave	demos/cultural-brain.ts
5.66	1	285	24658	rosetta-protocol	ai_studio_code - 2025-09-25T042455.142.html
5.66	1	285	24410	venn-32	vol_media_decks_v_5_canvas_only_data_stacks (3).html
5.66	1	285	24410	abundant-nes	vol_media_decks_v_5_canvas_only_data_stacks (3).html
5.66	1	285	23399	abundant-nes	stack_index_minimal_preview_single_file_html (12).html
5.66	1	285	22718	abc-flix	TUBE/parts/pin.html
5.66	1	285	17609	role-deck	work_sense_tui_company_os_mobile (2).html
5.66	1	285	17609	role-deck	work_sense_tui_company_os_mobile (1).html
5.66	1	285	15833	abundant-nes	saul_bass_video_door_single_file_no_react.html
5.66	1	285	15833	abundant-nes	saul_bass_video_door_single_file_no_react (1).html
5.66	1	285	13606	angel-meets-algo	d1.html
5.66	1	285	13606	angel-meets-algo	d0.html
5.65	1	284	433130	looking-machine	GAZE/creatureliness-singular-pages/index.html
5.65	1	284	19779	abundant-nes	vol_media_decks_everything_is_a_stack_v_20_hud_density_mega_mode (4).html
5.65	1	284	19779	abundant-nes	vol_media_decks_everything_is_a_stack_v_20_hud_density_mega_mode (3).html
5.65	1	284	16406	abundant-nes	rhm_venn_stacks_v2b.html
5.65	1	284	12605	tractor-field-notes	EOS/operating-system/games/aurora-chimes/child_ttl1/index.html
5.65	1	284	12605	looking-machine	EOS/operating-system/games/aurora-chimes/child_ttl1/index.html
5.65	1	284	12605	hyperclay-editor	EOS/operating-system/games/aurora-chimes/child_ttl1/index.html
5.65	1	284	12605	eos	operating-system/games/aurora-chimes/child_ttl1/index.html
5.65	1	284	12230	tractor-field-notes	EOS/operating-system/games/sky-lantern-relay/child_ttl1/index.html
5.65	1	284	12230	looking-machine	EOS/operating-system/games/sky-lantern-relay/child_ttl1/index.html
5.65	1	284	12230	hyperclay-editor	EOS/operating-system/games/sky-lantern-relay/child_ttl1/index.html
5.65	1	284	12230	eos	operating-system/games/sky-lantern-relay/child_ttl1/index.html
5.65	1	284	11619	volholla	mountains-00.html
5.65	1	284	11056	platos-cave	sm-02.html
5.65	1	284	8637	golden-lens	zine/page-07-overlay.html
5.65	1	283	22274	angel-meets-algo	a4.html
5.65	1	283	11881	metisim	index-fused.html
5.65	1	282	21316	vol-air	vol.html
5.65	1	282	21316	tractor-field-notes	VOLHOLLA_AIR/vol.html
5.65	1	282	21316	looking-machine	VOLHOLLA_AIR/vol.html
5.65	1	282	21316	hyperclay-editor	VOLHOLLA_AIR/vol.html
5.65	1	282	19929	abundant-nes	hypertetrahedral_hypertext_gizmo_single_file_mobile_html_css_js.html
5.65	1	282	9621	golden-lens	zine/page-06-chapter2.html
5.64	1	281	10976	role-deck	corporate-corruption-anthology.html
5.64	1	281	9060	role-deck	ethics-index.html
5.64	1	280	14023	witt	flab.html
5.64	1	280	10798	leasing-vibes	geertz.html
5.64	1	280	9700	moto	VOLHOLLA/radio.js
5.64	1	280	8920	k2.html	rlm/playlist_agent.py
5.63	1	279	10392	text-ure	urn-3/1.html
5.63	1	278	18773	abundant-nes	venn_32_glowing_stack_index_single_file (4).html
5.63	1	278	11217	arkadu	arkadu-scan.py
5.63	1	278	9995	medium-as-operator	research-op.html
5.63	1	278	6769	fuzzy-linkography	think.html
5.63	1	277	20069	venn-32	volumetric_venn_cubes_mobile_draggable_dock (8).html
5.63	1	277	20069	abundant-nes	volumetric_venn_cubes_mobile_draggable_dock (8).html
5.63	1	277	13740	head-neuroglow	head-evo-03.html
5.63	1	277	10901	island-ecology	BEES ON A TRAIN/screenplay-director.js
5.63	1	277	10084	arkadu	index.html
5.62	1	276	15969	crest	oc.html
5.62	1	276	12483	LEGOS	thousand/script_7.py
5.62	1	276	12483	1000-small-futures	1000-small-per/script_7.py
5.62	1	276	10233	island-ecology	index_of_indexes.html
5.62	1	276	10111	sr-os	core.js
5.62	1	276	9182	arkadu	kern/deep_scan.py
5.62	1	276	8528	golden-lens	zine/page-05-tools.html
5.62	1	275	24984	venn-32	stack_index_minimal_preview_single_file_html (2).html
5.62	1	275	24984	abundant-nes	stack_index_minimal_preview_single_file_html (2).html
5.62	1	275	15524	nothing-ritual	REPORT-NOTHING-RITUAL/NOTHING-RITUAL-05/index.html
5.62	1	275	14173	role-deck	01-silenced-educator/essay.html
5.62	1	275	9239	operation-describe	extract-sources.py
5.62	1	275	9046	opek	UNDERSTANDING AI/generate_flow_pres.py
5.62	1	274	24519	unthinkable-media	hyperclay_fusion_wheel_3_d_mobile_editor_single_file_html_css_js (1).html
5.62	1	274	24519	tractor-field-notes	POTTERS_WHEEL/hyperclay_fusion_wheel_3_d_mobile_editor_single_file_html_css_js (1).html
5.62	1	274	24519	potters-wheel	POTTERS_WHEEL/hyperclay_fusion_wheel_3_d_mobile_editor_single_file_html_css_js (1).html
5.62	1	274	24519	looking-machine	POTTERS_WHEEL/hyperclay_fusion_wheel_3_d_mobile_editor_single_file_html_css_js (1).html
5.62	1	274	24519	hyperclay-editor	POTTERS_WHEEL/hyperclay_fusion_wheel_3_d_mobile_editor_single_file_html_css_js (1).html
5.62	1	274	18916	venn-32	vol_media_decks_v7.html
5.62	1	274	18916	abundant-nes	vol_media_decks_v7.html
5.62	1	274	13095	abundant-nes	platos_laundry_apparatus_gully_build.html
5.62	1	274	8965	tractor-field-notes	SHROUDED HISTORY/visualize2.html
5.62	1	274	8965	shroud-project	visualize2.html
5.62	1	274	8965	looking-machine	SHROUDED HISTORY/visualize2.html
5.62	1	274	8483	tractor-dce-gyo	parse-chapter-dialogue.js
5.62	1	274	8380	ripples	engine/Kimi_Agent_RIPPLES_ Worldtext Theory Summary (1) copy/app/src/components/ui/menubar.tsx
5.62	1	274	8380	ripples	app/src/components/ui/menubar.tsx
5.62	1	274	8380	ripples	app 2/src/components/ui/menubar.tsx
5.62	1	274	8380	ripples	Kimi_Agent_RIPPLES_ Worldtext Theory Summary/app/src/components/ui/menubar.tsx
5.62	1	274	8380	ripples	IMAGES/Kimi_Agent_RIPPLES_ Worldtext Theory Summary (1)/app/src/components/ui/menubar.tsx
5.62	1	274	8290	ripples	engine/visualization-adapter.js
5.61	1	273	17180	text-ure	auden-shield/4-carey-ritual.html
5.61	1	273	16002	1000-small-futures	thousand-king-tut copy.html
5.61	1	273	15933	unthinkable-media	index_minimal.html
5.61	1	273	15933	tractor-field-notes	POTTERS_WHEEL/index_minimal.html
5.61	1	273	15933	potters-wheel	POTTERS_WHEEL/index_minimal.html
5.61	1	273	15933	looking-machine	POTTERS_WHEEL/index_minimal.html
5.61	1	273	15933	hyperclay-editor	POTTERS_WHEEL/index_minimal.html
5.61	1	272	15037	liberty-machines	base-00.html
5.61	1	272	11119	mp	index.html
5.61	1	272	11071	wa	ldraw-individual-renderer.js
5.61	1	272	8383	tractor-dce-gyo	research-index.html
5.61	1	271	25134	rosetta-protocol	ai_studio_code - 2025-09-25T043004.278.html
5.61	1	271	15568	fish-town	OPERATIVE/paintlock-duels.html
5.61	1	271	12206	tractor-dce-gyo	Brickfilm_Studio_Kit/REALITY MEDIA_MOMENTO/momento_system_map.html
5.61	1	271	10556	wa	generate-topo-files-geometry.js
5.61	1	271	9117	core-age	verify_neuro_system.html
5.60	1	270	25441	feedfall	hut.html
5.60	1	270	15940	myth-as-os	death-of-author.html
5.60	1	270	15083	mythos-canon	essays/essay_mythic.html
5.60	1	270	9673	tractor-field-notes	DYAD/generate-bracket.js
5.60	1	270	9673	looking-machine	DYAD/generate-bracket.js
5.60	1	270	9673	dyad	generate-bracket.js
5.60	1	270	8808	gob	FARM-TO-SCREEN/parse_master_analyst.py
5.60	1	270	8808	gaze	FARM-TO-SCREEN/parse_master_analyst.py
5.60	1	270	5344	ripples	app/src/index.css
5.60	1	269	9290	wave	clina.html
5.59	1	268	17388	venn-32	volumetric_venn_cubes_mobile_draggable_dock (6).html
5.59	1	268	17388	abundant-nes	volumetric_venn_cubes_mobile_draggable_dock (6).html
5.59	1	268	13581	head-neuroglow	head-up.html
5.59	1	268	12833	venn-32	rhm_deck_overlap.html
5.59	1	268	12833	abundant-nes	rhm_deck_overlap.html
5.59	1	268	10622	wa	generate-topo-files.js
5.59	1	268	8833	wa	flatten-part.js
5.59	1	268	8087	tractor-dce-gyo	build-minifig-batch-mpds.js
5.59	1	267	24570	venn-32	volumetric_media_nexus_unthinkable_applied (3).html
5.59	1	267	24570	abundant-nes	volumetric_media_nexus_unthinkable_applied (3).html
5.59	1	267	18233	abundant-nes	vol_media_decks_everything_is_a_stack_v_20_hud_density_mega_mode (2).html
5.59	1	267	18126	abundant-nes	venn_32_glowing_stack_index_single_file (3).html
5.59	1	267	13324	abundant-nes	rhm_venn_stacks_v1.html
5.59	1	266	29028	unthinkable-media	cinematic_data_wall_tetrad_edition_mobile_no_deps.html
5.59	1	266	29028	tractor-field-notes	POTTERS_WHEEL/cinematic_data_wall_tetrad_edition_mobile_no_deps.html
5.59	1	266	29028	potters-wheel	POTTERS_WHEEL/cinematic_data_wall_tetrad_edition_mobile_no_deps.html
5.59	1	266	29028	looking-machine	POTTERS_WHEEL/cinematic_data_wall_tetrad_edition_mobile_no_deps.html
5.59	1	266	29028	hyperclay-editor	POTTERS_WHEEL/cinematic_data_wall_tetrad_edition_mobile_no_deps.html
5.59	1	266	15781	venn-32	rhm_dom_v7c_mobile.html
5.59	1	266	15781	abundant-nes	rhm_dom_v7c_mobile.html
5.59	1	266	15612	unthinkable-media	prime_inception_medium_poml_runner_single_file_BET.html
5.59	1	266	15612	tractor-field-notes	POTTERS_WHEEL/prime_inception_medium_poml_runner_single_file_BET.html
5.59	1	266	15612	potters-wheel	POTTERS_WHEEL/prime_inception_medium_poml_runner_single_file_BET.html
5.59	1	266	15612	looking-machine	POTTERS_WHEEL/prime_inception_medium_poml_runner_single_file_BET.html
5.59	1	266	15612	hyperclay-editor	POTTERS_WHEEL/prime_inception_medium_poml_runner_single_file_BET.html
5.59	1	266	14605	venn-32	vol_media_decks_v6.html
5.59	1	266	14605	abundant-nes	vol_media_decks_v6.html
5.59	1	266	13408	media-surfer	speculative-ledger-v2.html
5.58	1	265	22687	feedfall	video_full.html
5.58	1	265	14230	encoded-power	TETRAFORMER/card.html
5.58	1	265	8719	arkadu	genoma-sequencer.py
5.58	1	264	31524	abc-flix	TUBE/clip_surgery_bay_single_file_html.html
5.58	1	264	20542	venn-32	vol_media_decks_v_5_canvas_only_data_stacks (1).html
5.58	1	264	20542	abundant-nes	vol_media_decks_v_5_canvas_only_data_stacks (1).html
5.58	1	264	14681	codex-reader	reader-codex-02.html
5.58	1	264	7683	tractor-dce-gyo	mobile-weaver-studio.html
5.58	1	264	7556	pretext-cave	demos/bat.html
5.58	1	264	6735	resonome-genetic-archive	hypno-res-01.html
5.58	1	263	20369	sense-ritual	narrative-meshwork-02.html
5.58	1	263	20369	sense-ritual	narrative-garden-v03.html
5.58	1	263	10241	1000-small-futures	tutorial-scenes.js
5.58	1	263	9188	role-deck	08-values-treasurer/tiered-principles.html
5.58	1	263	8477	k2.html	rlm/rlm_local.py
5.58	1	263	7679	sense-ritual	garden-index.html
5.57	1	262	12569	mythos-canon	MYTHOS-ARCHIVE/presentation-01-sts-theory.html
5.57	1	262	11549	angel-meets-algo	i6.html
5.57	1	262	10712	mythos-canon	MYTHOS-ARCHIVE/critical-essays-viewer.html
5.57	1	261	10118	opek	OPERATIVES/update_manifest.py
5.56	1	260	23110	venn-32	volumetric_media_nexus_unthinkable_applied (2).html
5.56	1	260	23110	abundant-nes	volumetric_media_nexus_unthinkable_applied (2).html
5.56	1	260	22329	feedfall	video-stacker-02.html
5.56	1	260	18094	venn-32	rhm_dom_v7h_read_guaranteed.html
5.56	1	260	18094	abundant-nes	rhm_dom_v7h_read_guaranteed.html
5.56	1	260	11697	vol-air	exported-assets (10)/index.html
5.56	1	260	11697	tractor-field-notes	VOLHOLLA_AIR/exported-assets (10)/index.html
5.56	1	260	11697	looking-machine	VOLHOLLA_AIR/exported-assets (10)/index.html
5.56	1	260	11697	hyperclay-editor	VOLHOLLA_AIR/exported-assets (10)/index.html
5.56	1	260	8770	1000-small-futures	session-viewer-filmic.js
5.56	1	259	22328	feedfall	video-02.html
5.56	1	259	13134	unthinkable-media	index.html
5.56	1	259	13134	tractor-field-notes	POTTERS_WHEEL/index.html
5.56	1	259	13134	potters-wheel	POTTERS_WHEEL/index.html
5.56	1	259	13134	looking-machine	POTTERS_WHEEL/index.html
5.56	1	259	13134	hyperclay-editor	POTTERS_WHEEL/index.html
5.56	1	259	10243	resonome-genetic-archive	deep-res-01.html
5.56	1	259	7118	text-ure	urn-52/index.html
5.56	1	258	24562	abundant-nes	hypertetrahedral_hypertext_gizmo_single_file_mobile_html_css_js (1).html
5.56	1	258	22559	abundant-nes	stack_index_minimal_preview_single_file_html (9).html
5.56	1	258	12777	angel-meets-algo	i1.html
5.56	1	258	9588	eos	CODEX/parse_sections_formatted.py
5.55	1	257	46442	abc-flix	SWARMS/icaro-pro-v2.html
5.55	1	257	23668	venn-32	stack_index_minimal_preview_single_file_html.html
5.55	1	257	23668	abundant-nes	stack_index_minimal_preview_single_file_html.html
5.55	1	257	22909	unthinkable-media	cinome_sculpting_chamber_centered_infinity_mobile_no_deps.html
5.55	1	257	22909	tractor-field-notes	POTTERS_WHEEL/cinome_sculpting_chamber_centered_infinity_mobile_no_deps.html
5.55	1	257	22909	potters-wheel	POTTERS_WHEEL/cinome_sculpting_chamber_centered_infinity_mobile_no_deps.html
5.55	1	257	22909	looking-machine	POTTERS_WHEEL/cinome_sculpting_chamber_centered_infinity_mobile_no_deps.html
5.55	1	257	22909	hyperclay-editor	POTTERS_WHEEL/cinome_sculpting_chamber_centered_infinity_mobile_no_deps.html
5.55	1	257	21780	unthinkable-media	cinome_sculpting_chamber_mobile_no_deps.html
5.55	1	257	21780	tractor-field-notes	POTTERS_WHEEL/cinome_sculpting_chamber_mobile_no_deps.html
5.55	1	257	21780	potters-wheel	POTTERS_WHEEL/cinome_sculpting_chamber_mobile_no_deps.html
5.55	1	257	21780	looking-machine	POTTERS_WHEEL/cinome_sculpting_chamber_mobile_no_deps.html
5.55	1	257	21780	hyperclay-editor	POTTERS_WHEEL/cinome_sculpting_chamber_mobile_no_deps.html
5.55	1	257	10370	resonome-genetic-archive	simsim2.html
5.55	1	256	28615	unthinkable-media	morphic_mergefield_mobile_canvas_prototype_html_css_js_single_file (2).html
5.55	1	256	28615	tractor-field-notes	POTTERS_WHEEL/morphic_mergefield_mobile_canvas_prototype_html_css_js_single_file (2).html
5.55	1	256	28615	potters-wheel	POTTERS_WHEEL/morphic_mergefield_mobile_canvas_prototype_html_css_js_single_file (2).html
5.55	1	256	28615	looking-machine	POTTERS_WHEEL/morphic_mergefield_mobile_canvas_prototype_html_css_js_single_file (2).html
5.55	1	256	28615	hyperclay-editor	POTTERS_WHEEL/morphic_mergefield_mobile_canvas_prototype_html_css_js_single_file (2).html
5.55	1	256	6753	golden-lens	zine/page-01-cover.html
5.55	1	255	19562	sense-ritual	narrative-garden-v04.html
5.55	1	255	13785	abundant-nes	rhm_three_v9c_depth.html
5.55	1	255	13116	trui	index.html
5.55	1	255	8410	ripples	engine/Kimi_Agent_RIPPLES_ Worldtext Theory Summary (1) copy/app/src/components/ui/dropdown-menu.tsx
5.55	1	255	8410	ripples	app/src/components/ui/dropdown-menu.tsx
5.55	1	255	8410	ripples	app 2/src/components/ui/dropdown-menu.tsx
5.55	1	255	8410	ripples	Kimi_Agent_RIPPLES_ Worldtext Theory Summary/app/src/components/ui/dropdown-menu.tsx
5.55	1	255	8410	ripples	IMAGES/Kimi_Agent_RIPPLES_ Worldtext Theory Summary (1)/app/src/components/ui/dropdown-menu.tsx
5.54	1	254	20211	abundant-nes	stack_index_minimal_preview_single_file_html (10).html
5.54	1	254	17604	chrono-mix	index.html
5.54	1	254	8232	resonome-genetic-archive	res-phys.html
5.54	1	253	11944	shoot-is-program	flusser_4_platforms_clean_deck.html
5.53	1	252	17518	abundant-nes	vol_stacks_isometric_sequencer_demo_single_file_canvas (1).html
5.53	1	252	15901	venn-32	rhm_dom_v7f_fix_stacks_colors_overlay.html
5.53	1	252	15901	abundant-nes	rhm_dom_v7f_fix_stacks_colors_overlay.html
5.53	1	252	12758	fish-town	OPERATIVE/wolfdung-signals.html
5.53	1	252	10207	tractor-dce-gyo	generate-part-catalogs.js
5.53	1	252	9891	eos	CODEX/parse_notes.py
5.53	1	252	8274	ripples	engine/Kimi_Agent_RIPPLES_ Worldtext Theory Summary (1) copy/app/src/components/ui/context-menu.tsx
5.53	1	252	8274	ripples	app/src/components/ui/context-menu.tsx
5.53	1	252	8274	ripples	app 2/src/components/ui/context-menu.tsx
5.53	1	252	8274	ripples	Kimi_Agent_RIPPLES_ Worldtext Theory Summary/app/src/components/ui/context-menu.tsx
5.53	1	252	8274	ripples	IMAGES/Kimi_Agent_RIPPLES_ Worldtext Theory Summary (1)/app/src/components/ui/context-menu.tsx
5.53	1	252	7614	the-fork	RAILWAY GAME/railyard-rendering.js
5.53	1	252	6727	text-ure	extract_poml.py
5.53	1	251	22943	rosetta-protocol	ai_studio_code - 2025-09-25T043347.587.html
5.53	1	251	13324	encoded-power	TETRAFORMER/cards-duel.html
5.53	1	251	11658	dream-organ	do-04.html
5.53	1	250	13550	venn-32	rhm_three_v9.html
5.53	1	250	13550	abundant-nes	rhm_three_v9.html
5.53	1	250	11534	abundant-nes	tetrad_tetrahedron (1).html
5.52	1	249	23708	venn-32	volumetric_venn_cubes_mobile_draggable_dock (11).html
5.52	1	249	23708	abundant-nes	volumetric_venn_cubes_mobile_draggable_dock (11).html
5.52	1	248	17072	venn-32	rhm_dom_v7e_mobile_cards.html
5.52	1	248	17072	abundant-nes	rhm_dom_v7e_mobile_cards.html
5.52	1	248	16830	unthinkable-media	cinematic_data_wall_editor_mobile_single_file_no_deps (1).html
5.52	1	248	16830	tractor-field-notes	POTTERS_WHEEL/cinematic_data_wall_editor_mobile_single_file_no_deps (1).html
5.52	1	248	16830	potters-wheel	POTTERS_WHEEL/cinematic_data_wall_editor_mobile_single_file_no_deps (1).html
5.52	1	248	16830	looking-machine	POTTERS_WHEEL/cinematic_data_wall_editor_mobile_single_file_no_deps (1).html
5.52	1	248	16830	hyperclay-editor	POTTERS_WHEEL/cinematic_data_wall_editor_mobile_single_file_no_deps (1).html
5.52	1	248	10595	role-deck	tilth-designer-scenarios.js
5.52	1	248	8157	trui	launcher.js
5.52	1	248	8144	tractor-dce-gyo	wag-viewer-prime-integration-20251112-055341 copy/swiss-quickstart.html
5.52	1	248	7388	golden-lens	zine/page-04-rebus.html
5.51	1	247	15224	codex-reader	reader-codex-06.html
5.51	1	247	13470	abundant-nes	tetrad_tetrahedron (2).html
5.51	1	247	12198	pretext-cave	demos/spotlight.ts
5.51	1	247	9440	synarchiv	train-simple.html
5.51	1	247	8946	eos	CODEX/parse_sections_to_json.py
5.51	1	247	8816	resonome-genetic-archive	rosa-deep-01.html
5.51	1	247	6734	wag-gallery	index.html
5.51	1	246	15153	windows-and-mirrors	closure-foraging-deck.zip/index.html
5.51	1	246	8442	resonome-genetic-archive	rosa-deep-02.html
5.51	1	246	6145	ripples	engine/Kimi_Agent_RIPPLES_ Worldtext Theory Summary (1) copy/app/src/components/ui/field.tsx
5.51	1	246	6145	ripples	app/src/components/ui/field.tsx
5.51	1	246	6145	ripples	app 2/src/components/ui/field.tsx
5.51	1	246	6145	ripples	Kimi_Agent_RIPPLES_ Worldtext Theory Summary/app/src/components/ui/field.tsx
5.51	1	246	6145	ripples	IMAGES/Kimi_Agent_RIPPLES_ Worldtext Theory Summary (1)/app/src/components/ui/field.tsx
5.51	1	245	14780	os-dope-faa	pragmatism-protocol-00-BET.html
5.51	1	245	14000	venn-32	volumetric_media_nexus_unthinkable_applied.html
5.51	1	245	14000	abundant-nes	volumetric_media_nexus_unthinkable_applied.html
5.51	1	245	13318	novus-groove	an-spin.html
5.51	1	245	6881	ripples	audio/orca/desktop/sources/scripts/core/io/midi.js
5.50	1	244	29066	abundant-nes	vol_media_decks_everything_is_a_stack_v_20_hud_density_mega_mode.html
5.50	1	244	22010	myth-as-os	nomad_vs_state_smooth_striated_grid_abm_mobile_single_file (2).html
5.50	1	244	11786	head-neuroglow	head-evo-04.html
5.50	1	243	22689	venn-32	stack_index_minimal_preview_single_file_html (1).html
5.50	1	243	22689	abundant-nes	stack_index_minimal_preview_single_file_html (1).html
5.50	1	243	18348	os-dope-faa	watch-tone.html
5.50	1	243	18348	leasing-vibes	watch-your-tone.html
5.50	1	243	12276	looking-machine	GAZE/04.html
5.50	1	243	6305	vibe-crates	radio.html
5.49	1	242	42698	abc-flix	TUBE/archive/preview (55).html
5.49	1	242	42698	abc-flix	TUBE/archive/preview (54).html
5.49	1	242	14530	mythos-canon	MYTHOS-ARCHIVE/research_composer.html
5.49	1	242	12331	liberty-machines	Thank-You-For-Being-Free.html
5.49	1	242	12132	mythos-canon	MYTHOS-ARCHIVE/mythos-defense-presentation.html
5.49	1	242	8227	resonome-genetic-archive	oscillator-playground.html
5.49	1	242	7577	resonome-genetic-archive	live-morph.html
5.49	1	242	5395	tractor-dce-gyo	Words Assemble Worlds (1)/index.html
5.48	1	240	19261	mythos-canon	MYTHOS-ARCHIVE/LIBERATION-MANIFESTO-LIVE.html
5.48	1	240	13597	unthinkable-media	hyperclay_mobile_mixer_single_file_html_works_with_real_video-blob-BET.html
5.48	1	240	13597	tractor-field-notes	POTTERS_WHEEL/hyperclay_mobile_mixer_single_file_html_works_with_real_video-blob-BET.html
5.48	1	240	13597	potters-wheel	POTTERS_WHEEL/hyperclay_mobile_mixer_single_file_html_works_with_real_video-blob-BET.html
5.48	1	240	13597	looking-machine	POTTERS_WHEEL/hyperclay_mobile_mixer_single_file_html_works_with_real_video-blob-BET.html
5.48	1	240	13597	hyperclay-editor	POTTERS_WHEEL/hyperclay_mobile_mixer_single_file_html_works_with_real_video-blob-BET.html
5.48	1	240	11690	liberty-machines	the-smoke-of-liberty.html
5.48	1	240	10028	itinerant-prompt	apple.html
5.48	1	240	7173	novus-groove	index.html
5.48	1	240	6971	ripples	app/src/hooks/useWorldState.ts
5.48	1	239	8569	role-deck	07-conditional-person/maslow-lock.html
5.48	1	239	6493	text-ure	urn-3/index.html
5.48	1	239	5542	ripples	engine/Kimi_Agent_RIPPLES_ Worldtext Theory Summary (1) copy/app/src/components/ui/carousel.tsx
5.48	1	239	5542	ripples	app/src/components/ui/carousel.tsx
5.48	1	239	5542	ripples	app 2/src/components/ui/carousel.tsx
5.48	1	239	5542	ripples	Kimi_Agent_RIPPLES_ Worldtext Theory Summary/app/src/components/ui/carousel.tsx
5.48	1	239	5542	ripples	IMAGES/Kimi_Agent_RIPPLES_ Worldtext Theory Summary (1)/app/src/components/ui/carousel.tsx
5.48	1	238	22390	abundant-nes	vol_media_edge_controls_as_pure_stacks.html
5.48	1	238	15392	venn-32	rhm_dom_v7g_auto_fit.html
5.48	1	238	15392	abundant-nes	rhm_dom_v7g_auto_fit.html
5.48	1	238	6658	tractor-dce-gyo	Brickfilm_Studio_Kit/REALITY MEDIA_MOMENTO/video_capture_manager.js
5.47	1	237	13712	abundant-nes	spatiotemporal_tetrad_tetrahedron_mobile_three_js_canvas_show_dont_tell (3).html
5.47	1	237	8826	myth-as-os	bundle_program.py
5.47	1	237	7870	world-heat	index.html
5.47	1	236	20244	abundant-nes	sea_sequencer_responsive_edge_controls_v_2.html
5.47	1	236	10244	sense-ritual	test-final-screen.html
5.47	1	236	6011	text-ure	shield 52/index.html
5.46	1	235	20994	abundant-nes	hypertetrahedral_hypertext_gizmo_single_file_mobile_html_css_js (2).html
5.46	1	235	8262	resonome-genetic-archive	rosa-deep-00.html
5.46	1	235	7359	volholla	CONSTRUCTORS/mythic-journey-00.html
5.46	1	234	20360	abundant-nes	vol_media_decks_everything_is_a_stack_v_20_hud_density_mega_mode (6).html
5.46	1	234	12346	looking-machine	GAZE/creatureliness-manual-pages/01-the-split-westworld.html
5.46	1	234	9016	metisim	index-ochre.html
5.46	1	234	7840	golden-lens	zine/page-03-chapter1.html
5.46	1	233	5893	tractor-field-notes	TRACTOR FOLKLOGICUS/index.html
5.46	1	233	5893	looking-machine	TRACTOR FOLKLOGICUS/index.html
5.45	1	232	16889	abundant-nes	vol_media_master_alley_stack_prototype_v_1.html
5.45	1	232	16358	abundant-nes	vol_media_decks_everything_is_a_stack_v_20_hud_density_mega_mode (1).html
5.45	1	232	11008	head-neuroglow	red.html
5.45	1	232	10351	sense-ritual	generate_sonic_beats.py
5.45	1	232	9156	platos-cave	pc-02.html
5.45	1	232	8991	ripples	engine/Kimi_Agent_RIPPLES_ Worldtext Theory Summary (1) copy/app/src/components/Sidebar.tsx
5.45	1	232	8991	ripples	app 2/src/components/Sidebar.tsx
5.45	1	232	8991	ripples	Kimi_Agent_RIPPLES_ Worldtext Theory Summary/app/src/components/Sidebar.tsx
5.45	1	232	8991	ripples	IMAGES/Kimi_Agent_RIPPLES_ Worldtext Theory Summary (1)/app/src/components/Sidebar.tsx
5.45	1	231	21137	nexadoc-jar	nd-00.html
5.45	1	231	11927	codex-reader	reader.html
5.45	1	231	9780	func-sub	dsl-01.html
5.45	1	231	8708	tractor-field-notes	FUSE/g4.html
5.45	1	231	8708	potters-wheel	FUSE/g4.html
5.45	1	231	8708	looking-machine	FUSE/g4.html
5.45	1	231	8708	intron	g4.html
5.45	1	231	8708	hyperclay-editor	FUSE/g4.html
5.45	1	231	8708	genoma	FUSE/g4.html
5.45	1	231	8708	codon	FUSE/g4.html
5.45	1	231	7282	tractor-dce-gyo	sitemap-manifold-index.html
5.45	1	231	6882	resonome-genetic-archive	drt-portal.html
5.44	1	230	11255	head-neuroglow	head-evolution.html
5.44	1	230	11216	abundant-nes	abunes-07.html
5.44	1	230	8751	ripples	engine/Kimi_Agent_RIPPLES_ Worldtext Theory Summary (1) copy/app/src/components/AuditLog.tsx
5.44	1	230	8751	ripples	app 2/src/components/AuditLog.tsx
5.44	1	230	8751	ripples	Kimi_Agent_RIPPLES_ Worldtext Theory Summary/app/src/components/AuditLog.tsx
5.44	1	230	8751	ripples	IMAGES/Kimi_Agent_RIPPLES_ Worldtext Theory Summary (1)/app/src/components/AuditLog.tsx
5.44	1	230	6814	trui	worlds/scale.html
5.44	1	230	6686	life-star	index.html
5.44	1	229	20903	abundant-nes	hypertetrahedral_hypertext_gizmo_single_file_mobile_html_css_js (3).html
5.43	1	228	7702	mythos-canon	MYTHOS-ARCHIVE/consolidate_ndjson.py
5.43	1	228	7615	wa	generate-all-topo-art.html
5.43	1	228	6494	momsaic	sankofa-index.html
5.43	1	228	6216	ripples	audio/orca/desktop/sources/scripts/cursor.js
5.43	1	227	33113	ripples	engine/Kimi_Agent_RIPPLES_ Worldtext Theory Summary (1) copy/ripples-suite/engine/latent-library.js
5.43	1	227	17708	unthinkable-media	hyperclay_mobile_mixer_single_file_html_works_with_real_video (2).html
5.43	1	227	17708	tractor-field-notes	POTTERS_WHEEL/hyperclay_mobile_mixer_single_file_html_works_with_real_video (2).html
5.43	1	227	17708	potters-wheel	POTTERS_WHEEL/hyperclay_mobile_mixer_single_file_html_works_with_real_video (2).html
5.43	1	227	17708	looking-machine	POTTERS_WHEEL/hyperclay_mobile_mixer_single_file_html_works_with_real_video (2).html
5.43	1	227	17708	hyperclay-editor	POTTERS_WHEEL/hyperclay_mobile_mixer_single_file_html_works_with_real_video (2).html
5.43	1	227	7423	arkadu	generate-deep-test-data.py
5.43	1	227	6775	tractor-field-notes	ETHICS INFRASTRUCTURE/ethics_infra_hub (3).html
5.43	1	227	6775	looking-machine	ETHICS INFRASTRUCTURE/ethics_infra_hub (3).html
5.43	1	227	6775	ethics-infrastructure	ethics_infra_hub (3).html
5.43	1	227	5898	mythos-canon	bespoke_pages/chapter_038.html
5.43	1	227	5894	mythos-canon	bespoke_pages/chapter_094.html
5.43	1	227	5894	mythos-canon	bespoke_pages/chapter_086.html
5.43	1	227	5892	mythos-canon	bespoke_pages/chapter_078.html
5.43	1	227	5890	mythos-canon	bespoke_pages/chapter_022.html
5.43	1	227	5888	mythos-canon	bespoke_pages/chapter_110.html
5.43	1	227	5888	mythos-canon	bespoke_pages/chapter_030.html
5.43	1	227	5887	mythos-canon	bespoke_pages/chapter_118.html
5.43	1	227	5886	mythos-canon	bespoke_pages/chapter_070.html
5.43	1	227	5886	mythos-canon	bespoke_pages/chapter_062.html
5.43	1	227	5886	mythos-canon	bespoke_pages/chapter_006.html
5.43	1	227	5884	mythos-canon	bespoke_pages/chapter_102.html
5.43	1	227	5884	mythos-canon	bespoke_pages/chapter_014.html
5.43	1	227	5882	mythos-canon	bespoke_pages/chapter_046.html
5.43	1	227	5880	mythos-canon	bespoke_pages/chapter_054.html
5.42	1	226	13307	abundant-nes	rhm_three_v9d_venn.html
5.42	1	226	8905	ripples	app/src/data/scenarios.ts
5.42	1	226	8492	role-deck	01-silenced-educator/silence-policy.html
5.42	1	226	8204	sympathetic-magic	generate-avatar-image.py
5.42	1	226	6143	1000-small-futures	ONBOARDING_SYSTEM.js
5.42	1	224	10280	head-neuroglow	head3d.html
5.42	1	224	9045	LEGOS	thousand/script_8.py
5.42	1	224	9045	1000-small-futures	1000-small-per/script_8.py
5.42	1	224	8209	sr-os	archive-os.js
5.41	1	222	7175	tractor-dce-gyo	onyx-studio.html
5.41	1	222	6249	trui	worlds/recursion.html
5.41	1	222	5084	ripples	audio/orca/desktop/sources/scripts/core/orca.js
5.40	1	221	71173	eos	CODEX/mulvey_codex_raw.js
5.40	1	221	19555	sense-ritual	narrative-garden-v05.html
5.40	1	221	19555	sense-ritual	narrative-garden-complete.html
5.40	1	220	11640	looking-machine	GAZE/creatureliness-manual-pages/05-winter-alien.html
5.40	1	220	7793	ripples	engine/Kimi_Agent_RIPPLES_ Worldtext Theory Summary (1) copy/app/src/components/ui/calendar.tsx
5.40	1	220	7793	ripples	app/src/components/ui/calendar.tsx
5.40	1	220	7793	ripples	app 2/src/components/ui/calendar.tsx
5.40	1	220	7793	ripples	Kimi_Agent_RIPPLES_ Worldtext Theory Summary/app/src/components/ui/calendar.tsx
5.40	1	220	7793	ripples	IMAGES/Kimi_Agent_RIPPLES_ Worldtext Theory Summary (1)/app/src/components/ui/calendar.tsx
5.39	1	219	13876	abundant-nes	rhm_three_v9f_camera.html
5.39	1	219	7582	role-deck	06-epistemic-rush/epistemic-noise-gate.html
5.39	1	219	7419	opek	OPERATIVES/update_manifest_b3p2.py
5.39	1	219	6610	ripples	golden-lens.html
5.39	1	219	6030	core-age	skeleton-pathology-studio.html
5.39	1	219	5276	tractor-dce-gyo	ball-jar.html
5.39	1	218	31315	unthinkable-media	gear_narrative_engine_arc_sequencer_normal_output_16_9-BET.html
5.39	1	218	31315	tractor-field-notes	POTTERS_WHEEL/gear_narrative_engine_arc_sequencer_normal_output_16_9-BET.html
5.39	1	218	31315	potters-wheel	POTTERS_WHEEL/gear_narrative_engine_arc_sequencer_normal_output_16_9-BET.html
5.39	1	218	31315	looking-machine	POTTERS_WHEEL/gear_narrative_engine_arc_sequencer_normal_output_16_9-BET.html
5.39	1	218	31315	hyperclay-editor	POTTERS_WHEEL/gear_narrative_engine_arc_sequencer_normal_output_16_9-BET.html
5.39	1	218	21017	venn-32	volumetric_media_nexus_unthinkable_applied (1).html
5.39	1	218	21017	abundant-nes	volumetric_media_nexus_unthinkable_applied (1).html
5.39	1	218	7048	sr-os	intro-recorder.js
5.38	1	217	8102	func-sub	integrate-psychograph-updates.js
5.38	1	217	6312	role-deck	01-silenced-educator/index.html
5.38	1	216	8140	ripples	engine/Kimi_Agent_RIPPLES_ Worldtext Theory Summary (1) copy/app/src/App.tsx
5.38	1	216	8140	ripples	app 2/src/App.tsx
5.38	1	216	8140	ripples	Kimi_Agent_RIPPLES_ Worldtext Theory Summary/app/src/App.tsx
5.38	1	216	8140	ripples	IMAGES/Kimi_Agent_RIPPLES_ Worldtext Theory Summary (1)/app/src/App.tsx
5.38	1	216	5634	pretext-cave	demos/orca-lidar.html
5.38	1	215	8550	the-project	apply_robust_minimal.py
5.38	1	215	8112	core-age	gar-onyx-bridge.js
5.38	1	215	7638	sr-os	anomaly-os.js
5.38	1	215	7338	tractor-field-notes	SHROUDED HISTORY/extract_instances.py
5.38	1	215	7338	shroud-project	extract_instances.py
5.38	1	215	7338	looking-machine	SHROUDED HISTORY/extract_instances.py
5.38	1	215	7326	ripples	engine/Kimi_Agent_RIPPLES_ Worldtext Theory Summary (1) copy/app/src/components/WorldtextViewport.tsx
5.38	1	215	7326	ripples	app 2/src/components/WorldtextViewport.tsx
5.38	1	215	7326	ripples	Kimi_Agent_RIPPLES_ Worldtext Theory Summary/app/src/components/WorldtextViewport.tsx
5.38	1	215	7326	ripples	IMAGES/Kimi_Agent_RIPPLES_ Worldtext Theory Summary (1)/app/src/components/WorldtextViewport.tsx
5.38	1	215	5775	trui	worlds/anomaly.html
5.37	1	214	12634	text-ure	poml.html
5.37	1	213	14217	abundant-nes	tetrad_gizmo_temporal_media_control_surface_single_file_prototype (2).html
5.37	1	213	14217	abundant-nes	tetrad_gizmo_temporal_media_control_surface_single_file_prototype (1).html
5.37	1	213	11902	codex-reader	reader-codex-01.html
5.37	1	213	11318	looking-machine	GAZE/creatureliness-manual-pages/04-animal-ghost-in-shell.html
5.37	1	213	10580	liberty-machines	bs-00.html
5.36	1	212	12077	looking-machine	GAZE/creatureliness-manual-pages/02-crystal-and-burn-andromeda.html
5.36	1	212	11091	liberty-machines	lp-00.html
5.36	1	212	9732	volholla	index.html
5.36	1	212	7555	role-deck	02-deadline-sovereign/v2-will-fix.html
5.36	1	212	7539	wa	ldraw-chunked-loader.js
5.36	1	212	5447	mythos-canon	bespoke_pages/chapter_027.html
5.36	1	212	5442	mythos-canon	bespoke_pages/chapter_097.html
5.36	1	212	5442	mythos-canon	bespoke_pages/chapter_056.html
5.36	1	212	5441	mythos-canon	bespoke_pages/chapter_099.html
5.36	1	212	5440	mythos-canon	bespoke_pages/chapter_041.html
5.36	1	212	5438	mythos-canon	bespoke_pages/chapter_081.html
5.36	1	212	5438	mythos-canon	bespoke_pages/chapter_065.html
5.36	1	212	5438	mythos-canon	bespoke_pages/chapter_024.html
5.36	1	212	5436	mythos-canon	bespoke_pages/chapter_088.html
5.36	1	212	5436	mythos-canon	bespoke_pages/chapter_049.html
5.36	1	212	5436	mythos-canon	bespoke_pages/chapter_021.html
5.36	1	212	5435	mythos-canon	bespoke_pages/chapter_059.html
5.36	1	212	5435	mythos-canon	bespoke_pages/chapter_000.html
5.36	1	212	5434	mythos-canon	bespoke_pages/chapter_113.html
5.36	1	212	5434	mythos-canon	bespoke_pages/chapter_073.html
5.36	1	212	5434	mythos-canon	bespoke_pages/chapter_007.html
5.36	1	212	5432	mythos-canon	bespoke_pages/chapter_060.html
5.36	1	212	5432	mythos-canon	bespoke_pages/chapter_048.html
5.36	1	212	5432	mythos-canon	bespoke_pages/chapter_032.html
5.36	1	212	5431	mythos-canon	bespoke_pages/chapter_091.html
5.36	1	212	5431	mythos-canon	bespoke_pages/chapter_075.html
5.36	1	212	5430	mythos-canon	bespoke_pages/chapter_100.html
5.36	1	212	5430	mythos-canon	bespoke_pages/chapter_090.html
5.36	1	212	5430	mythos-canon	bespoke_pages/chapter_080.html
5.36	1	212	5430	mythos-canon	bespoke_pages/chapter_077.html
5.36	1	212	5430	mythos-canon	bespoke_pages/chapter_064.html
5.36	1	212	5430	mythos-canon	bespoke_pages/chapter_055.html
5.36	1	212	5430	mythos-canon	bespoke_pages/chapter_020.html
5.36	1	212	5429	mythos-canon	bespoke_pages/chapter_035.html
5.36	1	212	5428	mythos-canon	bespoke_pages/chapter_105.html
5.36	1	212	5428	mythos-canon	bespoke_pages/chapter_098.html
5.36	1	212	5428	mythos-canon	bespoke_pages/chapter_079.html
5.36	1	212	5428	mythos-canon	bespoke_pages/chapter_033.html
5.36	1	212	5428	mythos-canon	bespoke_pages/chapter_016.html
5.36	1	212	5427	mythos-canon	bespoke_pages/chapter_115.html
5.36	1	212	5427	mythos-canon	bespoke_pages/chapter_067.html
5.36	1	212	5426	mythos-canon	bespoke_pages/chapter_112.html
5.36	1	212	5426	mythos-canon	bespoke_pages/chapter_111.html
5.36	1	212	5426	mythos-canon	bespoke_pages/chapter_109.html
5.36	1	212	5426	mythos-canon	bespoke_pages/chapter_108.html
5.36	1	212	5426	mythos-canon	bespoke_pages/chapter_092.html
5.36	1	212	5426	mythos-canon	bespoke_pages/chapter_017.html
5.36	1	212	5425	mythos-canon	bespoke_pages/chapter_051.html
5.36	1	212	5425	mythos-canon	bespoke_pages/chapter_043.html
5.36	1	212	5424	mythos-canon	bespoke_pages/chapter_106.html
5.36	1	212	5424	mythos-canon	bespoke_pages/chapter_089.html
5.36	1	212	5424	mythos-canon	bespoke_pages/chapter_082.html
5.36	1	212	5424	mythos-canon	bespoke_pages/chapter_076.html
5.36	1	212	5424	mythos-canon	bespoke_pages/chapter_068.html
5.36	1	212	5424	mythos-canon	bespoke_pages/chapter_061.html
5.36	1	212	5424	mythos-canon	bespoke_pages/chapter_034.html
5.36	1	212	5424	mythos-canon	bespoke_pages/chapter_031.html
5.36	1	212	5424	mythos-canon	bespoke_pages/chapter_018.html
5.36	1	212	5424	mythos-canon	bespoke_pages/chapter_015.html
5.36	1	212	5424	mythos-canon	bespoke_pages/chapter_008.html
5.36	1	212	5423	mythos-canon	bespoke_pages/chapter_019.html
5.36	1	212	5423	mythos-canon	bespoke_pages/chapter_003.html
5.36	1	212	5422	mythos-canon	bespoke_pages/chapter_103.html
5.36	1	212	5422	mythos-canon	bespoke_pages/chapter_087.html
5.36	1	212	5422	mythos-canon	bespoke_pages/chapter_084.html
5.36	1	212	5422	mythos-canon	bespoke_pages/chapter_071.html
5.36	1	212	5422	mythos-canon	bespoke_pages/chapter_047.html
5.36	1	212	5422	mythos-canon	bespoke_pages/chapter_045.html
5.36	1	212	5422	mythos-canon	bespoke_pages/chapter_044.html
5.36	1	212	5422	mythos-canon	bespoke_pages/chapter_042.html
5.36	1	212	5422	mythos-canon	bespoke_pages/chapter_040.html
5.36	1	212	5422	mythos-canon	bespoke_pages/chapter_028.html
5.36	1	212	5422	mythos-canon	bespoke_pages/chapter_025.html
5.36	1	212	5422	mythos-canon	bespoke_pages/chapter_023.html
5.36	1	212	5422	mythos-canon	bespoke_pages/chapter_009.html
5.36	1	212	5420	mythos-canon	bespoke_pages/chapter_104.html
5.36	1	212	5420	mythos-canon	bespoke_pages/chapter_101.html
5.36	1	212	5420	mythos-canon	bespoke_pages/chapter_095.html
5.36	1	212	5420	mythos-canon	bespoke_pages/chapter_093.html
5.36	1	212	5420	mythos-canon	bespoke_pages/chapter_074.html
5.36	1	212	5420	mythos-canon	bespoke_pages/chapter_072.html
5.36	1	212	5420	mythos-canon	bespoke_pages/chapter_066.html
5.36	1	212	5420	mythos-canon	bespoke_pages/chapter_058.html
5.36	1	212	5420	mythos-canon	bespoke_pages/chapter_037.html
5.36	1	212	5420	mythos-canon	bespoke_pages/chapter_036.html
5.36	1	212	5420	mythos-canon	bespoke_pages/chapter_026.html
5.36	1	212	5420	mythos-canon	bespoke_pages/chapter_005.html
5.36	1	212	5420	mythos-canon	bespoke_pages/chapter_004.html
5.36	1	212	5419	mythos-canon	bespoke_pages/chapter_107.html
5.36	1	212	5419	mythos-canon	bespoke_pages/chapter_083.html
5.36	1	212	5418	mythos-canon	bespoke_pages/chapter_117.html
5.36	1	212	5418	mythos-canon	bespoke_pages/chapter_096.html
5.36	1	212	5418	mythos-canon	bespoke_pages/chapter_052.html
5.36	1	212	5418	mythos-canon	bespoke_pages/chapter_050.html
5.36	1	212	5418	mythos-canon	bespoke_pages/chapter_029.html
5.36	1	212	5418	mythos-canon	bespoke_pages/chapter_001.html
5.36	1	212	5416	mythos-canon	bespoke_pages/chapter_053.html
5.36	1	212	5416	mythos-canon	bespoke_pages/chapter_010.html
5.36	1	212	5416	mythos-canon	bespoke_pages/chapter_002.html
5.36	1	212	5415	mythos-canon	bespoke_pages/chapter_011.html
5.36	1	212	5414	mythos-canon	bespoke_pages/chapter_116.html
5.36	1	212	5414	mythos-canon	bespoke_pages/chapter_057.html
5.36	1	212	5414	mythos-canon	bespoke_pages/chapter_039.html
5.36	1	212	5412	mythos-canon	bespoke_pages/chapter_114.html
5.36	1	212	5412	mythos-canon	bespoke_pages/chapter_085.html
5.36	1	212	5410	mythos-canon	bespoke_pages/chapter_069.html
5.36	1	212	5410	mythos-canon	bespoke_pages/chapter_063.html
5.36	1	212	5410	mythos-canon	bespoke_pages/chapter_013.html
5.36	1	212	5408	mythos-canon	bespoke_pages/chapter_012.html
5.36	1	211	21942	abundant-nes	spuddy_western_poster_town_accessible_v_2 (2).html
5.36	1	211	8940	LEGOS	thousand/script_6.py
5.36	1	211	8940	1000-small-futures	1000-small-per/script_6.py
5.35	1	210	10751	looking-machine	GAZE/creatureliness-manual-pages/08-shelter-of-words-wings.html
5.35	1	210	7794	eos	CODEX/parse_by_turns.py
5.35	1	210	7208	role-deck	05-fragile-collective/organizers-microphone.html
5.35	1	210	5180	sense-ritual	swipe-group.html
5.35	1	209	16733	myth-as-os	virilio_circulation_logistics_mobile_abm_artifact (3).html
5.35	1	209	12382	dirty-disclosure	prime-index.html
5.35	1	209	9527	platos-cave	index.html
5.34	1	208	14383	abundant-nes	rhm_three_v9e_cards.html
5.34	1	208	10857	looking-machine	GAZE/creatureliness-manual-pages/10-morning-wings.html
5.34	1	208	8018	arkadu	analyze-provenance.py
5.34	1	208	7963	feedfall	index-launcher.html
5.34	1	208	7689	core-age	etymology.html
5.34	1	207	8097	ripples	audio/pilot/desktop/sources/scripts/interface.channel.js
5.34	1	207	6494	the-project	shield-gallery.html
5.34	1	207	6477	tractor-dce-gyo	Brickfilm_Studio_Kit/REALITY MEDIA_MOMENTO/video_capture_validator.js
5.33	1	206	11270	looking-machine	GAZE/creatureliness-manual-pages/03-false-escape-severance.html
5.33	1	206	6574	arkadu	kern/ekphrasis_trace.py
5.33	1	206	6499	role-deck	01-silenced-educator/silenced-educator.html
5.33	1	206	5271	golden-lens	zine/page-10-back.html
5.33	1	206	4558	metisim	index-parched.html
5.33	1	205	10956	liberty-machines	index.html
5.33	1	205	8660	tractor-dce-gyo	mento-camera-mpd-guide.html
5.32	1	204	34432	abc-flix	TUBE/archive/preview (38).html
5.32	1	204	21227	unthinkable-media	main_gear_film_engine_single_file_canvas_build (1).html
5.32	1	204	21227	tractor-field-notes	POTTERS_WHEEL/main_gear_film_engine_single_file_canvas_build (1).html
5.32	1	204	21227	potters-wheel	POTTERS_WHEEL/main_gear_film_engine_single_file_canvas_build (1).html
5.32	1	204	21227	looking-machine	POTTERS_WHEEL/main_gear_film_engine_single_file_canvas_build (1).html
5.32	1	204	21227	hyperclay-editor	POTTERS_WHEEL/main_gear_film_engine_single_file_canvas_build (1).html
5.32	1	204	12259	fish-town	OPERATIVE/honesty-megaphone.html
5.32	1	204	8695	func-sub	tindex.html
5.32	1	204	5761	trui	worlds/light.html
5.32	1	203	7138	sr-os	morph-os.js
5.31	1	202	8797	tractor-field-notes	ETHICS INFRASTRUCTURE/paper.html
5.31	1	202	8797	looking-machine	ETHICS INFRASTRUCTURE/paper.html
5.31	1	202	7652	tractor-field-notes	FUSE/g2.html
5.31	1	202	7652	potters-wheel	FUSE/g2.html
5.31	1	202	7652	looking-machine	FUSE/g2.html
5.31	1	202	7652	intron	g2.html
5.31	1	202	7652	hyperclay-editor	FUSE/g2.html
5.31	1	202	7652	genoma	FUSE/g2.html
5.31	1	202	7652	codon	FUSE/g2.html
5.31	1	202	7526	totb	index.html
5.31	1	202	7439	mythos-canon	chart_script.py
5.31	1	202	7439	mythos-canon	MYTHOS-ARCHIVE/SAILS/chart_script.py
5.31	1	202	7265	core-age	lego-sonification.js
5.31	1	201	14472	novus-groove	novus-plate.html
5.31	1	201	12031	abundant-nes	rhm_three_v9b_crisp.html
5.31	1	201	12031	abundant-nes	rhm_three_v9b_crisp (1).html
5.31	1	201	9558	encoded-power	index.html
5.31	1	201	8949	nothing-ritual	REPORT-NOTHING-RITUAL/NOTHING-RITUAL-08/script_1.py
5.31	1	201	7184	role-deck	04-two-headed-compliance/dark-pattern-choir.html
5.31	1	201	6658	tractor-field-notes	DYAD/extract-ontology.js
5.31	1	201	6658	looking-machine	DYAD/extract-ontology.js
5.31	1	201	6658	dyad	extract-ontology.js
5.30	1	200	24791	abundant-nes	orca_empathy_is_the_apex_predator_single_file_deck (3).html
5.30	1	200	10955	looking-machine	GAZE/creatureliness-manual-pages/06-mirror-and-fire-westworld.html
5.30	1	200	6645	tractor-field-notes	2400_25/tools/export_structured.py
5.30	1	200	6645	potters-wheel	2400_25/tools/export_structured.py
5.30	1	200	6645	os-dope	tools/export_structured.py
5.30	1	200	6645	looking-machine	2400_25/tools/export_structured.py
5.30	1	200	6645	hyperclay-editor	2400_25/tools/export_structured.py
5.29	1	198	9290	mythos-canon	essays/essay_technical.html
5.29	1	198	8068	crest	crest/index.html
5.29	1	198	7765	tractor-field-notes	FUSE/g7.html
5.29	1	198	7765	potters-wheel	FUSE/g7.html
5.29	1	198	7765	looking-machine	FUSE/g7.html
5.29	1	198	7765	intron	g7.html
5.29	1	198	7765	hyperclay-editor	FUSE/g7.html
5.29	1	198	7765	genoma	FUSE/g7.html
5.29	1	198	7765	codon	FUSE/g7.html
5.29	1	198	6948	resonome-genetic-archive	rese.html
5.29	1	198	6221	k2.html	rlm/rlm_cli.py
5.29	1	197	11459	looking-machine	GAZE/creatureliness-manual-pages/07-operational-hinge-common-side.html
5.29	1	197	9292	encoded-power	TETRAFORMER/cards-print.html
5.29	1	197	6664	sr-os	light-os.js
5.28	1	195	9817	abundant-nes	abundant_nes_mobile_terminal_hub_single_file_html (4).html
5.28	1	195	7489	resonome-genetic-archive	res-sim.html
5.28	1	195	6799	world-heat	scripts/verify_bibliography.py
5.27	1	194	13476	role-deck	04-two-headed-compliance/essay.html
5.27	1	194	8401	LEGOS	thousand/script_4.py
5.27	1	194	8401	1000-small-futures	1000-small-per/script_4.py
5.27	1	194	7395	wh-ripple	generate-detailed-sitemap.py
5.27	1	194	6192	ripples	app/src/components/ControlPanel.tsx
5.27	1	193	22247	role-deck	feedloop-scenarios.js
5.27	1	193	10365	looking-machine	GAZE/creatureliness-manual-pages/09-what-the-cold-teaches-true-detective.html
5.27	1	193	6616	who-owns-the-feed	i00.html
5.27	1	193	4494	ripples	engine/Kimi_Agent_RIPPLES_ Worldtext Theory Summary (1) copy/app/src/components/ui/item.tsx
5.27	1	193	4494	ripples	app/src/components/ui/item.tsx
5.27	1	193	4494	ripples	app 2/src/components/ui/item.tsx
5.27	1	193	4494	ripples	Kimi_Agent_RIPPLES_ Worldtext Theory Summary/app/src/components/ui/item.tsx
5.27	1	193	4494	ripples	IMAGES/Kimi_Agent_RIPPLES_ Worldtext Theory Summary (1)/app/src/components/ui/item.tsx
5.26	1	192	35361	abc-flix	TUBE/parts/heater.html
5.26	1	192	14426	role-deck	03-bounded-apprentice/essay.html
5.26	1	192	6718	role-deck	03-bounded-apprentice/guild-gate.html
5.26	1	191	9902	angel-meets-algo	i7.html
5.26	1	191	6915	tractor-dce-gyo	wag-hub.html
5.26	1	191	5991	dust-empire	mosaic.html
5.25	1	190	21417	looking-machine	GAZE/creatureliness-finals/pages/s09-a05-ag05-9-0.html
5.25	1	190	21411	looking-machine	GAZE/creatureliness-finals/pages/s09-a10-ag10-9-0.html
5.25	1	190	21405	looking-machine	GAZE/creatureliness-finals/pages/s09-a08-ag08-9-0.html
5.25	1	190	21399	looking-machine	GAZE/creatureliness-finals/pages/s09-a06-ag06-9-0.html
5.25	1	190	21395	looking-machine	GAZE/creatureliness-finals/pages/s09-a09-ag09-9-0.html
5.25	1	190	21393	looking-machine	GAZE/creatureliness-finals/pages/s09-a02-ag02-9-0.html
5.25	1	190	21383	looking-machine	GAZE/creatureliness-finals/pages/s09-a07-ag07-9-0.html
5.25	1	190	21383	looking-machine	GAZE/creatureliness-finals/pages/s09-a04-ag04-9-0.html
5.25	1	190	21373	looking-machine	GAZE/creatureliness-finals/pages/s09-a03-ag03-9-0.html
5.25	1	190	21345	looking-machine	GAZE/creatureliness-finals/pages/s09-a01-ag01-9-0.html
5.25	1	190	21152	looking-machine	GAZE/creatureliness-finals/pages/s06-a05-ag05-6-0.html
5.25	1	190	21146	looking-machine	GAZE/creatureliness-finals/pages/s06-a10-ag10-6-0.html
5.25	1	190	21140	looking-machine	GAZE/creatureliness-finals/pages/s06-a08-ag08-6-0.html
5.25	1	190	21134	looking-machine	GAZE/creatureliness-finals/pages/s06-a06-ag06-6-0.html
5.25	1	190	21130	looking-machine	GAZE/creatureliness-finals/pages/s06-a09-ag09-6-0.html
5.25	1	190	21128	looking-machine	GAZE/creatureliness-finals/pages/s06-a02-ag02-6-0.html
5.25	1	190	21118	looking-machine	GAZE/creatureliness-finals/pages/s06-a07-ag07-6-0.html
5.25	1	190	21118	looking-machine	GAZE/creatureliness-finals/pages/s06-a04-ag04-6-0.html
5.25	1	190	21108	looking-machine	GAZE/creatureliness-finals/pages/s06-a03-ag03-6-0.html
5.25	1	190	21080	looking-machine	GAZE/creatureliness-finals/pages/s06-a01-ag01-6-0.html
5.25	1	190	20956	looking-machine	GAZE/creatureliness-finals/pages/s10-a05-ag05-10-0.html
5.25	1	190	20950	looking-machine	GAZE/creatureliness-finals/pages/s10-a10-ag10-10-0.html
5.25	1	190	20944	looking-machine	GAZE/creatureliness-finals/pages/s10-a08-ag08-10-0.html
5.25	1	190	20938	looking-machine	GAZE/creatureliness-finals/pages/s10-a06-ag06-10-0.html
5.25	1	190	20936	looking-machine	GAZE/creatureliness-finals/pages/s02-a05-ag05-2-0.html
5.25	1	190	20934	looking-machine	GAZE/creatureliness-finals/pages/s10-a09-ag09-10-0.html
5.25	1	190	20932	looking-machine	GAZE/creatureliness-finals/pages/s10-a02-ag02-10-0.html
5.25	1	190	20930	looking-machine	GAZE/creatureliness-finals/pages/s02-a10-ag10-2-0.html
5.25	1	190	20924	looking-machine	GAZE/creatureliness-finals/pages/s02-a08-ag08-2-0.html
5.25	1	190	20922	looking-machine	GAZE/creatureliness-finals/pages/s10-a07-ag07-10-0.html
5.25	1	190	20922	looking-machine	GAZE/creatureliness-finals/pages/s10-a04-ag04-10-0.html
5.25	1	190	20918	looking-machine	GAZE/creatureliness-finals/pages/s02-a06-ag06-2-0.html
5.25	1	190	20914	looking-machine	GAZE/creatureliness-finals/pages/s02-a09-ag09-2-0.html
5.25	1	190	20912	looking-machine	GAZE/creatureliness-finals/pages/s10-a03-ag03-10-0.html
5.25	1	190	20912	looking-machine	GAZE/creatureliness-finals/pages/s02-a02-ag02-2-0.html
5.25	1	190	20902	looking-machine	GAZE/creatureliness-finals/pages/s02-a07-ag07-2-0.html
5.25	1	190	20902	looking-machine	GAZE/creatureliness-finals/pages/s02-a04-ag04-2-0.html
5.25	1	190	20892	looking-machine	GAZE/creatureliness-finals/pages/s02-a03-ag03-2-0.html
5.25	1	190	20884	looking-machine	GAZE/creatureliness-finals/pages/s10-a01-ag01-10-0.html
5.25	1	190	20880	looking-machine	GAZE/creatureliness-finals/pages/s03-a05-ag05-3-0.html
5.25	1	190	20874	looking-machine	GAZE/creatureliness-finals/pages/s03-a10-ag10-3-0.html
5.25	1	190	20868	looking-machine	GAZE/creatureliness-finals/pages/s03-a08-ag08-3-0.html
5.25	1	190	20864	looking-machine	GAZE/creatureliness-finals/pages/s02-a01-ag01-2-0.html
5.25	1	190	20862	looking-machine	GAZE/creatureliness-finals/pages/s03-a06-ag06-3-0.html
5.25	1	190	20858	looking-machine	GAZE/creatureliness-finals/pages/s03-a09-ag09-3-0.html
5.25	1	190	20856	looking-machine	GAZE/creatureliness-finals/pages/s03-a02-ag02-3-0.html
5.25	1	190	20846	looking-machine	GAZE/creatureliness-finals/pages/s03-a07-ag07-3-0.html
5.25	1	190	20846	looking-machine	GAZE/creatureliness-finals/pages/s03-a04-ag04-3-0.html
5.25	1	190	20836	looking-machine	GAZE/creatureliness-finals/pages/s03-a03-ag03-3-0.html
5.25	1	190	20828	looking-machine	GAZE/creatureliness-finals/pages/s07-a05-ag05-7-0.html
5.25	1	190	20822	looking-machine	GAZE/creatureliness-finals/pages/s07-a10-ag10-7-0.html
5.25	1	190	20816	looking-machine	GAZE/creatureliness-finals/pages/s07-a08-ag08-7-0.html
5.25	1	190	20810	looking-machine	GAZE/creatureliness-finals/pages/s07-a06-ag06-7-0.html
5.25	1	190	20808	looking-machine	GAZE/creatureliness-finals/pages/s03-a01-ag01-3-0.html
5.25	1	190	20806	looking-machine	GAZE/creatureliness-finals/pages/s07-a09-ag09-7-0.html
5.25	1	190	20804	looking-machine	GAZE/creatureliness-finals/pages/s07-a02-ag02-7-0.html
5.25	1	190	20794	looking-machine	GAZE/creatureliness-finals/pages/s07-a07-ag07-7-0.html
5.25	1	190	20794	looking-machine	GAZE/creatureliness-finals/pages/s07-a04-ag04-7-0.html
5.25	1	190	20784	looking-machine	GAZE/creatureliness-finals/pages/s07-a03-ag03-7-0.html
5.25	1	190	20756	looking-machine	GAZE/creatureliness-finals/pages/s07-a01-ag01-7-0.html
5.25	1	190	20756	looking-machine	GAZE/creatureliness-finals/pages/s05-a05-ag05-5-0.html
5.25	1	190	20750	looking-machine	GAZE/creatureliness-finals/pages/s05-a10-ag10-5-0.html
5.25	1	190	20744	looking-machine	GAZE/creatureliness-finals/pages/s05-a08-ag08-5-0.html
5.25	1	190	20738	looking-machine	GAZE/creatureliness-finals/pages/s05-a06-ag06-5-0.html
5.25	1	190	20734	looking-machine	GAZE/creatureliness-finals/pages/s05-a09-ag09-5-0.html
5.25	1	190	20732	looking-machine	GAZE/creatureliness-finals/pages/s05-a02-ag02-5-0.html
5.25	1	190	20722	looking-machine	GAZE/creatureliness-finals/pages/s05-a07-ag07-5-0.html
5.25	1	190	20722	looking-machine	GAZE/creatureliness-finals/pages/s05-a04-ag04-5-0.html
5.25	1	190	20712	looking-machine	GAZE/creatureliness-finals/pages/s05-a03-ag03-5-0.html
5.25	1	190	20684	looking-machine	GAZE/creatureliness-finals/pages/s05-a01-ag01-5-0.html
5.25	1	190	20441	looking-machine	GAZE/creatureliness-finals/pages/s01-a05-ag05-1-0.html
5.25	1	190	20435	looking-machine	GAZE/creatureliness-finals/pages/s01-a10-ag10-1-0.html
5.25	1	190	20429	looking-machine	GAZE/creatureliness-finals/pages/s01-a08-ag08-1-0.html
5.25	1	190	20428	looking-machine	GAZE/creatureliness-finals/pages/s08-a05-ag05-8-0.html
5.25	1	190	20423	looking-machine	GAZE/creatureliness-finals/pages/s01-a06-ag06-1-0.html
5.25	1	190	20422	looking-machine	GAZE/creatureliness-finals/pages/s08-a10-ag10-8-0.html
5.25	1	190	20419	looking-machine	GAZE/creatureliness-finals/pages/s01-a09-ag09-1-0.html
5.25	1	190	20417	looking-machine	GAZE/creatureliness-finals/pages/s01-a02-ag02-1-0.html
5.25	1	190	20416	looking-machine	GAZE/creatureliness-finals/pages/s08-a08-ag08-8-0.html
5.25	1	190	20410	looking-machine	GAZE/creatureliness-finals/pages/s08-a06-ag06-8-0.html
5.25	1	190	20407	looking-machine	GAZE/creatureliness-finals/pages/s01-a07-ag07-1-0.html
5.25	1	190	20407	looking-machine	GAZE/creatureliness-finals/pages/s01-a04-ag04-1-0.html
5.25	1	190	20406	looking-machine	GAZE/creatureliness-finals/pages/s08-a09-ag09-8-0.html
5.25	1	190	20404	looking-machine	GAZE/creatureliness-finals/pages/s08-a02-ag02-8-0.html
5.25	1	190	20397	looking-machine	GAZE/creatureliness-finals/pages/s01-a03-ag03-1-0.html
5.25	1	190	20394	looking-machine	GAZE/creatureliness-finals/pages/s08-a07-ag07-8-0.html
5.25	1	190	20394	looking-machine	GAZE/creatureliness-finals/pages/s08-a04-ag04-8-0.html
5.25	1	190	20384	looking-machine	GAZE/creatureliness-finals/pages/s08-a03-ag03-8-0.html
5.25	1	190	20369	looking-machine	GAZE/creatureliness-finals/pages/s01-a01-ag01-1-0.html
5.25	1	190	20356	looking-machine	GAZE/creatureliness-finals/pages/s08-a01-ag01-8-0.html
5.25	1	190	19686	looking-machine	GAZE/creatureliness-finals/pages/s04-a05-ag05-4-0.html
5.25	1	190	19680	looking-machine	GAZE/creatureliness-finals/pages/s04-a10-ag10-4-0.html
5.25	1	190	19674	looking-machine	GAZE/creatureliness-finals/pages/s04-a08-ag08-4-0.html
5.25	1	190	19668	looking-machine	GAZE/creatureliness-finals/pages/s04-a06-ag06-4-0.html
5.25	1	190	19664	looking-machine	GAZE/creatureliness-finals/pages/s04-a09-ag09-4-0.html
5.25	1	190	19662	looking-machine	GAZE/creatureliness-finals/pages/s04-a02-ag02-4-0.html
5.25	1	190	19652	looking-machine	GAZE/creatureliness-finals/pages/s04-a07-ag07-4-0.html
5.25	1	190	19652	looking-machine	GAZE/creatureliness-finals/pages/s04-a04-ag04-4-0.html
5.25	1	190	19642	looking-machine	GAZE/creatureliness-finals/pages/s04-a03-ag03-4-0.html
5.25	1	190	19614	looking-machine	GAZE/creatureliness-finals/pages/s04-a01-ag01-4-0.html
5.25	1	190	7745	holo-project	halograph.html
5.25	1	190	7066	design-brief	diegetic-op-engine.js
5.25	1	189	17386	unthinkable-media	cinematic_data_wall_helix_weave_mobile_no_deps.html
5.25	1	189	17386	tractor-field-notes	POTTERS_WHEEL/cinematic_data_wall_helix_weave_mobile_no_deps.html
5.25	1	189	17386	potters-wheel	POTTERS_WHEEL/cinematic_data_wall_helix_weave_mobile_no_deps.html
5.25	1	189	17386	looking-machine	POTTERS_WHEEL/cinematic_data_wall_helix_weave_mobile_no_deps.html
5.25	1	189	17386	hyperclay-editor	POTTERS_WHEEL/cinematic_data_wall_helix_weave_mobile_no_deps.html
5.25	1	189	10569	fish-town	OPERATIVE/council-of-echoes.html
5.25	1	189	10435	rosetta-protocol	ai_studio_code - 2025-09-25T030944.674.html
5.25	1	189	9566	unthinkable-media	prime_inception_medium_poml_runner_single_file_html (2).html
5.25	1	189	9566	tractor-field-notes	POTTERS_WHEEL/prime_inception_medium_poml_runner_single_file_html (2).html
5.25	1	189	9566	potters-wheel	POTTERS_WHEEL/prime_inception_medium_poml_runner_single_file_html (2).html
5.25	1	189	9566	looking-machine	POTTERS_WHEEL/prime_inception_medium_poml_runner_single_file_html (2).html
5.25	1	189	9566	hyperclay-editor	POTTERS_WHEEL/prime_inception_medium_poml_runner_single_file_html (2).html
5.25	1	189	7997	novus-groove	smithson.html
5.25	1	189	7401	head-neuroglow	head3c.html
5.25	1	189	6175	role-deck	03-bounded-apprentice/bounded-apprentice.html
5.25	1	189	6168	resonome-genetic-archive	int-oscillator.html
5.24	1	188	37069	abc-flix	TUBE/arc_splice_section_bay.html
5.24	1	188	22006	abundant-nes	vol_stacks_isometric_sequencer_demo_single_file_canvas (6).html
5.24	1	188	6344	ripples	engine/Kimi_Agent_RIPPLES_ Worldtext Theory Summary (1) copy/app/src/components/ui/select.tsx
5.24	1	188	6344	ripples	app/src/components/ui/select.tsx
5.24	1	188	6344	ripples	app 2/src/components/ui/select.tsx
5.24	1	188	6344	ripples	Kimi_Agent_RIPPLES_ Worldtext Theory Summary/app/src/components/ui/select.tsx
5.24	1	188	6344	ripples	IMAGES/Kimi_Agent_RIPPLES_ Worldtext Theory Summary (1)/app/src/components/ui/select.tsx
5.24	1	187	6366	arkadu	kern/taxonomy_scan.py
5.23	1	186	8792	codex-reader	chat.html
5.23	1	186	8130	abundant-nes	tetrad_tetrahedron.html
5.23	1	186	6764	sr-os	mirror-os.js
5.23	1	185	15336	abundant-nes	rhm_three_v9g_overlap.html
5.23	1	185	9174	wa	WORDS-ASSEMBLE.html
5.23	1	185	9174	wa	WORDS-ASSEMBLE-beta.html
5.23	1	185	6451	abundant-nes	arc_test.html
5.22	1	184	16376	unthinkable-media	hyperclay_mobile_mixer_single_file_html_works_with_real_video (3).html
5.22	1	184	16376	tractor-field-notes	POTTERS_WHEEL/hyperclay_mobile_mixer_single_file_html_works_with_real_video (3).html
5.22	1	184	16376	potters-wheel	POTTERS_WHEEL/hyperclay_mobile_mixer_single_file_html_works_with_real_video (3).html
5.22	1	184	16376	looking-machine	POTTERS_WHEEL/hyperclay_mobile_mixer_single_file_html_works_with_real_video (3).html
5.22	1	184	16376	hyperclay-editor	POTTERS_WHEEL/hyperclay_mobile_mixer_single_file_html_works_with_real_video (3).html
5.22	1	184	12727	excavator	ai-07.html
5.22	1	184	12727	abundant-nes	excavator_engine_single_file_ritual_interface (1).html
5.22	1	184	8654	encoded-power	VIEWER/styles.css
5.22	1	184	7475	mythos-canon	script_2.py
5.22	1	184	7475	mythos-canon	MYTHOS-ARCHIVE/SAILS/script_2.py
5.22	1	184	6361	resonome-genetic-archive	deep-res-phys.html
5.22	1	184	6330	sense-ritual	render_cinematic.py
5.21	1	183	7143	wa	prime-portal.html
5.21	1	183	7095	atg-3	SHUFFLE/extract_citations.py
5.21	1	182	10701	mythos-canon	gen_complete.py
5.21	1	182	6096	tractor-field-notes	SHROUDED HISTORY/build_indices.py
5.21	1	182	6096	shroud-project	build_indices.py
5.21	1	182	6096	looking-machine	SHROUDED HISTORY/build_indices.py
5.21	1	182	4804	ripples	engine/Kimi_Agent_RIPPLES_ Worldtext Theory Summary (1) copy/app/src/components/ui/command.tsx
5.21	1	182	4804	ripples	app/src/components/ui/command.tsx
5.21	1	182	4804	ripples	app 2/src/components/ui/command.tsx
5.21	1	182	4804	ripples	Kimi_Agent_RIPPLES_ Worldtext Theory Summary/app/src/components/ui/command.tsx
5.21	1	182	4804	ripples	IMAGES/Kimi_Agent_RIPPLES_ Worldtext Theory Summary (1)/app/src/components/ui/command.tsx
5.20	1	180	8982	abundant-nes	abundant_nes_mobile_terminal_hub_single_file_html.html
5.20	1	180	8982	abundant-nes	abundant_nes_mobile_terminal_hub_single_file_html (5).html
5.20	1	180	8181	ripples	audio/pilot/desktop/sources/scripts/mixer.js
5.19	1	179	9007	angel-meets-algo	b5.html
5.19	1	179	5909	role-deck	02-deadline-sovereign/deadline-sovereign.html
5.19	1	179	5594	the-project	shield-scroll.html
5.19	1	179	5289	trui	worlds/tempo.html
5.19	1	178	8941	island-ecology	mobile.js
5.19	1	178	7932	manila-memory-arcade	index.html
5.19	1	178	6704	head-neuroglow	stl-mri-viewer.html
5.18	1	177	28163	abc-flix	TUBE/archive/icaro_predict_compare_train_burn_lab (2).html
5.18	1	177	6575	tractor-field-notes	FUSE/g1.html
5.18	1	177	6575	potters-wheel	FUSE/g1.html
5.18	1	177	6575	looking-machine	FUSE/g1.html
5.18	1	177	6575	intron	g1.html
5.18	1	177	6575	hyperclay-editor	FUSE/g1.html
5.18	1	177	6575	genoma	FUSE/g1.html
5.18	1	177	6575	codon	FUSE/g1.html
5.18	1	177	6050	who-owns-the-feed	i0.html
5.18	1	176	477979	looking-machine	GAZE/creatureliness-finals/index.html
5.18	1	176	12428	role-deck	02-deadline-sovereign/essay.html
5.18	1	176	5513	wave	scripts/fetch-video-ids.js
5.17	1	175	22451	abc-flix	TUBE/archive/preview (46).html
5.17	1	175	22451	abc-flix	TUBE/archive/preview (45).html
5.17	1	175	5537	wa	flatten-library.js
5.17	1	175	5440	ripples	audio/orca/desktop/sources/scripts/commander.js
5.17	1	175	4935	mythos-canon	MYTHOS-ARCHIVE/network-graph.js
5.16	1	174	27444	abc-flix	TUBE/archive/icaro_predict_compare_train_burn_lab (1).html
5.16	1	173	16431	sense-ritual	build-oti.py
5.15	1	172	26356	abc-flix	TUBE/archive/icaro_predict_compare_train_burn_lab.html
5.15	1	172	7685	vol-air	exported-assets (8)/script_3.py
5.15	1	172	7685	tractor-field-notes	VOLHOLLA_AIR/exported-assets (8)/script_3.py
5.15	1	172	7685	looking-machine	VOLHOLLA_AIR/exported-assets (8)/script_3.py
5.15	1	172	7685	hyperclay-editor	VOLHOLLA_AIR/exported-assets (8)/script_3.py
5.15	1	172	5984	abundant-nes	minimal_canvas_odometer_speech_gated_single_file.html
5.15	1	172	5897	who-owns-the-feed	ds-04.html
5.15	1	172	4910	tractor-dce-gyo	bull-assembly-studio.html
5.15	1	172	4583	ripples	engine/adapters/react-adapter.js
5.15	1	171	5175	abc-flix	SWARMS/test_riverbed.py
5.14	1	170	5848	eos	CODEX/parse_to_codex.py
5.14	1	170	5065	ripples	engine/Kimi_Agent_RIPPLES_ Worldtext Theory Summary (1) copy/app/src/components/ui/input-group.tsx
5.14	1	170	5065	ripples	app/src/components/ui/input-group.tsx
5.14	1	170	5065	ripples	app 2/src/components/ui/input-group.tsx
5.14	1	170	5065	ripples	Kimi_Agent_RIPPLES_ Worldtext Theory Summary/app/src/components/ui/input-group.tsx
5.14	1	170	5065	ripples	IMAGES/Kimi_Agent_RIPPLES_ Worldtext Theory Summary (1)/app/src/components/ui/input-group.tsx
5.14	1	170	4821	ripples	audio/orca/desktop/sources/scripts/clock.js
5.14	1	170	4723	ripples	audio/orca/desktop/sources/scripts/lib/theme.js
5.14	1	169	10237	venn-32	rhm_ultralite_v8.html
5.14	1	169	10237	abundant-nes	rhm_ultralite_v8.html
5.14	1	169	8229	role-deck	tilth-scenarios.js
5.13	1	168	29932	abc-flix	TUBE/archive/preview (39).html
5.13	1	168	6664	ripples	engine/Kimi_Agent_RIPPLES_ Worldtext Theory Summary (1) copy/app/src/components/ui/navigation-menu.tsx
5.13	1	168	6664	ripples	app/src/components/ui/navigation-menu.tsx
5.13	1	168	6664	ripples	app 2/src/components/ui/navigation-menu.tsx
5.13	1	168	6664	ripples	Kimi_Agent_RIPPLES_ Worldtext Theory Summary/app/src/components/ui/navigation-menu.tsx
5.13	1	168	6664	ripples	IMAGES/Kimi_Agent_RIPPLES_ Worldtext Theory Summary (1)/app/src/components/ui/navigation-menu.tsx
5.13	1	168	5489	pretext-cave	demos/bat-echo.html
5.13	1	168	4664	tractor-dce-gyo	build-mpd-skeleton.js
5.13	1	168	4605	wh-ripple	mythos_presentation.html
5.12	1	167	6428	who-owns-the-feed	i3.html
5.12	1	167	6428	who-owns-the-feed	i2.html
5.12	1	167	3764	ripples	engine/Kimi_Agent_RIPPLES_ Worldtext Theory Summary (1) copy/app/src/components/ui/form.tsx
5.12	1	167	3764	ripples	app/src/components/ui/form.tsx
5.12	1	167	3764	ripples	app 2/src/components/ui/form.tsx
5.12	1	167	3764	ripples	Kimi_Agent_RIPPLES_ Worldtext Theory Summary/app/src/components/ui/form.tsx
5.12	1	167	3764	ripples	IMAGES/Kimi_Agent_RIPPLES_ Worldtext Theory Summary (1)/app/src/components/ui/form.tsx
5.12	1	166	4763	trui	worlds/mirror.html
5.11	1	165	7505	tractor-field-notes	bluefoot/exported-assets (7)/script.py
5.11	1	165	7505	tractor-field-notes	bluefoot/exported-assets (7) 2/script.py
5.11	1	165	7505	looking-machine	bluefoot/exported-assets (7)/script.py
5.11	1	165	7505	looking-machine	bluefoot/exported-assets (7) 2/script.py
5.11	1	165	7505	hyperclay-editor	bluefoot/exported-assets (7)/script.py
5.11	1	165	7505	hyperclay-editor	bluefoot/exported-assets (7) 2/script.py
5.11	1	165	7505	bluefoot	exported-assets (7)/script.py
5.11	1	165	7505	bluefoot	exported-assets (7) 2/script.py
5.11	1	165	6076	sense-ritual	fix_diversity_and_timing.py
5.11	1	165	4630	pretext-cave	demos/cartesian-breach.html
5.11	1	165	4594	ripples	audio/gull/client/editor.js
5.11	1	164	7598	nothing-ritual	REPORT-NOTHING-RITUAL/NOTHING-RITUAL-04/index.html
5.11	1	164	6638	who-owns-the-feed	i1.html
5.11	1	164	3790	ripples	engine/Kimi_Agent_RIPPLES_ Worldtext Theory Summary (1) copy/app/src/types/index.ts
5.11	1	164	3790	ripples	app 2/src/types/index.ts
5.11	1	164	3790	ripples	Kimi_Agent_RIPPLES_ Worldtext Theory Summary/app/src/types/index.ts
5.11	1	164	3790	ripples	IMAGES/Kimi_Agent_RIPPLES_ Worldtext Theory Summary (1)/app/src/types/index.ts
5.10	1	163	29681	abc-flix	TUBE/persistent_sensorama_cone_single_file_html.html
5.10	1	163	10581	looking-machine	GAZE/07.html
5.10	1	163	8134	abundant-nes	tetrad_gizmo_temporal_media_control_surface_single_file_prototype.html
5.10	1	163	6332	who-owns-the-feed	i5.html
5.10	1	163	6081	resonome-genetic-archive	meaning-lattice.html
5.10	1	163	6078	who-owns-the-feed	i4.html
5.10	1	163	5253	opek	UNDERSTANDING AI/process_understanding_ai.py
5.10	1	163	4974	gob	extract_worldtext_templates.py
5.10	1	163	4974	gaze	extract_worldtext_templates.py
5.10	1	163	4521	tractor-dce-gyo	Words Assemble Worlds (1)/windex.html
5.09	1	162	14371	abundant-nes	volumetric_venn_cubes_mobile_draggable_dock (14).html
5.09	1	162	7584	nothing-ritual	REPORT-NOTHING-RITUAL/NOTHING-RITUAL-01/index.html
5.09	1	162	6297	core-age	gar-onyx-server.js
5.09	1	161	33461	abc-flix	TUBE/archive/arc_splice_operator_full_build (3).html
5.09	1	161	6284	aritificial-life	5-1-train.html
5.09	1	161	5883	opek	OPERATIVES/resequence.py
5.09	1	161	5443	world-heat	scripts/generate_bib.py
5.09	1	161	4968	sense-ritual	class-analysis-app.js
5.08	1	160	7507	nothing-ritual	index.html
5.08	1	160	6785	core-age	test_mpd_export.html
5.08	1	160	5981	nothing-ritual	REPORT-NOTHING-RITUAL/NOTHING-RITUAL-08/chart_script_2.py
5.08	1	160	4439	pretext-cave	demos/cartesian-breach-v2.html
5.08	1	159	3136	wh-ripple	orange-grid-universal.css
5.07	1	158	15199	myth-as-os	serres_territorial_possession_simulator_mobile_single_file (4).html
5.07	1	158	5550	role-deck	08-values-treasurer/values-treasurer.html
5.07	1	158	5160	arkadu	kern/analyze.py
5.06	1	157	4769	wa	generate-parts-manifest.js
5.06	1	157	4049	tractor-dce-gyo	build-ip-index.js
5.06	1	156	11328	gob	PIGEONS/sub-index.html
5.06	1	156	11328	gaze	PIGEONS/sub-index.html
5.06	1	156	11317	looking-machine	GAZE/10.html
5.06	1	156	7399	angel-meets-algo	i2.html
5.06	1	156	4897	synarchiv	iso-drawer-simple.html
5.06	1	156	4756	ripples	app/src/components/WorldtextViewport.tsx
5.05	1	155	3850	ripples	engine/Kimi_Agent_RIPPLES_ Worldtext Theory Summary (1) copy/app/src/components/ui/alert-dialog.tsx
5.05	1	155	3850	ripples	app/src/components/ui/alert-dialog.tsx
5.05	1	155	3850	ripples	app 2/src/components/ui/alert-dialog.tsx
5.05	1	155	3850	ripples	Kimi_Agent_RIPPLES_ Worldtext Theory Summary/app/src/components/ui/alert-dialog.tsx
5.05	1	155	3850	ripples	IMAGES/Kimi_Agent_RIPPLES_ Worldtext Theory Summary (1)/app/src/components/ui/alert-dialog.tsx
5.04	1	154	10649	LEGOS	thousand/script.py
5.04	1	154	10649	1000-small-futures	1000-small-per/script.py
5.04	1	154	5759	resonome-genetic-archive	rft-02.html
5.02	1	151	4430	mythos-canon	MYTHOS-ARCHIVE/FILM/index.html
5.02	1	150	14761	abundant-nes	orca_empathy_is_the_apex_predator_single_file_deck (5).html
5.02	1	150	13459	abundant-nes	orca_empathy_is_the_apex_predator_single_file_deck (4).html
5.02	1	150	11799	role-deck	08-values-treasurer/essay.html
5.01	1	149	7209	vol-air	exported-assets (9)/script_1.py
5.01	1	149	7209	tractor-field-notes	VOLHOLLA_AIR/exported-assets (9)/script_1.py
5.01	1	149	7209	looking-machine	VOLHOLLA_AIR/exported-assets (9)/script_1.py
5.01	1	149	7209	hyperclay-editor	VOLHOLLA_AIR/exported-assets (9)/script_1.py
5.01	1	149	5148	ripples	app/src/components/AuditLog.tsx
5.01	1	149	4925	arkadu	generate-gitignore.py
5.00	1	148	36258	abc-flix	TUBE/taxonomy_spiral_film_matrix (1).html
5.00	1	148	11699	role-deck	07-conditional-person/essay.html
5.00	1	148	8771	abundant-nes	stack_index_minimal_preview_single_file_html (8).html
5.00	1	148	8353	sterner	script.py
5.00	1	148	5291	role-deck	05-fragile-collective/fragile-collective.html
5.00	1	148	4898	tractor-field-notes	bluefoot/exported-assets (7)/chart_script.py
5.00	1	148	4898	tractor-field-notes	bluefoot/exported-assets (7) 2/chart_script.py
5.00	1	148	4898	looking-machine	bluefoot/exported-assets (7)/chart_script.py
5.00	1	148	4898	looking-machine	bluefoot/exported-assets (7) 2/chart_script.py
5.00	1	148	4898	hyperclay-editor	bluefoot/exported-assets (7)/chart_script.py
5.00	1	148	4898	hyperclay-editor	bluefoot/exported-assets (7) 2/chart_script.py
5.00	1	148	4898	bluefoot	exported-assets (7)/chart_script.py
5.00	1	148	4898	bluefoot	exported-assets (7) 2/chart_script.py
5.00	1	148	4544	nothing-ritual	REPORT-NOTHING-RITUAL/NOTHING-RITUAL-08/chart_script_1.py
5.00	1	147	5310	nothing-ritual	REPORT-NOTHING-RITUAL/NOTHING-RITUAL-08/chart_script.py
5.00	1	147	5089	resonome-genetic-archive	oscillator-game.html
4.99	1	146	6265	sense-ritual	meshwork-index.html
4.99	1	146	5251	role-deck	04-two-headed-compliance/two-headed-compliance.html
4.99	1	146	4491	resonome-genetic-archive	chladini-plate-01.html
4.98	1	145	5047	ripples	engine/Kimi_Agent_RIPPLES_ Worldtext Theory Summary (1) copy/app/tailwind.config.js
4.98	1	145	5047	ripples	app/tailwind.config.js
4.98	1	145	5047	ripples	app 2/tailwind.config.js
4.98	1	145	5047	ripples	Kimi_Agent_RIPPLES_ Worldtext Theory Summary/app/tailwind.config.js
4.98	1	145	5047	ripples	IMAGES/Kimi_Agent_RIPPLES_ Worldtext Theory Summary (1)/app/tailwind.config.js
4.98	1	145	4344	gob	parse_asclepius_rod.py
4.98	1	145	4344	gaze	parse_asclepius_rod.py
4.98	1	144	4618	mythos-canon	MYTHOS-ARCHIVE/mythos-viewer/index.html
4.97	1	143	5202	tractor-field-notes	bluefoot/exported-assets (7)/chart_script_1.py
4.97	1	143	5202	tractor-field-notes	bluefoot/exported-assets (7) 2/chart_script_1.py
4.97	1	143	5202	looking-machine	bluefoot/exported-assets (7)/chart_script_1.py
4.97	1	143	5202	looking-machine	bluefoot/exported-assets (7) 2/chart_script_1.py
4.97	1	143	5202	hyperclay-editor	bluefoot/exported-assets (7)/chart_script_1.py
4.97	1	143	5202	hyperclay-editor	bluefoot/exported-assets (7) 2/chart_script_1.py
4.97	1	143	5202	bluefoot	exported-assets (7)/chart_script_1.py
4.97	1	143	5202	bluefoot	exported-assets (7) 2/chart_script_1.py
4.96	1	142	5405	wa	ldraw-standard-individual.js
4.96	1	142	3793	world-heat	diff_viewer.html
4.96	1	141	11109	role-deck	06-epistemic-rush/essay.html
4.96	1	141	5331	role-deck	07-conditional-person/conditional-person.html
4.96	1	141	4998	ripples	app/src/components/Sidebar.tsx
4.96	1	141	4653	ripples	audio/pilot/desktop/sources/scripts/interface.effect.js
4.96	1	141	4322	vol-air	exported-assets (9)/chart_script.py
4.96	1	141	4322	tractor-field-notes	VOLHOLLA_AIR/exported-assets (9)/chart_script.py
4.96	1	141	4322	looking-machine	VOLHOLLA_AIR/exported-assets (9)/chart_script.py
4.96	1	141	4322	hyperclay-editor	VOLHOLLA_AIR/exported-assets (9)/chart_script.py
4.96	1	141	3981	ripples	engine/Kimi_Agent_RIPPLES_ Worldtext Theory Summary (1) copy/app/src/components/ui/dialog.tsx
4.96	1	141	3981	ripples	app/src/components/ui/dialog.tsx
4.96	1	141	3981	ripples	app 2/src/components/ui/dialog.tsx
4.96	1	141	3981	ripples	Kimi_Agent_RIPPLES_ Worldtext Theory Summary/app/src/components/ui/dialog.tsx
4.96	1	141	3981	ripples	IMAGES/Kimi_Agent_RIPPLES_ Worldtext Theory Summary (1)/app/src/components/ui/dialog.tsx
4.96	1	141	3547	tractor-field-notes	DYAD/parse-chapters-final-verdicts.js
4.96	1	141	3547	tractor-dce-gyo	parse-chapters-final-verdicts.js
4.96	1	141	3547	looking-machine	DYAD/parse-chapters-final-verdicts.js
4.96	1	141	3547	dyad	parse-chapters-final-verdicts.js
4.95	1	140	10894	ecology-of-media	index.html
4.94	1	139	7712	tractor-dce-gyo	onyx-monolith.html
4.94	1	139	6711	nothing-ritual	REPORT-NOTHING-RITUAL/NOTHING-RITUAL-08/script_2.py
4.94	1	139	4663	making-kin	index.html
4.94	1	139	4131	pretext-cave	demos/power-of-a-moon.html
4.93	1	138	20744	unthinkable-media	gear_editing_canvas (4).html
4.93	1	138	20744	tractor-field-notes	POTTERS_WHEEL/gear_editing_canvas (4).html
4.93	1	138	20744	potters-wheel	POTTERS_WHEEL/gear_editing_canvas (4).html
4.93	1	138	20744	looking-machine	POTTERS_WHEEL/gear_editing_canvas (4).html
4.93	1	138	20744	hyperclay-editor	POTTERS_WHEEL/gear_editing_canvas (4).html
4.93	1	138	5842	tractor-field-notes	CAN/hyperclay-index.html
4.93	1	138	5842	looking-machine	CAN/hyperclay-index.html
4.93	1	138	5842	hyperclay-editor	CAN/hyperclay-index.html
4.93	1	137	8840	media-surfer	generate-speculative-ledger.py
4.93	1	137	5457	sr-os	tempo-os.js
4.93	1	137	4592	sense-ritual	swiper-test-closure.html
4.93	1	137	4076	ripples	engine/Kimi_Agent_RIPPLES_ Worldtext Theory Summary (1) copy/app/src/components/ui/sheet.tsx
4.93	1	137	4076	ripples	app/src/components/ui/sheet.tsx
4.93	1	137	4076	ripples	app 2/src/components/ui/sheet.tsx
4.93	1	137	4076	ripples	Kimi_Agent_RIPPLES_ Worldtext Theory Summary/app/src/components/ui/sheet.tsx
4.93	1	137	4076	ripples	IMAGES/Kimi_Agent_RIPPLES_ Worldtext Theory Summary (1)/app/src/components/ui/sheet.tsx
4.92	1	136	4207	ripples	audio/orca/desktop/sources/scripts/lib/acels.js
4.91	1	135	11144	role-deck	05-fragile-collective/essay.html
4.91	1	135	10129	encoded-power	SPECULATE/notes-02.html
4.91	1	135	4965	platos-cave	media-primitives.html
4.91	1	135	4900	role-deck	06-epistemic-rush/epistemic-rush.html
4.91	1	135	4832	ripples	app/src/App.tsx
4.91	1	135	4338	the-fork	RAILWAY GAME/CAMERA-SYSTEM-PATCH.js
4.91	1	135	4255	ripples	engine/Kimi_Agent_RIPPLES_ Worldtext Theory Summary (1) copy/app/src/components/ui/drawer.tsx
4.91	1	135	4255	ripples	app/src/components/ui/drawer.tsx
4.91	1	135	4255	ripples	app 2/src/components/ui/drawer.tsx
4.91	1	135	4255	ripples	Kimi_Agent_RIPPLES_ Worldtext Theory Summary/app/src/components/ui/drawer.tsx
4.91	1	135	4255	ripples	IMAGES/Kimi_Agent_RIPPLES_ Worldtext Theory Summary (1)/app/src/components/ui/drawer.tsx
4.91	1	134	3698	mythos-canon	essays/index_essays.html
4.90	1	133	5838	ripples	engine-demo.html
4.89	1	132	4421	wave	scripts/fetch-ids-invidious.js
4.88	1	131	4540	metisim	INVASION/index.html
4.88	1	131	3711	ripples	audio/orca/desktop/sources/scripts/core/operator.js
4.87	1	129	8581	the-republic	index-splash.html
4.87	1	129	6515	island-ecology	make_videos_v2.py
4.87	1	129	3709	abundant-nes	generate_manifest.py
4.86	1	128	5153	sr-os	scale-os.js
4.85	1	127	5759	eco-media	index.html
4.85	1	127	4209	ripples	engine/adapters/audio-bridge.js
4.85	1	127	4172	arkadu	kern/primitive_scan.py
4.85	1	127	4000	wa	ldraw-safe-init.js
4.85	1	127	2717	ripples	engine/Kimi_Agent_RIPPLES_ Worldtext Theory Summary (1) copy/app/src/components/ui/pagination.tsx
4.85	1	127	2717	ripples	app/src/components/ui/pagination.tsx
4.85	1	127	2717	ripples	app 2/src/components/ui/pagination.tsx
4.85	1	127	2717	ripples	Kimi_Agent_RIPPLES_ Worldtext Theory Summary/app/src/components/ui/pagination.tsx
4.85	1	127	2717	ripples	IMAGES/Kimi_Agent_RIPPLES_ Worldtext Theory Summary (1)/app/src/components/ui/pagination.tsx
4.84	1	126	30160	abc-flix	TUBE/archive/arc_splice_operator_full_build (2).html
4.84	1	126	7284	tractor-field-notes	2400_25/codex-export.html
4.84	1	126	7284	potters-wheel	2400_25/codex-export.html
4.84	1	126	7284	os-dope	codex-export.html
4.84	1	126	7284	looking-machine	2400_25/codex-export.html
4.84	1	126	7284	hyperclay-editor	2400_25/codex-export.html
4.84	1	126	4237	ripples	audio/pilot/desktop/sources/scripts/lib/theme.js
4.84	1	126	4027	tractor-dce-gyo	Brickfilm_Studio_Kit/REALITY MEDIA_MOMENTO/universal_scene_template.js
4.84	1	125	13556	abundant-nes	orca_empathy_is_the_apex_predator_single_file_deck.html
4.84	1	125	5849	tractor-field-notes	pca/index.html
4.84	1	125	5849	pca	index.html
4.84	1	125	5849	looking-machine	pca/index.html
4.84	1	125	5849	hyperclay-editor	pca/index.html
4.83	1	124	23976	platos-cave	pc-04.html
4.83	1	124	12705	unthinkable-media	hyperclay_mobile_mixer_single_file_html_works_with_real_video (4).html
4.83	1	124	12705	tractor-field-notes	POTTERS_WHEEL/hyperclay_mobile_mixer_single_file_html_works_with_real_video (4).html
4.83	1	124	12705	potters-wheel	POTTERS_WHEEL/hyperclay_mobile_mixer_single_file_html_works_with_real_video (4).html
4.83	1	124	12705	looking-machine	POTTERS_WHEEL/hyperclay_mobile_mixer_single_file_html_works_with_real_video (4).html
4.83	1	124	12705	hyperclay-editor	POTTERS_WHEEL/hyperclay_mobile_mixer_single_file_html_works_with_real_video (4).html
4.83	1	124	5929	ethics-infrastructure	progress-update.html
4.83	1	124	4663	the-fork	RAILWAY GAME/railyard-scenario.js
4.83	1	124	4479	tractor-field-notes	pca/title-sequence-template.js
4.83	1	124	4479	pca	title-sequence-template.js
4.83	1	124	4479	looking-machine	pca/title-sequence-template.js
4.83	1	124	4479	hyperclay-editor	pca/title-sequence-template.js
4.83	3	4	90	latent-sculptor	src/ai/dev.ts
4.82	1	123	3414	wa	generate-part-wrappers.js
4.81	1	122	18239	unthinkable-media	gear_editing_canvas (3).html
4.81	1	122	18239	tractor-field-notes	POTTERS_WHEEL/gear_editing_canvas (3).html
4.81	1	122	18239	potters-wheel	POTTERS_WHEEL/gear_editing_canvas (3).html
4.81	1	122	18239	looking-machine	POTTERS_WHEEL/gear_editing_canvas (3).html
4.81	1	122	18239	hyperclay-editor	POTTERS_WHEEL/gear_editing_canvas (3).html
4.81	1	122	7923	abundant-nes	hypertetrahedral_hypertext_gizmo_single_file_mobile_html_css_js (7).html
4.81	1	122	4463	fuzzy-linkography	explainer.html
4.81	1	122	4060	LEGOS	thousand/script_1.py
4.81	1	122	4060	1000-small-futures	1000-small-per/script_1.py
4.80	1	121	4256	ripples	engine/compiler/grid-compiler.js
4.80	1	120	6471	LEGOS	thousand/script_5.py
4.80	1	120	6471	1000-small-futures	1000-small-per/script_5.py
4.80	1	120	3501	the-fork	RAILWAY GAME/STAGE-1-foundation.html
4.80	1	120	2432	wa	generate-root-models-manifest.js
4.80	1	120	2432	tractor-dce-gyo	wag-viewer-prime-integration-20251112-055341 copy/generate-root-models-manifest.js
4.78	1	118	6488	haunted-tools	first_aid_readiness_helper_single.html
4.78	1	118	4714	ripples	audio/gull/client/machine.js
4.78	1	118	3335	ripples	audio/gull/client.js
4.77	1	117	6272	encoded-power	mini-index.html
4.77	1	117	3936	role-deck	generate_manifest.js
4.77	1	117	3936	core-age	trail-olog-starter/generate_manifest.js
4.77	1	117	3936	core-age	trail-olog-starter copy/generate_manifest.js
4.77	1	117	3936	core-age	trail-olog-starter 2/generate_manifest.js
4.77	1	117	3936	core-age	generate_manifest.js
4.77	1	117	3936	atg-3	generate_manifest.js
4.77	1	117	3659	making-kin	team-formation.html
4.76	1	116	15084	arkadu	decks.html
4.76	1	116	3949	sense-ritual	assemble_cinematic.py
4.75	1	115	3641	life-star	life-star/index.html
4.75	1	115	3636	life-star	helicopter/index.html
4.75	1	115	3204	looking-machine	GAZE/tools/render-feature-cut-video.js
4.74	1	114	2434	ripples	engine/Kimi_Agent_RIPPLES_ Worldtext Theory Summary (1) copy/app/src/components/ui/table.tsx
4.74	1	114	2434	ripples	app/src/components/ui/table.tsx
4.74	1	114	2434	ripples	app 2/src/components/ui/table.tsx
4.74	1	114	2434	ripples	Kimi_Agent_RIPPLES_ Worldtext Theory Summary/app/src/components/ui/table.tsx
4.74	1	114	2434	ripples	IMAGES/Kimi_Agent_RIPPLES_ Worldtext Theory Summary (1)/app/src/components/ui/table.tsx
4.74	1	113	7432	sense-ritual	class-analysis-data.js
4.73	1	112	8752	mythos-canon	MYTHOS-ARCHIVE/LIBERATION-PLAYGROUND.html
4.73	1	112	4112	tractor-dce-gyo	build-scene-shells.js
4.72	1	111	16185	unthinkable-media	gear_editing_canvas (2).html
4.72	1	111	16185	tractor-field-notes	POTTERS_WHEEL/gear_editing_canvas (2).html
4.72	1	111	16185	potters-wheel	POTTERS_WHEEL/gear_editing_canvas (2).html
4.72	1	111	16185	looking-machine	POTTERS_WHEEL/gear_editing_canvas (2).html
4.72	1	111	16185	hyperclay-editor	POTTERS_WHEEL/gear_editing_canvas (2).html
4.72	1	111	7675	media-surfer	build-complete-ledger.py
4.72	1	111	5909	abundant-nes	excavator_engine_single_file_ritual_interface.html
4.72	1	111	3460	tractor-dce-gyo	build-large-ready-mades.js
4.71	1	110	23390	abc-flix	TUBE/archive/preview (47).html
4.71	1	110	4104	tractor-field-notes	FUSE/m4.html
4.71	1	110	4104	potters-wheel	FUSE/m4.html
4.71	1	110	4104	looking-machine	FUSE/m4.html
4.71	1	110	4104	intron	m4.html
4.71	1	110	4104	hyperclay-editor	FUSE/m4.html
4.71	1	110	4104	genoma	FUSE/m4.html
4.71	1	110	4104	codon	FUSE/m4.html
4.71	1	110	3517	dust-empire	add_soundtrack.py
4.70	1	109	4771	opek	UNDERSTANDING AI/refine_understanding_data.py
4.70	1	109	4432	abundant-nes	stack_index_minimal_preview_single_file_html (7).html
4.70	1	109	3718	role-deck	enrich_trail_data.py
4.70	1	109	3718	core-age	trail-olog-starter/enrich_trail_data.py
4.70	1	109	3718	core-age	trail-olog-starter copy/enrich_trail_data.py
4.70	1	109	3718	core-age	trail-olog-starter 2/enrich_trail_data.py
4.70	1	109	3718	core-age	enrich_trail_data.py
4.70	1	109	3718	atg-3	enrich_trail_data.py
4.70	1	109	3599	eos	CODEX/parse_exact_turns.py
4.70	1	109	3551	tractor-dce-gyo	build-taxonomy-primitives.js
4.70	1	109	2357	ripples	engine/Kimi_Agent_RIPPLES_ Worldtext Theory Summary (1) copy/app/src/components/ui/breadcrumb.tsx
4.70	1	109	2357	ripples	app/src/components/ui/breadcrumb.tsx
4.70	1	109	2357	ripples	app 2/src/components/ui/breadcrumb.tsx
4.70	1	109	2357	ripples	Kimi_Agent_RIPPLES_ Worldtext Theory Summary/app/src/components/ui/breadcrumb.tsx
4.70	1	109	2357	ripples	IMAGES/Kimi_Agent_RIPPLES_ Worldtext Theory Summary (1)/app/src/components/ui/breadcrumb.tsx
4.68	1	107	3231	sense-ritual	2_generate_eno_music_optimized.py
4.67	1	106	7447	pretext-cave	demos/wordar.html
4.67	1	106	7334	abundant-nes	rhm_venn_stacks_v2.html
4.67	1	106	2957	sense-ritual	2_generate_eno_music.py
4.65	1	104	4139	eos	CODEX/distill_notes.py
4.65	1	104	4065	vol-air	exported-assets (8)/script_1.py
4.65	1	104	4065	tractor-field-notes	VOLHOLLA_AIR/exported-assets (8)/script_1.py
4.65	1	104	4065	looking-machine	VOLHOLLA_AIR/exported-assets (8)/script_1.py
4.65	1	104	4065	hyperclay-editor	VOLHOLLA_AIR/exported-assets (8)/script_1.py
4.65	1	104	3045	encoded-power	code-playbook-intro.html
4.65	1	104	2396	ripples	engine/Kimi_Agent_RIPPLES_ Worldtext Theory Summary (1) copy/app/src/components/ui/empty.tsx
4.65	1	104	2396	ripples	app/src/components/ui/empty.tsx
4.65	1	104	2396	ripples	app 2/src/components/ui/empty.tsx
4.65	1	104	2396	ripples	Kimi_Agent_RIPPLES_ Worldtext Theory Summary/app/src/components/ui/empty.tsx
4.65	1	104	2396	ripples	IMAGES/Kimi_Agent_RIPPLES_ Worldtext Theory Summary (1)/app/src/components/ui/empty.tsx
4.64	1	103	2800	arkadu	data-test.html
4.64	1	103	2793	sense-ritual	3_mix_audio_layers.py
4.63	1	102	3151	ripples	audio/orca/desktop/sources/scripts/lib/source.js
4.63	1	102	2606	ripples	audio/pilot/desktop/sources/scripts/interface.js
4.62	1	101	4652	metisim	index-bone.html
4.62	1	101	2481	tractor-dce-gyo	Brickfilm_Studio_Kit/REALITY MEDIA_MOMENTO/undaunted_disc_grid.html
4.62	1	101	2479	ripples	audio/gull/client/effects.js
4.62	1	100	4812	ripples	audio/pilot/desktop/sources/links/main.css
4.61	1	99	16577	vibe-crates	vb_revised.js
4.61	1	99	3205	tractor-field-notes	DYAD/validate-onyx-data.js
4.61	1	99	3205	looking-machine	DYAD/validate-onyx-data.js
4.61	1	99	3205	dyad	validate-onyx-data.js
4.60	1	98	4547	mythos-canon	script_1.py
4.60	1	98	4547	mythos-canon	MYTHOS-ARCHIVE/SAILS/script_1.py
4.60	1	98	4194	mythos-canon	MYTHOS-ARCHIVE/KITES/index.html
4.60	1	98	4194	mythos-canon	MYTHOS-ARCHIVE/KITES/family-of-one/index.html
4.60	1	98	3905	encoded-power	VIEWER/index.html
4.60	1	98	3098	gob	extract_asclepius_templates.py
4.60	1	98	3098	gaze	extract_asclepius_templates.py
4.58	1	97	27129	abc-flix	TUBE/archive/arc_splice_operator_full_build (1).html
4.57	1	96	2280	ripples	audio/gull/server.js
4.56	1	95	2910	tractor-field-notes	DYAD/generate-manifest.js
4.56	1	95	2910	looking-machine	DYAD/generate-manifest.js
4.56	1	95	2910	dyad	generate-manifest.js
4.55	1	94	5591	nothing-ritual	REPORT-NOTHING-RITUAL/NOTHING-RITUAL-08/script.py
4.54	1	93	4953	role-deck	05-fragile-collective/index.html
4.54	1	93	4922	role-deck	06-epistemic-rush/index.html
4.54	1	93	4917	role-deck	04-two-headed-compliance/index.html
4.54	1	93	4910	role-deck	07-conditional-person/index.html
4.54	1	93	4907	role-deck	08-values-treasurer/index.html
4.54	1	93	4897	role-deck	02-deadline-sovereign/index.html
4.54	1	93	4885	role-deck	03-bounded-apprentice/index.html
4.54	1	93	3390	the-fork	TRAINING GROUND/test-controls.html
4.54	1	93	3358	meets	organize_images.py
4.54	1	93	2851	wave	crate-index.html
4.53	1	92	3092	ethics-infrastructure	prime-update.html
4.53	1	92	1987	ripples	engine/Kimi_Agent_RIPPLES_ Worldtext Theory Summary (1) copy/app/src/components/ui/card.tsx
4.53	1	92	1987	ripples	app/src/components/ui/card.tsx
4.53	1	92	1987	ripples	app 2/src/components/ui/card.tsx
4.53	1	92	1987	ripples	Kimi_Agent_RIPPLES_ Worldtext Theory Summary/app/src/components/ui/card.tsx
4.53	1	92	1987	ripples	IMAGES/Kimi_Agent_RIPPLES_ Worldtext Theory Summary (1)/app/src/components/ui/card.tsx
4.51	1	90	6353	venn-32	volumetric_cube_stacks_overlap_nexus_gully_edition (1).html
4.51	1	90	6353	abundant-nes	volumetric_cube_stacks_overlap_nexus_gully_edition (1).html
4.51	1	90	3069	tractor-dce-gyo	wag-frankwag-fromer.html
4.51	1	90	2498	vol-air	exported-assets (9)/chart_script_1.py
4.51	1	90	2498	tractor-field-notes	VOLHOLLA_AIR/exported-assets (9)/chart_script_1.py
4.51	1	90	2498	looking-machine	VOLHOLLA_AIR/exported-assets (9)/chart_script_1.py
4.51	1	90	2498	hyperclay-editor	VOLHOLLA_AIR/exported-assets (9)/chart_script_1.py
4.51	1	90	2275	ripples	audio/pilot/desktop/main.js
4.51	1	90	1894	ripples	audio/gull/main.js
4.50	1	89	12646	media-surfer	tilth-scrubber.html
4.50	1	89	2874	opek	OPERATIVES/process_ocr_legos.py
4.49	1	88	4473	metisim	LIB/freud-tv.html
4.49	1	88	4336	moto	VOLHOLLA/song-event-03.html
4.49	1	88	4233	moto	VOLHOLLA/song-heishui-05.html
4.49	1	88	4226	moto	VOLHOLLA/song-heishui-10.html
4.49	1	88	4224	moto	VOLHOLLA/song-event-04.html
4.49	1	88	4207	moto	VOLHOLLA/song-heishui-08.html
4.49	1	88	4201	moto	VOLHOLLA/song-heishui-07.html
4.49	1	88	4167	moto	VOLHOLLA/song-heishui-06.html
4.49	1	88	4161	moto	VOLHOLLA/song-heishui-04.html
4.49	1	88	4161	moto	VOLHOLLA/song-heishui-02.html
4.49	1	88	4134	moto	VOLHOLLA/song-event-06.html
4.49	1	88	4129	moto	VOLHOLLA/song-heishui-09.html
4.49	1	88	4129	moto	VOLHOLLA/song-glass-15.html
4.49	1	88	4128	moto	VOLHOLLA/song-event-01.html
4.49	1	88	4119	moto	VOLHOLLA/song-glass-14.html
4.49	1	88	4115	moto	VOLHOLLA/song-heishui-03.html
4.49	1	88	4102	moto	VOLHOLLA/song-glass-01.html
4.49	1	88	4102	moto	VOLHOLLA/song-event-05.html
4.49	1	88	4099	moto	VOLHOLLA/song-goleyakh-03.html
4.49	1	88	4096	moto	VOLHOLLA/song-goleyakh-44.html
4.49	1	88	4094	moto	VOLHOLLA/song-event-02.html
4.49	1	88	4087	moto	VOLHOLLA/song-heishui-01.html
4.49	1	88	4087	moto	VOLHOLLA/song-glass-13.html
4.49	1	88	4085	moto	VOLHOLLA/song-glass-10.html
4.49	1	88	4082	moto	VOLHOLLA/song-goleyakh-35.html
4.49	1	88	4076	moto	VOLHOLLA/song-goleyakh-37.html
4.49	1	88	4068	moto	VOLHOLLA/song-glass-09.html
4.49	1	88	4064	moto	VOLHOLLA/song-goleyakh-33.html
4.49	1	88	4064	moto	VOLHOLLA/song-goleyakh-20.html
4.49	1	88	4052	moto	VOLHOLLA/song-goleyakh-43.html
4.49	1	88	4052	moto	VOLHOLLA/song-glass-03.html
4.49	1	88	4050	moto	VOLHOLLA/song-goleyakh-23.html
4.49	1	88	4050	moto	VOLHOLLA/song-goleyakh-18.html
4.49	1	88	4048	moto	VOLHOLLA/song-goleyakh-41.html
4.49	1	88	4046	moto	VOLHOLLA/song-glass-02.html
4.49	1	88	4044	moto	VOLHOLLA/song-goleyakh-10.html
4.49	1	88	4041	moto	VOLHOLLA/song-goleyakh-04.html
4.49	1	88	4040	moto	VOLHOLLA/song-goleyakh-36.html
4.49	1	88	4039	moto	VOLHOLLA/song-goleyakh-05.html
4.49	1	88	4034	moto	VOLHOLLA/song-goleyakh-29.html
4.49	1	88	4034	moto	VOLHOLLA/song-goleyakh-27.html
4.49	1	88	4029	moto	VOLHOLLA/song-goleyakh-02.html
4.49	1	88	4028	moto	VOLHOLLA/song-glass-05.html
4.49	1	88	4024	moto	VOLHOLLA/song-goleyakh-14.html
4.49	1	88	4023	moto	VOLHOLLA/song-ferrous-04.html
4.49	1	88	4020	moto	VOLHOLLA/song-glass-06.html
4.49	1	88	4018	moto	VOLHOLLA/song-goleyakh-24.html
4.49	1	88	4016	moto	VOLHOLLA/song-usblegacy-11.html
4.49	1	88	4016	moto	VOLHOLLA/song-goleyakh-38.html
4.49	1	88	4016	moto	VOLHOLLA/song-goleyakh-28.html
4.49	1	88	4014	moto	VOLHOLLA/song-goleyakh-25.html
4.49	1	88	4014	moto	VOLHOLLA/song-goleyakh-13.html
4.49	1	88	4012	moto	VOLHOLLA/song-glass-04.html
4.49	1	88	4010	moto	VOLHOLLA/song-goleyakh-11.html
4.49	1	88	4008	moto	VOLHOLLA/song-goleyakh-42.html
4.49	1	88	4008	moto	VOLHOLLA/song-goleyakh-39.html
4.49	1	88	4008	moto	VOLHOLLA/song-blackwater-06.html
4.49	1	88	4006	moto	VOLHOLLA/song-goleyakh-12.html
4.49	1	88	4002	moto	VOLHOLLA/song-blackwater-02.html
4.49	1	88	4001	moto	VOLHOLLA/song-goleyakh-08.html
4.49	1	88	4000	moto	VOLHOLLA/song-goleyakh-34.html
4.49	1	88	4000	moto	VOLHOLLA/song-goleyakh-32.html
4.49	1	88	4000	moto	VOLHOLLA/song-goleyakh-31.html
4.49	1	88	4000	moto	VOLHOLLA/song-goleyakh-26.html
4.49	1	88	4000	moto	VOLHOLLA/song-goleyakh-22.html
4.49	1	88	3999	moto	VOLHOLLA/song-goleyakh-09.html
4.49	1	88	3997	moto	VOLHOLLA/song-goleyakh-06.html
4.49	1	88	3997	moto	VOLHOLLA/song-blackwater-21.html
4.49	1	88	3994	moto	VOLHOLLA/song-goleyakh-16.html
4.49	1	88	3994	moto	VOLHOLLA/song-glass-07.html
4.49	1	88	3991	moto	VOLHOLLA/song-ferrous-02.html
4.49	1	88	3990	moto	VOLHOLLA/song-goleyakh-21.html
4.49	1	88	3990	moto	VOLHOLLA/song-goleyakh-17.html
4.49	1	88	3989	moto	VOLHOLLA/song-goleyakh-07.html
4.49	1	88	3987	moto	VOLHOLLA/song-glass-12.html
4.49	1	88	3986	moto	VOLHOLLA/song-usblegacy-18.html
4.49	1	88	3986	moto	VOLHOLLA/song-glass-08.html
4.49	1	88	3984	moto	VOLHOLLA/song-usblegacy-21.html
4.49	1	88	3984	moto	VOLHOLLA/song-congregation-02.html
4.49	1	88	3983	moto	VOLHOLLA/song-throne-08.html
4.49	1	88	3981	moto	VOLHOLLA/song-goleyakh-01.html
4.49	1	88	3981	moto	VOLHOLLA/song-ferrous-01.html
4.49	1	88	3979	moto	VOLHOLLA/song-blackwater-18.html
4.49	1	88	3978	moto	VOLHOLLA/song-usblegacy-10.html
4.49	1	88	3977	moto	VOLHOLLA/song-congregation-13.html
4.49	1	88	3975	moto	VOLHOLLA/song-ferrous-05.html
4.49	1	88	3974	moto	VOLHOLLA/song-goleyakh-40.html
4.49	1	88	3974	moto	VOLHOLLA/song-goleyakh-15.html
4.49	1	88	3970	moto	VOLHOLLA/song-usblegacy-19.html
4.49	1	88	3969	moto	VOLHOLLA/song-throne-05.html
4.49	1	88	3966	moto	VOLHOLLA/song-goleyakh-19.html
4.49	1	88	3963	moto	VOLHOLLA/song-glass-11.html
4.49	1	88	3961	moto	VOLHOLLA/song-congregation-11.html
4.49	1	88	3960	moto	VOLHOLLA/song-congregation-05.html
4.49	1	88	3957	moto	VOLHOLLA/song-throne-07.html
4.49	1	88	3956	moto	VOLHOLLA/song-blackwater-01.html
4.49	1	88	3954	moto	VOLHOLLA/song-congregation-09.html
4.49	1	88	3954	moto	VOLHOLLA/song-congregation-06.html
4.49	1	88	3953	moto	VOLHOLLA/song-blackwater-12.html
4.49	1	88	3952	moto	VOLHOLLA/song-throne-14.html
4.49	1	88	3949	moto	VOLHOLLA/song-ferrous-03.html
4.49	1	88	3944	moto	VOLHOLLA/song-congregation-04.html
4.49	1	88	3942	moto	VOLHOLLA/song-usblegacy-12.html
4.49	1	88	3942	moto	VOLHOLLA/song-goleyakh-30.html
4.49	1	88	3942	moto	VOLHOLLA/song-congregation-07.html
4.49	1	88	3939	moto	VOLHOLLA/song-blackwater-15.html
4.49	1	88	3938	moto	VOLHOLLA/song-blackwater-03.html
4.49	1	88	3936	moto	VOLHOLLA/song-usblegacy-23.html
4.49	1	88	3930	moto	VOLHOLLA/song-congregation-01.html
4.49	1	88	3928	moto	VOLHOLLA/song-usblegacy-22.html
4.49	1	88	3928	moto	VOLHOLLA/song-throne-16.html
4.49	1	88	3927	moto	VOLHOLLA/song-throne-04.html
4.49	1	88	3925	moto	VOLHOLLA/song-throne-09.html
4.49	1	88	3921	moto	VOLHOLLA/song-blackwater-17.html
4.49	1	88	3920	moto	VOLHOLLA/song-usblegacy-16.html
4.49	1	88	3920	moto	VOLHOLLA/song-usblegacy-14.html
4.49	1	88	3920	moto	VOLHOLLA/song-throne-12.html
4.49	1	88	3918	moto	VOLHOLLA/song-usblegacy-17.html
4.49	1	88	3912	moto	VOLHOLLA/song-usblegacy-20.html
4.49	1	88	3912	moto	VOLHOLLA/song-throne-10.html
4.49	1	88	3902	moto	VOLHOLLA/song-usblegacy-15.html
4.49	1	88	3902	moto	VOLHOLLA/song-congregation-08.html
4.49	1	88	3901	moto	VOLHOLLA/song-throne-01.html
4.49	1	88	3896	moto	VOLHOLLA/song-throne-17.html
4.49	1	88	3896	moto	VOLHOLLA/song-throne-13.html
4.49	1	88	3894	moto	VOLHOLLA/song-throne-11.html
4.49	1	88	3891	moto	VOLHOLLA/song-blackwater-20.html
4.49	1	88	3891	moto	VOLHOLLA/song-blackwater-19.html
4.49	1	88	3887	moto	VOLHOLLA/song-throne-06.html
4.49	1	88	3887	moto	VOLHOLLA/song-congregation-10.html
4.49	1	88	3886	moto	VOLHOLLA/song-usblegacy-13.html
4.49	1	88	3886	moto	VOLHOLLA/song-congregation-03.html
4.49	1	88	3883	moto	VOLHOLLA/song-blackwater-22.html
4.49	1	88	3877	moto	VOLHOLLA/song-throne-03.html
4.49	1	88	3877	moto	VOLHOLLA/song-throne-02.html
4.49	1	88	3871	moto	VOLHOLLA/song-congregation-12.html
4.49	1	88	3865	moto	VOLHOLLA/song-blackwater-10.html
4.49	1	88	3855	moto	VOLHOLLA/song-blackwater-14.html
4.49	1	88	3854	moto	VOLHOLLA/song-blackwater-05.html
4.49	1	88	3847	moto	VOLHOLLA/song-blackwater-16.html
4.49	1	88	3846	moto	VOLHOLLA/song-blackwater-09.html
4.49	1	88	3838	moto	VOLHOLLA/song-throne-15.html
4.49	1	88	3838	moto	VOLHOLLA/song-blackwater-08.html
4.49	1	88	3829	moto	VOLHOLLA/song-blackwater-11.html
4.49	1	88	3822	moto	VOLHOLLA/song-blackwater-04.html
4.49	1	88	3820	moto	VOLHOLLA/song-blackwater-07.html
4.49	1	88	3815	moto	VOLHOLLA/song-blackwater-13.html
4.49	1	88	3602	codex-reader	parse_script.py
4.49	1	88	2898	tractor-field-notes	DYAD/scan-assets.js
4.49	1	88	2898	looking-machine	DYAD/scan-assets.js
4.49	1	88	2898	dyad	scan-assets.js
4.49	1	88	2323	latent-sculptor	src/app/globals.css
4.48	1	87	2922	dream-organ	index.html
4.48	1	87	2882	role-deck	test-character-cards.html
4.48	1	87	2507	sense-ritual	1_generate_all_tts.py
4.47	1	86	25128	eos	CODEX/film_codex_raw.js
4.45	1	85	5015	dream-organ	dream-organ-player.html
4.45	1	85	2689	opek	OPERATIVES/resequence_legos.py
4.44	1	84	3709	vol-air	exported-assets (9)/script.py
4.44	1	84	3709	tractor-field-notes	VOLHOLLA_AIR/exported-assets (9)/script.py
4.44	1	84	3709	looking-machine	VOLHOLLA_AIR/exported-assets (9)/script.py
4.44	1	84	3709	hyperclay-editor	VOLHOLLA_AIR/exported-assets (9)/script.py
4.43	1	83	4015	metisim	index-old.html
4.43	1	83	3475	vol-air	exported-assets (8)/script.py
4.43	1	83	3475	tractor-field-notes	VOLHOLLA_AIR/exported-assets (8)/script.py
4.43	1	83	3475	looking-machine	VOLHOLLA_AIR/exported-assets (8)/script.py
4.43	1	83	3475	hyperclay-editor	VOLHOLLA_AIR/exported-assets (8)/script.py
4.43	1	83	3326	platos-cave	cs-cave.html
4.43	1	83	3233	moto	VOLHOLLA/radio.html
4.43	1	83	2209	ripples	engine/Kimi_Agent_RIPPLES_ Worldtext Theory Summary (1) copy/app/src/components/ui/button-group.tsx
4.43	1	83	2209	ripples	app/src/components/ui/button-group.tsx
4.43	1	83	2209	ripples	app 2/src/components/ui/button-group.tsx
4.43	1	83	2209	ripples	Kimi_Agent_RIPPLES_ Worldtext Theory Summary/app/src/components/ui/button-group.tsx
4.43	1	83	2209	ripples	IMAGES/Kimi_Agent_RIPPLES_ Worldtext Theory Summary (1)/app/src/components/ui/button-group.tsx
4.42	1	82	3743	core-age	taxonomy_data.js
4.41	1	81	2300	ripples	engine/Kimi_Agent_RIPPLES_ Worldtext Theory Summary (1) copy/app/src/components/ui/toggle-group.tsx
4.41	1	81	2300	ripples	app/src/components/ui/toggle-group.tsx
4.41	1	81	2300	ripples	app 2/src/components/ui/toggle-group.tsx
4.41	1	81	2300	ripples	Kimi_Agent_RIPPLES_ Worldtext Theory Summary/app/src/components/ui/toggle-group.tsx
4.41	1	81	2300	ripples	IMAGES/Kimi_Agent_RIPPLES_ Worldtext Theory Summary (1)/app/src/components/ui/toggle-group.tsx
4.41	1	81	1817	ripples	audio/orca/desktop/main.js
4.39	1	80	2558	tractor-dce-gyo	build-part-geometry.js
4.39	1	80	2435	dust-empire	create_music_video.py
4.38	1	79	2869	eos	CODEX/clean_notes.py
4.38	1	79	2220	metisim	create_invasion_html.py
4.37	1	78	4130	smith-deck	classic-index.html
4.37	1	78	4130	prompt-smith	classic-index.html
4.37	1	78	2926	opek	OPERATIVES/semantic_sort_experiment.py
4.36	1	77	14050	mythos-canon	MYTHOS-ARCHIVE/presentation-04-ethics-framework.html
4.34	1	76	3641	myth-as-os	index02.html
4.34	1	76	3442	vol-air	exported-assets (8)/script_2.py
4.34	1	76	3442	tractor-field-notes	VOLHOLLA_AIR/exported-assets (8)/script_2.py
4.34	1	76	3442	looking-machine	VOLHOLLA_AIR/exported-assets (8)/script_2.py
4.34	1	76	3442	hyperclay-editor	VOLHOLLA_AIR/exported-assets (8)/script_2.py
4.34	1	76	2628	abundant-nes	think_the_unthinkable_sonic_instrument_single_file.html
4.34	1	76	1991	ripples	audio/pilot/desktop/sources/scripts/recorder.js
4.34	1	76	1569	ripples	app/src/types/index.ts
4.33	1	75	5698	looking-machine	GAZE/dune.html
4.33	1	75	3529	island-ecology	make_videos_v3.py
4.33	1	75	2240	ripples	engine/Kimi_Agent_RIPPLES_ Worldtext Theory Summary (1) copy/app/src/components/ui/input-otp.tsx
4.33	1	75	2240	ripples	app/src/components/ui/input-otp.tsx
4.33	1	75	2240	ripples	app 2/src/components/ui/input-otp.tsx
4.33	1	75	2240	ripples	Kimi_Agent_RIPPLES_ Worldtext Theory Summary/app/src/components/ui/input-otp.tsx
4.33	1	75	2240	ripples	IMAGES/Kimi_Agent_RIPPLES_ Worldtext Theory Summary (1)/app/src/components/ui/input-otp.tsx
4.33	1	75	2064	babeldu	index.html
4.32	1	74	9417	media-surfer	tilth-apparatus.html
4.32	1	74	2734	1000-small-futures	session-viewer.html
4.32	1	74	2660	opek	OPERATIVES/apply_semantic_sort.py
4.32	1	74	1853	ripples	audio/orca/desktop/sources/scripts/lib/history.js
4.30	1	73	2771	vol-air	exported-assets (8)/chart_script.py
4.30	1	73	2771	tractor-field-notes	VOLHOLLA_AIR/exported-assets (8)/chart_script.py
4.30	1	73	2771	looking-machine	VOLHOLLA_AIR/exported-assets (8)/chart_script.py
4.30	1	73	2771	hyperclay-editor	VOLHOLLA_AIR/exported-assets (8)/chart_script.py
4.29	1	72	2174	unthinkable-media	build_manifest.js
4.29	1	72	2174	tractor-field-notes	POTTERS_WHEEL/build_manifest.js
4.29	1	72	2174	potters-wheel	POTTERS_WHEEL/build_manifest.js
4.29	1	72	2174	looking-machine	POTTERS_WHEEL/build_manifest.js
4.29	1	72	2174	hyperclay-editor	POTTERS_WHEEL/build_manifest.js
4.29	1	72	1917	ripples	audio/orca/desktop/sources/scripts/core/io/udp.js
4.29	1	72	1702	ripples	audio/pilot/desktop/sources/scripts/commander.js
4.28	1	71	3344	metisim	index-custom.html
4.28	1	71	2316	tractor-dce-gyo	Brickfilm_Studio_Kit/REALITY MEDIA_MOMENTO/video_capture_interface.js
4.28	1	71	2129	sense-ritual	0_calculate_timings.py
4.26	1	70	2998	LEGOS	thousand/script_2.py
4.26	1	70	2998	1000-small-futures	1000-small-per/script_2.py
4.26	1	70	2231	opek	OPERATIVES/batch_audit_ocr.py
4.25	1	69	5076	mythos-canon	script.py
4.25	1	69	5076	mythos-canon	MYTHOS-ARCHIVE/SAILS/script.py
4.25	1	69	4451	tractor-field-notes	bluefoot/exported-assets (7)/chart_script_2.py
4.25	1	69	4451	tractor-field-notes	bluefoot/exported-assets (7) 2/chart_script_2.py
4.25	1	69	4451	looking-machine	bluefoot/exported-assets (7)/chart_script_2.py
4.25	1	69	4451	looking-machine	bluefoot/exported-assets (7) 2/chart_script_2.py
4.25	1	69	4451	hyperclay-editor	bluefoot/exported-assets (7)/chart_script_2.py
4.25	1	69	4451	hyperclay-editor	bluefoot/exported-assets (7) 2/chart_script_2.py
4.25	1	69	4451	bluefoot	exported-assets (7)/chart_script_2.py
4.25	1	69	4451	bluefoot	exported-assets (7) 2/chart_script_2.py
4.25	1	69	2336	operation-describe	test_script.js
4.25	1	69	1716	ripples	audio/orca/desktop/sources/scripts/core/io.js
4.23	1	68	3088	holo-project	minimal-viewer-template.html
4.23	1	68	2728	sense-ritual	assemble_video_only.py
4.22	1	67	3995	abundant-nes	sonic_media_for_thinking_the_unthinkable_mobile_instrument_single_file.html
4.22	1	67	3792	metisim	index-invasion.html
4.22	1	67	2971	core-age	generate-small-futures.js
4.22	1	67	2462	opek	OPERATIVES/visual_audit_update.py
4.22	1	67	1839	metisim	create_season2_html.py
4.20	1	66	3068	core-age	assemble_genome.js
4.20	1	66	2223	operation-describe	test_render.js
4.20	1	66	2165	resonome-genetic-archive	deep-resonance-desktop/index.html
4.20	1	66	2053	ripples	ripple-ai.js
4.20	1	66	1969	ripples	engine/Kimi_Agent_RIPPLES_ Worldtext Theory Summary (1) copy/app/src/components/ui/tabs.tsx
4.20	1	66	1969	ripples	app/src/components/ui/tabs.tsx
4.20	1	66	1969	ripples	app 2/src/components/ui/tabs.tsx
4.20	1	66	1969	ripples	Kimi_Agent_RIPPLES_ Worldtext Theory Summary/app/src/components/ui/tabs.tsx
4.20	1	66	1969	ripples	IMAGES/Kimi_Agent_RIPPLES_ Worldtext Theory Summary (1)/app/src/components/ui/tabs.tsx
4.20	1	66	1614	ripples	engine/Kimi_Agent_RIPPLES_ Worldtext Theory Summary (1) copy/app/src/components/ui/alert.tsx
4.20	1	66	1614	ripples	app/src/components/ui/alert.tsx
4.20	1	66	1614	ripples	app 2/src/components/ui/alert.tsx
4.20	1	66	1614	ripples	Kimi_Agent_RIPPLES_ Worldtext Theory Summary/app/src/components/ui/alert.tsx
4.20	1	66	1614	ripples	IMAGES/Kimi_Agent_RIPPLES_ Worldtext Theory Summary (1)/app/src/components/ui/alert.tsx
4.19	1	65	3013	tractor-field-notes	2400_25/app-template.html
4.19	1	65	3013	potters-wheel	2400_25/app-template.html
4.19	1	65	3013	os-dope	app-template.html
4.19	1	65	3013	looking-machine	2400_25/app-template.html
4.19	1	65	3013	hyperclay-editor	2400_25/app-template.html
4.19	1	65	2183	tractor-dce-gyo	build-part-skeletons.js
4.17	1	64	2039	ripples	engine/Kimi_Agent_RIPPLES_ Worldtext Theory Summary (1) copy/app/src/components/ui/accordion.tsx
4.17	1	64	2039	ripples	app/src/components/ui/accordion.tsx
4.17	1	64	2039	ripples	app 2/src/components/ui/accordion.tsx
4.17	1	64	2039	ripples	Kimi_Agent_RIPPLES_ Worldtext Theory Summary/app/src/components/ui/accordion.tsx
4.17	1	64	2039	ripples	IMAGES/Kimi_Agent_RIPPLES_ Worldtext Theory Summary (1)/app/src/components/ui/accordion.tsx
4.16	1	63	877602	gob	PIGEONS/sub-index.js
4.16	1	63	877602	gaze	PIGEONS/sub-index.js
4.16	1	63	24651	abc-flix	TUBE/archive/arc_splice_operator_full_build.html
4.16	1	63	24651	abc-flix	TUBE/archive/arc_splice_operator_editor (1).html
4.16	1	63	24651	abc-flix	TUBE/arc_splice_operator_editor.html
4.16	1	63	2633	tractor-dce-gyo	wag-cool-courage.html
4.16	1	63	1996	ripples	engine/Kimi_Agent_RIPPLES_ Worldtext Theory Summary (1) copy/app/src/components/ui/slider.tsx
4.16	1	63	1996	ripples	app/src/components/ui/slider.tsx
4.16	1	63	1996	ripples	app 2/src/components/ui/slider.tsx
4.16	1	63	1996	ripples	Kimi_Agent_RIPPLES_ Worldtext Theory Summary/app/src/components/ui/slider.tsx
4.16	1	63	1996	ripples	IMAGES/Kimi_Agent_RIPPLES_ Worldtext Theory Summary (1)/app/src/components/ui/slider.tsx
4.16	1	63	1871	dust-empire	music_video.html
4.14	1	62	2482	fuzzy-linkography	index.html
4.14	1	62	2218	ripples	engine/Kimi_Agent_RIPPLES_ Worldtext Theory Summary (1) copy/app/src/components/ui/button.tsx
4.14	1	62	2218	ripples	app/src/components/ui/button.tsx
4.14	1	62	2218	ripples	app 2/src/components/ui/button.tsx
4.14	1	62	2218	ripples	Kimi_Agent_RIPPLES_ Worldtext Theory Summary/app/src/components/ui/button.tsx
4.14	1	62	2218	ripples	IMAGES/Kimi_Agent_RIPPLES_ Worldtext Theory Summary (1)/app/src/components/ui/button.tsx
4.14	1	62	2183	enos-garden	index.html
4.14	1	62	2054	island-ecology	make_videos.py
4.13	1	61	4206	abundant-nes	sonic_forager_single_file_experimental_media_artifact_html_css_js.html
4.13	1	61	1892	ripples	engine/Kimi_Agent_RIPPLES_ Worldtext Theory Summary (1) copy/app/src/components/ui/tooltip.tsx
4.13	1	61	1892	ripples	app/src/components/ui/tooltip.tsx
4.13	1	61	1892	ripples	app 2/src/components/ui/tooltip.tsx
4.13	1	61	1892	ripples	Kimi_Agent_RIPPLES_ Worldtext Theory Summary/app/src/components/ui/tooltip.tsx
4.13	1	61	1892	ripples	IMAGES/Kimi_Agent_RIPPLES_ Worldtext Theory Summary (1)/app/src/components/ui/tooltip.tsx
4.08	1	58	5198	abundant-nes	vol_stacks_isometric_sequencer_demo_single_file_canvas (5).html
4.08	1	58	5138	media-surfer	speculative-ledger-complete.html
4.08	1	58	3132	tractor-dce-gyo	wag-cool-were.html
4.08	1	58	1645	ripples	engine/Kimi_Agent_RIPPLES_ Worldtext Theory Summary (1) copy/app/src/components/ui/scroll-area.tsx
4.08	1	58	1645	ripples	app/src/components/ui/scroll-area.tsx
4.08	1	58	1645	ripples	app 2/src/components/ui/scroll-area.tsx
4.08	1	58	1645	ripples	Kimi_Agent_RIPPLES_ Worldtext Theory Summary/app/src/components/ui/scroll-area.tsx
4.08	1	58	1645	ripples	IMAGES/Kimi_Agent_RIPPLES_ Worldtext Theory Summary (1)/app/src/components/ui/scroll-area.tsx
4.08	1	58	1543	cage	chart_script.py
4.08	1	58	734	ripples	audio/pilot/desktop/sources/scripts/transpose.js
4.08	1	58	638	ripples	audio/orca/desktop/sources/scripts/core/transpose.js
4.06	1	57	3103	tractor-dce-gyo	wag-cool-master.html
4.06	1	57	1649	ripples	audio/pilot/desktop/sources/scripts/pilot.js
4.06	1	57	1572	ripples	audio/orca/desktop/sources/scripts/core/io/osc.js
4.04	1	56	6843	mythos-canon	complete_presentations/chapter_032.html
4.04	1	56	6827	mythos-canon	complete_presentations/chapter_000.html
4.04	1	56	6807	mythos-canon	complete_presentations/chapter_038.html
4.04	1	56	6805	mythos-canon	complete_presentations/chapter_033.html
4.04	1	56	6803	mythos-canon	complete_presentations/chapter_097.html
4.04	1	56	6801	mythos-canon	complete_presentations/chapter_056.html
4.04	1	56	6799	mythos-canon	complete_presentations/chapter_041.html
4.04	1	56	6799	mythos-canon	complete_presentations/chapter_027.html
4.04	1	56	6799	mythos-canon	complete_presentations/chapter_021.html
4.04	1	56	6795	mythos-canon	complete_presentations/chapter_094.html
4.04	1	56	6795	mythos-canon	complete_presentations/chapter_049.html
4.04	1	56	6795	mythos-canon	complete_presentations/chapter_030.html
4.04	1	56	6793	mythos-canon	complete_presentations/chapter_098.html
4.04	1	56	6793	mythos-canon	complete_presentations/chapter_065.html
4.04	1	56	6791	mythos-canon	complete_presentations/chapter_086.html
4.04	1	56	6789	mythos-canon	complete_presentations/chapter_066.html
4.04	1	56	6789	mythos-canon	complete_presentations/chapter_024.html
4.04	1	56	6787	mythos-canon	complete_presentations/chapter_081.html
4.04	1	56	6787	mythos-canon	complete_presentations/chapter_046.html
4.04	1	56	6785	mythos-canon	complete_presentations/chapter_022.html
4.04	1	56	6785	mythos-canon	complete_presentations/chapter_018.html
4.04	1	56	6785	mythos-canon	complete_presentations/chapter_006.html
4.04	1	56	6783	mythos-canon	complete_presentations/chapter_099.html
4.04	1	56	6783	mythos-canon	complete_presentations/chapter_077.html
4.04	1	56	6783	mythos-canon	complete_presentations/chapter_059.html
4.04	1	56	6783	mythos-canon	complete_presentations/chapter_045.html
4.04	1	56	6781	mythos-canon	complete_presentations/chapter_113.html
4.04	1	56	6781	mythos-canon	complete_presentations/chapter_070.html
4.04	1	56	6781	mythos-canon	complete_presentations/chapter_042.html
4.04	1	56	6780	mythos-canon	complete_presentations/chapter_007.html
4.04	1	56	6779	mythos-canon	complete_presentations/chapter_106.html
4.04	1	56	6779	mythos-canon	complete_presentations/chapter_048.html
4.04	1	56	6779	mythos-canon	complete_presentations/chapter_014.html
4.04	1	56	6777	mythos-canon	complete_presentations/chapter_082.html
4.04	1	56	6777	mythos-canon	complete_presentations/chapter_062.html
4.04	1	56	6777	mythos-canon	complete_presentations/chapter_050.html
4.04	1	56	6776	mythos-canon	complete_presentations/chapter_090.html
4.04	1	56	6776	mythos-canon	complete_presentations/chapter_060.html
4.04	1	56	6776	mythos-canon	complete_presentations/chapter_035.html
4.04	1	56	6775	mythos-canon	complete_presentations/chapter_061.html
4.04	1	56	6775	mythos-canon	complete_presentations/chapter_026.html
4.04	1	56	6775	mythos-canon	complete_presentations/chapter_016.html
4.04	1	56	6774	mythos-canon	complete_presentations/chapter_078.html
4.04	1	56	6774	mythos-canon	complete_presentations/chapter_034.html
4.04	1	56	6773	mythos-canon	complete_presentations/chapter_102.html
4.04	1	56	6773	mythos-canon	complete_presentations/chapter_074.html
4.04	1	56	6773	mythos-canon	complete_presentations/chapter_067.html
4.04	1	56	6772	mythos-canon	complete_presentations/chapter_020.html
4.04	1	56	6771	mythos-canon	complete_presentations/chapter_109.html
4.04	1	56	6771	mythos-canon	complete_presentations/chapter_093.html
4.04	1	56	6771	mythos-canon	complete_presentations/chapter_080.html
4.04	1	56	6771	mythos-canon	complete_presentations/chapter_017.html
4.04	1	56	6770	mythos-canon	complete_presentations/chapter_088.html
4.04	1	56	6769	mythos-canon	complete_presentations/chapter_118.html
4.04	1	56	6769	mythos-canon	complete_presentations/chapter_105.html
4.04	1	56	6769	mythos-canon	complete_presentations/chapter_005.html
4.04	1	56	6768	mythos-canon	complete_presentations/chapter_092.html
4.04	1	56	6767	mythos-canon	complete_presentations/chapter_089.html
4.04	1	56	6767	mythos-canon	complete_presentations/chapter_037.html
4.04	1	56	6766	mythos-canon	complete_presentations/chapter_100.html
4.04	1	56	6766	mythos-canon	complete_presentations/chapter_073.html
4.04	1	56	6766	mythos-canon	complete_presentations/chapter_047.html
4.04	1	56	6766	mythos-canon	complete_presentations/chapter_031.html
4.04	1	56	6765	mythos-canon	complete_presentations/chapter_112.html
4.04	1	56	6765	mythos-canon	complete_presentations/chapter_075.html
4.04	1	56	6765	mythos-canon	complete_presentations/chapter_054.html
4.04	1	56	6764	mythos-canon	complete_presentations/chapter_110.html
4.04	1	56	6764	mythos-canon	complete_presentations/chapter_068.html
4.04	1	56	6763	mythos-canon	complete_presentations/chapter_051.html
4.04	1	56	6763	mythos-canon	complete_presentations/chapter_040.html
4.04	1	56	6762	mythos-canon	complete_presentations/chapter_108.html
4.04	1	56	6761	mythos-canon	complete_presentations/chapter_101.html
4.04	1	56	6761	mythos-canon	complete_presentations/chapter_025.html
4.04	1	56	6758	mythos-canon	complete_presentations/chapter_079.html
4.04	1	56	6758	mythos-canon	complete_presentations/chapter_064.html
4.04	1	56	6758	mythos-canon	complete_presentations/chapter_015.html
4.04	1	56	6757	mythos-canon	complete_presentations/chapter_114.html
4.04	1	56	6757	mythos-canon	complete_presentations/chapter_043.html
4.04	1	56	6757	mythos-canon	complete_presentations/chapter_029.html
4.04	1	56	6756	mythos-canon	complete_presentations/chapter_111.html
4.04	1	56	6756	mythos-canon	complete_presentations/chapter_084.html
4.04	1	56	6756	mythos-canon	complete_presentations/chapter_076.html
4.04	1	56	6756	mythos-canon	complete_presentations/chapter_058.html
4.04	1	56	6756	mythos-canon	complete_presentations/chapter_044.html
4.04	1	56	6755	mythos-canon	complete_presentations/chapter_104.html
4.04	1	56	6754	mythos-canon	complete_presentations/chapter_028.html
4.04	1	56	6754	mythos-canon	complete_presentations/chapter_004.html
4.04	1	56	6753	mythos-canon	complete_presentations/chapter_115.html
4.04	1	56	6753	mythos-canon	complete_presentations/chapter_053.html
4.04	1	56	6753	mythos-canon	complete_presentations/chapter_019.html
4.04	1	56	6753	mythos-canon	complete_presentations/chapter_009.html
4.04	1	56	6752	mythos-canon	complete_presentations/chapter_071.html
4.04	1	56	6752	mythos-canon	complete_presentations/chapter_036.html
4.04	1	56	6750	mythos-canon	complete_presentations/chapter_087.html
4.04	1	56	6749	mythos-canon	complete_presentations/chapter_055.html
4.04	1	56	6748	mythos-canon	complete_presentations/chapter_103.html
4.04	1	56	6748	mythos-canon	complete_presentations/chapter_095.html
4.04	1	56	6748	mythos-canon	complete_presentations/chapter_091.html
4.04	1	56	6748	mythos-canon	complete_presentations/chapter_052.html
4.04	1	56	6748	mythos-canon	complete_presentations/chapter_023.html
4.04	1	56	6745	mythos-canon	complete_presentations/chapter_083.html
4.04	1	56	6745	mythos-canon	complete_presentations/chapter_069.html
4.04	1	56	6745	mythos-canon	complete_presentations/chapter_057.html
4.04	1	56	6743	mythos-canon	complete_presentations/chapter_096.html
4.04	1	56	6740	mythos-canon	complete_presentations/chapter_117.html
4.04	1	56	6739	mythos-canon	complete_presentations/chapter_010.html
4.04	1	56	6738	mythos-canon	complete_presentations/chapter_072.html
4.04	1	56	6738	mythos-canon	complete_presentations/chapter_039.html
4.04	1	56	6738	mythos-canon	complete_presentations/chapter_008.html
4.04	1	56	6738	mythos-canon	complete_presentations/chapter_002.html
4.04	1	56	6736	mythos-canon	complete_presentations/chapter_116.html
4.04	1	56	6734	mythos-canon	complete_presentations/chapter_003.html
4.04	1	56	6730	mythos-canon	complete_presentations/chapter_085.html
4.04	1	56	6724	mythos-canon	complete_presentations/chapter_063.html
4.04	1	56	6722	mythos-canon	complete_presentations/chapter_107.html
4.04	1	56	6721	mythos-canon	complete_presentations/chapter_001.html
4.04	1	56	6717	mythos-canon	complete_presentations/chapter_013.html
4.04	1	56	6707	mythos-canon	complete_presentations/chapter_011.html
4.04	1	56	6698	mythos-canon	complete_presentations/chapter_012.html
4.04	1	56	4650	func-sub	clean-welcome.html
4.04	1	56	2093	tractor-field-notes	FUSE/extract_html_titles.py
4.04	1	56	2093	potters-wheel	FUSE/extract_html_titles.py
4.04	1	56	2093	looking-machine	FUSE/extract_html_titles.py
4.04	1	56	2093	intron	extract_html_titles.py
4.04	1	56	2093	hyperclay-editor	FUSE/extract_html_titles.py
4.04	1	56	2093	genoma	FUSE/extract_html_titles.py
4.04	1	56	2093	codon	FUSE/extract_html_titles.py
4.04	1	56	1686	dust-empire	split_and_score.py
4.03	1	55	2141	eos	CODEX/extract_codex_data.py
4.03	1	55	1187	ripples	audio/orca/desktop/sources/scripts/core/io/mono.js
4.01	1	54	2039	wa	brick-film-factory.html
4.01	1	54	2039	wa	brick-film-factory-beta.html
4.01	1	54	1980	ripples	engine/Kimi_Agent_RIPPLES_ Worldtext Theory Summary (1) copy/app/src/components/ui/resizable.tsx
4.01	1	54	1980	ripples	app/src/components/ui/resizable.tsx
4.01	1	54	1980	ripples	app 2/src/components/ui/resizable.tsx
4.01	1	54	1980	ripples	Kimi_Agent_RIPPLES_ Worldtext Theory Summary/app/src/components/ui/resizable.tsx
4.01	1	54	1980	ripples	IMAGES/Kimi_Agent_RIPPLES_ Worldtext Theory Summary (1)/app/src/components/ui/resizable.tsx
4.01	1	54	1848	metisim	LIB/sim-harness.html
4.01	1	54	1540	cage	chart_script_1.py
3.99	1	53	4983	looking-machine	GAZE/creatureliness-manual-pages/index.html
3.99	1	53	2629	ripples	audio/pilot/desktop/sources/index.html
3.99	1	53	1322	tractor-dce-gyo	gold-to-mpd.js
3.95	1	51	12452	mythos-canon	MYTHOS-ARCHIVE/presentation-03-methods-timeline.html
3.95	1	51	3267	opek	OPERATIVES/visual_audit_final.py
3.95	1	51	2064	operation-describe	worldtext/_debug_render.html
3.95	1	51	2050	opek	OPERATIVES/repair_manifest_entry.py
3.95	1	51	1083	ripples	engine/Kimi_Agent_RIPPLES_ Worldtext Theory Summary (1) copy/app/src/components/ui/avatar.tsx
3.95	1	51	1083	ripples	app/src/components/ui/avatar.tsx
3.95	1	51	1083	ripples	app 2/src/components/ui/avatar.tsx
3.95	1	51	1083	ripples	Kimi_Agent_RIPPLES_ Worldtext Theory Summary/app/src/components/ui/avatar.tsx
3.95	1	51	1083	ripples	IMAGES/Kimi_Agent_RIPPLES_ Worldtext Theory Summary (1)/app/src/components/ui/avatar.tsx
3.93	1	50	1576	ripples	audio/orca/sw.js
3.89	1	48	2616	ripples	audio/orca/index.html
3.89	1	48	1635	ripples	engine/Kimi_Agent_RIPPLES_ Worldtext Theory Summary (1) copy/app/src/components/ui/popover.tsx
3.89	1	48	1635	ripples	app/src/components/ui/popover.tsx
3.89	1	48	1635	ripples	app 2/src/components/ui/popover.tsx
3.89	1	48	1635	ripples	Kimi_Agent_RIPPLES_ Worldtext Theory Summary/app/src/components/ui/popover.tsx
3.89	1	48	1635	ripples	IMAGES/Kimi_Agent_RIPPLES_ Worldtext Theory Summary (1)/app/src/components/ui/popover.tsx
3.89	1	48	1424	ripples	audio/gull/index.html
3.85	1	46	1966	1000-small-futures	CARTRIDGE_BROWSER_OLD.html
3.85	1	46	1966	1000-small-futures	CARTRIDGE_BROWSER_BROKEN.html
3.85	1	46	1633	ripples	engine/Kimi_Agent_RIPPLES_ Worldtext Theory Summary (1) copy/app/src/components/ui/badge.tsx
3.85	1	46	1633	ripples	app/src/components/ui/badge.tsx
3.85	1	46	1633	ripples	app 2/src/components/ui/badge.tsx
3.85	1	46	1633	ripples	Kimi_Agent_RIPPLES_ Worldtext Theory Summary/app/src/components/ui/badge.tsx
3.85	1	46	1633	ripples	IMAGES/Kimi_Agent_RIPPLES_ Worldtext Theory Summary (1)/app/src/components/ui/badge.tsx
3.85	1	46	1267	ripples	audio/pilot/desktop/sources/scripts/lib/controller.js
3.83	1	45	1556	ripples	engine/Kimi_Agent_RIPPLES_ Worldtext Theory Summary (1) copy/app/src/components/ui/toggle.tsx
3.83	1	45	1556	ripples	app/src/components/ui/toggle.tsx
3.83	1	45	1556	ripples	app 2/src/components/ui/toggle.tsx
3.83	1	45	1556	ripples	Kimi_Agent_RIPPLES_ Worldtext Theory Summary/app/src/components/ui/toggle.tsx
3.83	1	45	1556	ripples	IMAGES/Kimi_Agent_RIPPLES_ Worldtext Theory Summary (1)/app/src/components/ui/toggle.tsx
3.83	1	45	1466	ripples	engine/Kimi_Agent_RIPPLES_ Worldtext Theory Summary (1) copy/app/src/components/ui/radio-group.tsx
3.83	1	45	1466	ripples	app/src/components/ui/radio-group.tsx
3.83	1	45	1466	ripples	app 2/src/components/ui/radio-group.tsx
3.83	1	45	1466	ripples	Kimi_Agent_RIPPLES_ Worldtext Theory Summary/app/src/components/ui/radio-group.tsx
3.83	1	45	1466	ripples	IMAGES/Kimi_Agent_RIPPLES_ Worldtext Theory Summary (1)/app/src/components/ui/radio-group.tsx
3.81	1	44	1532	ripples	engine/Kimi_Agent_RIPPLES_ Worldtext Theory Summary (1) copy/app/src/components/ui/hover-card.tsx
3.81	1	44	1532	ripples	app/src/components/ui/hover-card.tsx
3.81	1	44	1532	ripples	app 2/src/components/ui/hover-card.tsx
3.81	1	44	1532	ripples	Kimi_Agent_RIPPLES_ Worldtext Theory Summary/app/src/components/ui/hover-card.tsx
3.81	1	44	1532	ripples	IMAGES/Kimi_Agent_RIPPLES_ Worldtext Theory Summary (1)/app/src/components/ui/hover-card.tsx
3.78	1	43	1550	tractor-field-notes	DYAD/bracket_diagnostic.py
3.78	1	43	1550	looking-machine	DYAD/bracket_diagnostic.py
3.78	1	43	1550	dyad	bracket_diagnostic.py
3.78	1	43	1326	eos	CODEX/extract_codex_data.js
3.78	1	43	1194	core-age	find_missing.py
3.76	1	42	1340	tractor-field-notes	DYAD/create-chapter-folders.js
3.76	1	42	1340	looking-machine	DYAD/create-chapter-folders.js
3.76	1	42	1340	dyad	create-chapter-folders.js
3.76	1	42	606	ripples	engine/Kimi_Agent_RIPPLES_ Worldtext Theory Summary (1) copy/app/src/App.css
3.76	1	42	606	ripples	app/src/App.css
3.76	1	42	606	ripples	app 2/src/App.css
3.76	1	42	606	ripples	Kimi_Agent_RIPPLES_ Worldtext Theory Summary/app/src/App.css
3.76	1	42	606	ripples	IMAGES/Kimi_Agent_RIPPLES_ Worldtext Theory Summary (1)/app/src/App.css
3.71	1	40	897	txz-ancient	index.html
3.69	1	39	1715	ripples	audio/orca/desktop/sources/index.html
3.69	1	39	1301	ripples	audio/orca/desktop/sources/scripts/core/io/cc.js
3.69	1	39	903	ripples	audio/orca/resources/listener.js
3.66	1	38	3494	LEGOS	thousand/script_3.py
3.66	1	38	3494	1000-small-futures	1000-small-per/script_3.py
3.66	1	38	1082	dust-empire	update_final_soundtrack.py
3.66	1	38	1020	ripples	engine/Kimi_Agent_RIPPLES_ Worldtext Theory Summary (1) copy/app/src/components/ui/sonner.tsx
3.66	1	38	1020	ripples	app/src/components/ui/sonner.tsx
3.66	1	38	1020	ripples	app 2/src/components/ui/sonner.tsx
3.66	1	38	1020	ripples	Kimi_Agent_RIPPLES_ Worldtext Theory Summary/app/src/components/ui/sonner.tsx
3.66	1	38	1020	ripples	IMAGES/Kimi_Agent_RIPPLES_ Worldtext Theory Summary (1)/app/src/components/ui/sonner.tsx
3.61	1	36	13673	holo-project	grid-thinking-viewer.html
3.61	1	36	3700	moto	VOLHOLLA/song-mallmezzanine-09.html
3.61	1	36	3662	moto	VOLHOLLA/song-mallground-18.html
3.61	1	36	3656	moto	VOLHOLLA/song-mallground-11.html
3.61	1	36	3643	moto	VOLHOLLA/song-mallground-06.html
3.61	1	36	3626	moto	VOLHOLLA/song-mallground-21.html
3.61	1	36	3616	moto	VOLHOLLA/song-mallground-09.html
3.61	1	36	3610	moto	VOLHOLLA/song-mallground-08.html
3.61	1	36	3608	moto	VOLHOLLA/song-mallground-26.html
3.61	1	36	3605	moto	VOLHOLLA/song-mallmezzanine-11.html
3.61	1	36	3602	moto	VOLHOLLA/song-mallmezzanine-24.html
3.61	1	36	3601	moto	VOLHOLLA/song-mallmezzanine-08.html
3.61	1	36	3584	moto	VOLHOLLA/song-mallmezzanine-17.html
3.61	1	36	3584	moto	VOLHOLLA/song-mallmezzanine-12.html
3.61	1	36	3580	moto	VOLHOLLA/song-mallground-05.html
3.61	1	36	3578	moto	VOLHOLLA/song-mallmezzanine-19.html
3.61	1	36	3578	moto	VOLHOLLA/song-mallmezzanine-14.html
3.61	1	36	3575	moto	VOLHOLLA/song-mallmezzanine-16.html
3.61	1	36	3575	moto	VOLHOLLA/song-mallmezzanine-13.html
3.61	1	36	3574	moto	VOLHOLLA/song-mallmezzanine-04.html
3.61	1	36	3572	moto	VOLHOLLA/song-mallground-17.html
3.61	1	36	3566	moto	VOLHOLLA/song-mallmezzanine-21.html
3.61	1	36	3566	moto	VOLHOLLA/song-mallmezzanine-20.html
3.61	1	36	3563	moto	VOLHOLLA/song-mallground-13.html
3.61	1	36	3560	moto	VOLHOLLA/song-mallmezzanine-18.html
3.61	1	36	3557	moto	VOLHOLLA/song-mallground-16.html
3.61	1	36	3548	moto	VOLHOLLA/song-mallmezzanine-25.html
3.61	1	36	3547	moto	VOLHOLLA/song-mallground-03.html
3.61	1	36	3542	moto	VOLHOLLA/song-mallmezzanine-26.html
3.61	1	36	3538	moto	VOLHOLLA/song-mallmezzanine-01.html
3.61	1	36	3536	moto	VOLHOLLA/song-mallground-25.html
3.61	1	36	3530	moto	VOLHOLLA/song-mallground-20.html
3.61	1	36	3529	moto	VOLHOLLA/song-mallmezzanine-05.html
3.61	1	36	3527	moto	VOLHOLLA/song-mallground-10.html
3.61	1	36	3524	moto	VOLHOLLA/song-mallmezzanine-23.html
3.61	1	36	3521	moto	VOLHOLLA/song-mallground-27.html
3.61	1	36	3518	moto	VOLHOLLA/song-mallground-14.html
3.61	1	36	3517	moto	VOLHOLLA/song-mallground-01.html
3.61	1	36	3514	moto	VOLHOLLA/song-mallmezzanine-02.html
3.61	1	36	3509	moto	VOLHOLLA/song-mallground-22.html
3.61	1	36	3508	moto	VOLHOLLA/song-mallground-02.html
3.61	1	36	3506	moto	VOLHOLLA/song-mallmezzanine-27.html
3.61	1	36	3506	moto	VOLHOLLA/song-mallmezzanine-22.html
3.61	1	36	3505	moto	VOLHOLLA/song-mallmezzanine-06.html
3.61	1	36	3497	moto	VOLHOLLA/song-mallmezzanine-10.html
3.61	1	36	3494	moto	VOLHOLLA/song-mallground-19.html
3.61	1	36	3494	moto	VOLHOLLA/song-mallground-15.html
3.61	1	36	3493	moto	VOLHOLLA/song-mallground-07.html
3.61	1	36	3487	moto	VOLHOLLA/song-mallmezzanine-07.html
3.61	1	36	3487	moto	VOLHOLLA/song-mallmezzanine-03.html
3.61	1	36	3485	moto	VOLHOLLA/song-mallground-23.html
3.61	1	36	3479	moto	VOLHOLLA/song-mallmezzanine-15.html
3.61	1	36	3476	moto	VOLHOLLA/song-mallground-12.html
3.61	1	36	3440	moto	VOLHOLLA/song-mallground-24.html
3.61	1	36	3429	moto	VOLHOLLA/song-nightbus-08.html
3.61	1	36	3421	moto	VOLHOLLA/song-mallground-04.html
3.61	1	36	3390	moto	VOLHOLLA/song-nightbus-14.html
3.61	1	36	3389	moto	VOLHOLLA/song-nightbus-01.html
3.61	1	36	3383	moto	VOLHOLLA/song-neon-16.html
3.61	1	36	3366	moto	VOLHOLLA/song-nightbus-11.html
3.61	1	36	3365	moto	VOLHOLLA/song-nightbus-04.html
3.61	1	36	3359	moto	VOLHOLLA/song-neon-14.html
3.61	1	36	3358	moto	VOLHOLLA/song-nightbus-16.html
3.61	1	36	3358	moto	VOLHOLLA/song-nightbus-15.html
3.61	1	36	3351	moto	VOLHOLLA/song-neon-12.html
3.61	1	36	3350	moto	VOLHOLLA/song-neon-02.html
3.61	1	36	3350	moto	VOLHOLLA/song-neon-01.html
3.61	1	36	3334	moto	VOLHOLLA/song-nightbus-13.html
3.61	1	36	3327	moto	VOLHOLLA/song-neon-13.html
3.61	1	36	3326	moto	VOLHOLLA/song-nightbus-10.html
3.61	1	36	3325	moto	VOLHOLLA/song-nightbus-07.html
3.61	1	36	3325	moto	VOLHOLLA/song-nightbus-06.html
3.61	1	36	3319	moto	VOLHOLLA/song-neon-17.html
3.61	1	36	3318	moto	VOLHOLLA/song-neon-04.html
3.61	1	36	3318	moto	VOLHOLLA/song-neon-03.html
3.61	1	36	3311	moto	VOLHOLLA/song-neon-10.html
3.61	1	36	3310	moto	VOLHOLLA/song-neon-09.html
3.61	1	36	3310	moto	VOLHOLLA/song-neon-08.html
3.61	1	36	3310	moto	VOLHOLLA/song-neon-07.html
3.61	1	36	3310	moto	VOLHOLLA/song-neon-05.html
3.61	1	36	3303	moto	VOLHOLLA/song-neon-18.html
3.61	1	36	3301	moto	VOLHOLLA/song-nightbus-09.html
3.61	1	36	3295	moto	VOLHOLLA/song-neon-15.html
3.61	1	36	3295	moto	VOLHOLLA/song-neon-11.html
3.61	1	36	3286	moto	VOLHOLLA/song-nightbus-12.html
3.61	1	36	3285	moto	VOLHOLLA/song-nightbus-02.html
3.61	1	36	3278	moto	VOLHOLLA/song-nightbus-17.html
3.61	1	36	3278	moto	VOLHOLLA/song-neon-06.html
3.61	1	36	3269	moto	VOLHOLLA/song-nightbus-05.html
3.61	1	36	3269	moto	VOLHOLLA/song-nightbus-03.html
3.61	1	36	1299	forkit	merge_thick_data.py
3.61	1	36	673	ripples	audio/gull/client/constants.js
3.58	1	35	957	ripples	audio/gull/client/listener.js
3.56	1	34	981	tractor-field-notes	DYAD/generate_narratives_index.py
3.56	1	34	981	looking-machine	DYAD/generate_narratives_index.py
3.56	1	34	981	dyad	generate_narratives_index.py
3.50	1	32	1249	core-age	convert-scenarios-to-js.js
3.50	1	32	1219	ripples	engine/Kimi_Agent_RIPPLES_ Worldtext Theory Summary (1) copy/app/src/components/ui/checkbox.tsx
3.50	1	32	1219	ripples	app/src/components/ui/checkbox.tsx
3.50	1	32	1219	ripples	app 2/src/components/ui/checkbox.tsx
3.50	1	32	1219	ripples	Kimi_Agent_RIPPLES_ Worldtext Theory Summary/app/src/components/ui/checkbox.tsx
3.50	1	32	1219	ripples	IMAGES/Kimi_Agent_RIPPLES_ Worldtext Theory Summary (1)/app/src/components/ui/checkbox.tsx
3.47	1	31	1177	ripples	engine/Kimi_Agent_RIPPLES_ Worldtext Theory Summary (1) copy/app/src/components/ui/switch.tsx
3.47	1	31	1177	ripples	app/src/components/ui/switch.tsx
3.47	1	31	1177	ripples	app 2/src/components/ui/switch.tsx
3.47	1	31	1177	ripples	Kimi_Agent_RIPPLES_ Worldtext Theory Summary/app/src/components/ui/switch.tsx
3.47	1	31	1177	ripples	IMAGES/Kimi_Agent_RIPPLES_ Worldtext Theory Summary (1)/app/src/components/ui/switch.tsx
3.47	1	31	1065	ripples	engine/compiler/test_compiler.js
3.47	1	31	786	ripples	engine/Kimi_Agent_RIPPLES_ Worldtext Theory Summary (1) copy/app/src/components/ui/collapsible.tsx
3.47	1	31	786	ripples	app/src/components/ui/collapsible.tsx
3.47	1	31	786	ripples	app 2/src/components/ui/collapsible.tsx
3.47	1	31	786	ripples	Kimi_Agent_RIPPLES_ Worldtext Theory Summary/app/src/components/ui/collapsible.tsx
3.47	1	31	786	ripples	IMAGES/Kimi_Agent_RIPPLES_ Worldtext Theory Summary (1)/app/src/components/ui/collapsible.tsx
3.43	1	30	791	core-age	check_manifest.py
3.40	1	29	746	resonome-genetic-archive	deep-resonance-desktop/main.js
3.40	1	29	726	ripples	engine/Kimi_Agent_RIPPLES_ Worldtext Theory Summary (1) copy/app/src/components/ui/progress.tsx
3.40	1	29	726	ripples	app/src/components/ui/progress.tsx
3.40	1	29	726	ripples	app 2/src/components/ui/progress.tsx
3.40	1	29	726	ripples	Kimi_Agent_RIPPLES_ Worldtext Theory Summary/app/src/components/ui/progress.tsx
3.40	1	29	726	ripples	IMAGES/Kimi_Agent_RIPPLES_ Worldtext Theory Summary (1)/app/src/components/ui/progress.tsx
3.37	1	28	971	opek	OPERATIVES/export_ocr_data.py
3.37	1	28	862	ripples	engine/Kimi_Agent_RIPPLES_ Worldtext Theory Summary (1) copy/app/src/components/ui/kbd.tsx
3.37	1	28	862	ripples	app/src/components/ui/kbd.tsx
3.37	1	28	862	ripples	app 2/src/components/ui/kbd.tsx
3.37	1	28	862	ripples	Kimi_Agent_RIPPLES_ Worldtext Theory Summary/app/src/components/ui/kbd.tsx
3.37	1	28	862	ripples	IMAGES/Kimi_Agent_RIPPLES_ Worldtext Theory Summary (1)/app/src/components/ui/kbd.tsx
3.37	1	28	699	ripples	engine/Kimi_Agent_RIPPLES_ Worldtext Theory Summary (1) copy/app/src/components/ui/separator.tsx
3.37	1	28	699	ripples	app/src/components/ui/separator.tsx
3.37	1	28	699	ripples	app 2/src/components/ui/separator.tsx
3.37	1	28	699	ripples	Kimi_Agent_RIPPLES_ Worldtext Theory Summary/app/src/components/ui/separator.tsx
3.37	1	28	699	ripples	IMAGES/Kimi_Agent_RIPPLES_ Worldtext Theory Summary (1)/app/src/components/ui/separator.tsx
3.33	1	27	13323	abundant-nes	orca_empathy_is_the_apex_predator_single_file_deck (6).html
3.33	1	27	1765	moto	VOLHOLLA/mall-patchworld-ingest-mezzanine.html
3.33	1	27	1744	moto	VOLHOLLA/mall-patchworld-ingest-ground.html
3.33	1	27	1728	moto	VOLHOLLA/event-horizon-discovery.html
3.33	1	27	1708	moto	VOLHOLLA/maquina-de-guerra.html
3.33	1	27	1695	moto	VOLHOLLA/jukebox-time-collapse.html
3.33	1	27	1690	moto	VOLHOLLA/great-congregation.html
3.33	1	27	1679	moto	VOLHOLLA/cathedral-of-iv-drips.html
3.33	1	27	1674	moto	VOLHOLLA/cypher-mixtape.html
3.33	1	27	1655	moto	VOLHOLLA/crossroads-and-crown.html
3.33	1	27	1649	moto	VOLHOLLA/hei-shui-ben-liu.html
3.33	1	27	1643	moto	VOLHOLLA/black-water-run.html
3.33	1	27	1642	moto	VOLHOLLA/silence-in-the-757.html
3.33	1	27	1632	moto	VOLHOLLA/river-bank-waiting.html
3.33	1	27	1626	moto	VOLHOLLA/gole-yakh-memory.html
3.33	1	27	1624	moto	VOLHOLLA/cathedral-of-glass.html
3.33	1	27	1622	moto	VOLHOLLA/concreto.html
3.33	1	27	1609	ripples	audio/pilot/desktop/sources/links/theme.css
3.33	1	27	1609	moto	VOLHOLLA/cybernetic-winter.html
3.33	1	27	1602	moto	VOLHOLLA/solar-reveries.html
3.33	1	27	1597	moto	VOLHOLLA/neon-puddles.html
3.33	1	27	1596	moto	VOLHOLLA/ferrous-lament.html
3.33	1	27	1591	moto	VOLHOLLA/night-bus.html
3.33	1	27	1562	moto	VOLHOLLA/usb-legacy.html
3.33	1	27	1546	moto	VOLHOLLA/no-service.html
3.33	1	27	1536	moto	VOLHOLLA/throne-of-ash.html
3.33	1	27	889	core-age	inject_data.js
3.33	1	27	629	1000-small-futures	TEST_TOUR.html
3.30	1	26	924	sapir	script_2.py
3.26	1	25	1298	moto	VOLHOLLA/song.html
3.26	1	25	682	ripples	engine/Kimi_Agent_RIPPLES_ Worldtext Theory Summary (1) copy/ripples-suite/index.html
3.22	1	24	611	ripples	engine/Kimi_Agent_RIPPLES_ Worldtext Theory Summary (1) copy/app/src/components/ui/label.tsx
3.22	1	24	611	ripples	app/src/components/ui/label.tsx
3.22	1	24	611	ripples	app 2/src/components/ui/label.tsx
3.22	1	24	611	ripples	Kimi_Agent_RIPPLES_ Worldtext Theory Summary/app/src/components/ui/label.tsx
3.22	1	24	611	ripples	IMAGES/Kimi_Agent_RIPPLES_ Worldtext Theory Summary (1)/app/src/components/ui/label.tsx
3.18	1	23	1283	moto	VOLHOLLA/ghost-in-the-wires.html
3.18	1	23	616	ripples	engine/Kimi_Agent_RIPPLES_ Worldtext Theory Summary (1) copy/app/eslint.config.js
3.18	1	23	616	ripples	app/eslint.config.js
3.18	1	23	616	ripples	app 2/eslint.config.js
3.18	1	23	616	ripples	Kimi_Agent_RIPPLES_ Worldtext Theory Summary/app/eslint.config.js
3.18	1	23	616	ripples	IMAGES/Kimi_Agent_RIPPLES_ Worldtext Theory Summary (1)/app/eslint.config.js
3.14	1	22	878	island-ecology	make_videos_v4.py
3.09	1	21	8170351	operation-describe	Operative Ekphrasis, Thick Description/files/3309/embed.html
3.09	1	21	962	ripples	engine/Kimi_Agent_RIPPLES_ Worldtext Theory Summary (1) copy/app/src/components/ui/input.tsx
3.09	1	21	962	ripples	app/src/components/ui/input.tsx
3.09	1	21	962	ripples	app 2/src/components/ui/input.tsx
3.09	1	21	962	ripples	Kimi_Agent_RIPPLES_ Worldtext Theory Summary/app/src/components/ui/input.tsx
3.09	1	21	962	ripples	IMAGES/Kimi_Agent_RIPPLES_ Worldtext Theory Summary (1)/app/src/components/ui/input.tsx
3.09	1	21	624	ripples	audio/pilot/browser/index.html
3.09	1	21	540	ripples	audio/pilot/desktop/sources/scripts/listener.js
3.04	1	20	611	dust-empire	request.py
3.00	1	19	20580	mythos-canon	complete_presentations/index.html
3.00	1	19	629	metisim	INVASION/SEASON2/shangri_la.html
3.00	1	19	629	metisim	INVASION/SEASON2/prometheus.html
3.00	1	19	625	metisim	INVASION/SEASON2/valhalla.html
3.00	1	19	625	metisim	INVASION/SEASON2/hyperion.html
3.00	1	19	623	metisim	INVASION/SEASON2/olympus.html
3.00	1	19	623	metisim	INVASION/SEASON2/nirvana.html
3.00	1	19	623	metisim	INVASION/SEASON2/elysium.html
3.00	1	19	623	metisim	INVASION/SEASON2/camelot.html
3.00	1	19	623	metisim	INVASION/SEASON2/babylon.html
3.00	1	19	623	metisim	INVASION/SEASON2/arcadia.html
3.00	1	19	621	metisim	INVASION/SEASON2/xanadu.html
3.00	1	19	621	metisim	INVASION/SEASON2/utopia.html
3.00	1	19	621	metisim	INVASION/SEASON2/avalon.html
3.00	1	19	619	metisim	INVASION/SEASON2/atlas.html
3.00	1	19	617	metisim	INVASION/SEASON2/eden.html
3.00	1	19	565	ripples	engine/Kimi_Agent_RIPPLES_ Worldtext Theory Summary (1) copy/app/src/hooks/use-mobile.ts
3.00	1	19	565	ripples	app/src/hooks/use-mobile.ts
3.00	1	19	565	ripples	app 2/src/hooks/use-mobile.ts
3.00	1	19	565	ripples	Kimi_Agent_RIPPLES_ Worldtext Theory Summary/app/src/hooks/use-mobile.ts
3.00	1	19	565	ripples	IMAGES/Kimi_Agent_RIPPLES_ Worldtext Theory Summary (1)/app/src/hooks/use-mobile.ts
2.94	1	18	759	ripples	engine/Kimi_Agent_RIPPLES_ Worldtext Theory Summary (1) copy/app/src/components/ui/textarea.tsx
2.94	1	18	759	ripples	app/src/components/ui/textarea.tsx
2.94	1	18	759	ripples	app 2/src/components/ui/textarea.tsx
2.94	1	18	759	ripples	Kimi_Agent_RIPPLES_ Worldtext Theory Summary/app/src/components/ui/textarea.tsx
2.94	1	18	759	ripples	IMAGES/Kimi_Agent_RIPPLES_ Worldtext Theory Summary (1)/app/src/components/ui/textarea.tsx
2.89	1	17	50366	ripples	audio/orca/desktop/sources/links/main.css
2.83	1	16	732	tractor-dce-gyo	ball-jar-index-snippet.html
2.83	1	16	331	ripples	engine/Kimi_Agent_RIPPLES_ Worldtext Theory Summary (1) copy/app/src/components/ui/spinner.tsx
2.83	1	16	331	ripples	app/src/components/ui/spinner.tsx
2.83	1	16	331	ripples	app 2/src/components/ui/spinner.tsx
2.83	1	16	331	ripples	Kimi_Agent_RIPPLES_ Worldtext Theory Summary/app/src/components/ui/spinner.tsx
2.83	1	16	331	ripples	IMAGES/Kimi_Agent_RIPPLES_ Worldtext Theory Summary (1)/app/src/components/ui/spinner.tsx
2.77	1	15	456	metisim	cluster-metis.html
2.77	1	15	420	1000-small-futures	view-ring-memory.html
2.77	1	15	365	ripples	audio/pilot/desktop/sources/links/fonts.css
2.77	1	15	354	ripples	engine/Kimi_Agent_RIPPLES_ Worldtext Theory Summary (1) copy/app/vite.config.ts
2.77	1	15	354	ripples	app/vite.config.ts
2.77	1	15	354	ripples	app 2/vite.config.ts
2.77	1	15	354	ripples	Kimi_Agent_RIPPLES_ Worldtext Theory Summary/app/vite.config.ts
2.77	1	15	354	ripples	IMAGES/Kimi_Agent_RIPPLES_ Worldtext Theory Summary (1)/app/vite.config.ts
2.71	1	14	389	ripples	audio/pilot/browser/mock/require.js
2.64	1	13	400	opek	OPERATIVES/ocr_test.py
2.64	1	13	333	ripples	audio/gull/client/utils.js
2.64	1	13	276	ripples	engine/Kimi_Agent_RIPPLES_ Worldtext Theory Summary (1) copy/app/src/components/ui/skeleton.tsx
2.64	1	13	276	ripples	app/src/components/ui/skeleton.tsx
2.64	1	13	276	ripples	app 2/src/components/ui/skeleton.tsx
2.64	1	13	276	ripples	Kimi_Agent_RIPPLES_ Worldtext Theory Summary/app/src/components/ui/skeleton.tsx
2.64	1	13	276	ripples	IMAGES/Kimi_Agent_RIPPLES_ Worldtext Theory Summary (1)/app/src/components/ui/skeleton.tsx
2.64	1	13	265	life-star	helicopter.html
2.64	1	13	262	life-star	life-star.html
2.56	1	12	315	ripples	engine/Kimi_Agent_RIPPLES_ Worldtext Theory Summary (1) copy/app/index.html
2.56	1	12	315	ripples	app/index.html
2.56	1	12	315	ripples	app 2/index.html
2.56	1	12	315	ripples	Kimi_Agent_RIPPLES_ Worldtext Theory Summary/app/index.html
2.56	1	12	315	ripples	IMAGES/Kimi_Agent_RIPPLES_ Worldtext Theory Summary (1)/app/index.html
2.48	1	11	280	ripples	engine/Kimi_Agent_RIPPLES_ Worldtext Theory Summary (1) copy/app/src/components/ui/aspect-ratio.tsx
2.48	1	11	280	ripples	app/src/components/ui/aspect-ratio.tsx
2.48	1	11	280	ripples	app 2/src/components/ui/aspect-ratio.tsx
2.48	1	11	280	ripples	Kimi_Agent_RIPPLES_ Worldtext Theory Summary/app/src/components/ui/aspect-ratio.tsx
2.48	1	11	280	ripples	IMAGES/Kimi_Agent_RIPPLES_ Worldtext Theory Summary (1)/app/src/components/ui/aspect-ratio.tsx
2.40	1	10	413	sapir	script_1.py
2.40	1	10	293	sapir	script.py
2.40	1	10	230	ripples	engine/Kimi_Agent_RIPPLES_ Worldtext Theory Summary (1) copy/app/src/main.tsx
2.40	1	10	230	ripples	app/src/main.tsx
2.40	1	10	230	ripples	app 2/src/main.tsx
2.40	1	10	230	ripples	Kimi_Agent_RIPPLES_ Worldtext Theory Summary/app/src/main.tsx
2.40	1	10	230	ripples	IMAGES/Kimi_Agent_RIPPLES_ Worldtext Theory Summary (1)/app/src/main.tsx
2.08	1	7	194	latent-sculptor	src/ai/genkit.ts
1.95	1	6	2808208	operation-describe	Operative Ekphrasis, Thick Description/files/3332/an-advanced-guide-to-writing-prompts-for-midjourney-text-to-image-aa12a1e33b6.html
1.95	1	6	703	resonome-genetic-archive	deep-resonance-desktop/style.css
1.95	1	6	166	ripples	engine/Kimi_Agent_RIPPLES_ Worldtext Theory Summary (1) copy/app/src/lib/utils.ts
1.95	1	6	166	ripples	app/src/lib/utils.ts
1.95	1	6	166	ripples	app 2/src/lib/utils.ts
1.95	1	6	166	ripples	Kimi_Agent_RIPPLES_ Worldtext Theory Summary/app/src/lib/utils.ts
1.95	1	6	166	ripples	IMAGES/Kimi_Agent_RIPPLES_ Worldtext Theory Summary (1)/app/src/lib/utils.ts
1.95	1	6	80	ripples	engine/Kimi_Agent_RIPPLES_ Worldtext Theory Summary (1) copy/app/postcss.config.js
1.95	1	6	80	ripples	app/postcss.config.js
1.95	1	6	80	ripples	app 2/postcss.config.js
1.95	1	6	80	ripples	Kimi_Agent_RIPPLES_ Worldtext Theory Summary/app/postcss.config.js
1.95	1	6	80	ripples	IMAGES/Kimi_Agent_RIPPLES_ Worldtext Theory Summary (1)/app/postcss.config.js
1.79	1	5	211	latent-sculptor	next-env.d.ts
1.79	1	5	157	latent-sculptor	src/app/page.tsx
1.61	1	4	21988	eos	OUROBOROS/index.html
1.61	1	4	95	ripples	audio/pilot/desktop/sources/links/style.css
1.39	1	3	79	latent-sculptor	nanoid.d.ts
1.10	1	2	1519004	arkadu	ecology-data.js
1.10	1	2	118	resonome-genetic-archive	deep-resonance-desktop/renderer.js
0.69	1	1	5810886	tractor-dce-gyo	taxonomy_data.js
0.69	1	1	445692	operation-describe	worldtext-data.js
0.69	1	1	122454	fish-town	sankofa-docs.js
0.69	1	1	33111	abc-flix	TUBE/archive/arc_splice_operator_full_build (5).html
0.69	1	1	31645	abc-flix	TUBE/archive/arc_splice_operator_full_build (4).html
0.69	1	1	306	ripples	audio/pilot/desktop/sources/links/reset.css
0.69	1	1	88	the-republic	onyx-rep-backup.html
0.69	1	1	24	ripples	audio/pilot/browser/mock/electron.js
0.69	1	1	1	tractor-field-notes	index.html
0.69	1	1	1	potters-wheel	index.html
0.69	1	1	1	loving-grace	prd-03.html
0.69	1	1	1	looking-machine	index.html
0.69	1	1	1	iran-sugarscape-abm	Badindex.html
0.69	1	1	1	hyperclay-editor	index.html
